ID;Nom;Référence;Catégorie;Sous-catégorie;Sous-sous-catégorie;Description;Prix HT;Prix TTC;Prix HT Promo;Prix TTC Promo;En Promo;Stock;Disponible;Slug;SEO Titre;SEO Description;SEO Mots-clés;Couleurs;Date de création
09049c8f-615f-4502-8fc5-7766c0e43903; Câble Triphasé 32 A - 10m; Câble Triphasé 32 A - 10m;technique;sonorisation;materiel-dj;"**Câble Triphasé 32A – 10m : La puissance maîtrisée pour vos événements en Île-de-France.**

Assurez une alimentation électrique fiable et performante pour vos événements en Île-de-France avec notre câble triphasé 32A de 10 mètres. Indispensable pour les professionnels du son et de l'éclairage, ce câble robuste garantit une distribution optimale de l'énergie, évitant les coupures et assurant le bon fonctionnement de votre matériel DJ, sonorisation et jeux de lumière.

Que ce soit pour un mariage féérique en Seine-et-Marne (77), un séminaire d'entreprise dans les Yvelines (78) ou un événement institutionnel à Paris (75), ce câble vous offre la tranquillité d'esprit. Sa longueur de 10 mètres vous offre une grande flexibilité d'installation. Combinez-le avec nos groupes électrogènes et nos systèmes de distribution électrique pour une solution complète.

Simplifiez votre organisation événementielle en Île-de-France. Contactez ESIL-events pour la location de votre câble triphasé 32A et bénéficiez de notre expertise.";10;12;;;Non;0;Non;cable-triphase-32-a-10m-1;Location Câble Triphasé 32A Paris - Son Pro Événementiel;Besoin d'un câble triphasé 32A pour votre événement en Île-de-France ? Location fiable et pro, 10m, pour une sonorisation impeccable. Contactez ESIL-Events, lea;location cable triphasé 32a Paris, cable triphasé 32a 10m location, location materiel sonorisation evenementiel, location cable alimentation evenement, cable triphasé evenement Ile-de-France, location materiel dj professionnel paris, location cable triphasé mariage, alimentation electrique evenementiel, location materiel technique son paris, esil events;;30/07/2025
5ce633cf-9dde-4ce0-bd9c-591c40ce3b43; Enceinte Autonome sur Batterie ; Enceinte Autonome sur Batterie ;technique;sonorisation;sono-portable;"**L'Enceinte Autonome Chesley BAM 10 : Votre Son Nomade d'Exception en Île-de-France !**

Transformez vos événements en Île-de-France avec cette enceinte sur batterie. Mariages enchanteurs dans les Yvelines (78), séminaires dynamiques à Paris (75), ou cocktails réussis dans le Val-de-Marne (94) : profitez d'un son puissant et clair où que vous soyez. Connectivité Bluetooth, USB, XLR/Jack, et caddie intégré pour une mobilité optimale.

La BAM 10 offre un amplificateur intégré, un mixeur 3 canaux et 5.5h d'autonomie. Imaginez une conférence captivante en Seine-Saint-Denis (93) ou une animation sportive en Essonne (91). Dimensions : 38x37x61.2cm, poids : 18.6kg.

Combinez-la avec nos jeux de lumière pour une ambiance inoubliable. Pour une location simple et efficace en Île-de-France, contactez ESIL-events.";62.5;75;;;Non;0;Oui;enceinte-autonome-sur-batterie;Location Enceinte Autonome Paris | Son Pro Événementiel;Son nomade d'exception pour vos événements en Île-de-France ! Louez notre enceinte autonome sur batterie. Puissante, mobile et facile à utiliser. Demandez un de;location enceinte autonome sur batterie Paris, enceinte sono portable événementiel, location sono sans fil Île-de-France, sonorisation événement batterie, location enceinte Bluetooth événement, location enceinte autonome mariage Paris, sonorisation conférence mobile, location matériel sono professionnel, location enceinte portable Chesley BAM 10, location sono événementielle;;28/04/2025
4b3bf53c-f053-482c-b189-d1132f458f19; Location Bartop Metal-Slug ; Bartop Metal-Slug ;jeux;jeux-d-arcades;bartop;"<h2><br></h2><h3><strong style=""color: rgb(153, 51, 255);"">Caractéristiques</strong></h3><table><tbody><tr><td data-row=""1"">Caractéristique</td><td data-row=""1"">Détail</td></tr><tr><td data-row=""2""><strong>Dimensions</strong></td><td data-row=""2"">Hauteur : 75 cm, Largeur : 64 cm, Profondeur : 64 cm</td></tr><tr><td data-row=""3""><strong>Poids</strong></td><td data-row=""3"">40 kg</td></tr><tr><td data-row=""4""><strong>Alimentation</strong></td><td data-row=""4"">220 V</td></tr><tr><td data-row=""5""><strong>Nombre de joueurs</strong></td><td data-row=""5"">2 joueurs</td></tr><tr><td data-row=""6""><strong>Jeux inclus</strong></td><td data-row=""6"">+ 2 500 jeux rétro années 80-90</td></tr><tr><td data-row=""row-q54y""><br></td><td data-row=""row-q54y""><br></td></tr></tbody></table>";65;78;6;7.2;Non;0;Oui;bartop-metal-slug;Bartop Metal Slug à louer – ESIL EVENTS Paris, 75, Yvelines ;Location Bartop Metal Slug avec ESIL EVENTS à Paris, 75, Yvelines et Île-de-France. Compacte, rétro et +2 500 jeux pour une animation immersive et fun.;location bartop metal slug ile de france, bartop metal slug evenement, jeux arcade location paris, location jeux de cafe ile de france, animation evenement retro paris, location borne arcade metal slug, location jeux evenementiel 75, location bartop pas cher, animation gaming entreprise, esil events;;06/05/2025
40cfeb04-6a18-4a35-be67-e09a1f5ad749; Showbar 2x PAR, 2x Butterfly, Laser R/G ; Showbar 2x PAR, 2x Butterfly, Laser R/G ;technique;eclairage;projecteur-led;"**Illuminez vos événements en Île-de-France avec le Showbar ESIL-events !**

Transformez vos soirées, mariages et événements d'entreprise en spectacles lumineux inoubliables avec notre Kit Showbar. Combinez 2 PAR puissants, 2 effets Butterfly dynamiques et un laser R/G saisissant pour une ambiance festive garantie. Facile à installer et à utiliser, ce kit est idéal pour les DJs, salles de concert ou particuliers souhaitant impressionner leurs invités en région parisienne.

Créez des ambiances sur mesure grâce aux multiples modes (DMX, auto, musique) et aux effets stroboscopiques. Imaginez un mariage étincelant en Seine-et-Marne (77), une soirée d'entreprise mémorable dans les Yvelines (78), ou un événement institutionnel prestigieux à Paris (75). Dimensions compactes (280 x 150 x 135 mm) et poids léger (1,45 kg) pour une installation facile partout en Île-de-France.

Pour une expérience complète, associez le Showbar à notre service de régie son et lumière. Besoin d'un éclairage encore plus spectaculaire ? Explorez nos spots LED additionnels. Contactez ESIL-events dès aujourd'hui pour la location de votre Showbar en Île-de-France et faites briller votre événement !";62.5;75;;;Non;0;Oui;showbar-2x-par-2x-butterfly-laser-rg;location barre lights Showbar 2x PAR Location Paris;Illuminez vos événements en Île-de-France avec le Showbar led ESIL-events  Ambiance garantie pour mariages et soirées d'entreprise. facile et rapide à installer;Showbar 2x PAR Butterfly Laser R/G paris 75, location showbar paris 75, éclairage événementiel île de france, lumière soirée entreprise, location projecteur led paris, location matériel éclairage événementiel, effets lumière mariage 77 78 91 92 93 94 95, location lumière professionnelle paris, ambiance lumineuse événement,location barre lights Showbar led paris 75,location barre lights Showbar led pour mariage Yvelines 78;;02/05/2025
de707212-d76b-4882-adbd-b52773ff2095;Antenne UHF directionnelle active - JTS UDA-49A;Antenne UHF directionnelle active - JTS UDA-49A;technique;sonorisation;micros-et-pieds-de-micros;"L'antenne UHF directionnelle active JTS UDA-49A optimise la transmission sans fil de vos événements. Compacte (360x350x36mm, 350g), elle offre une portée UHF stable et puissante, idéale pour micros et casques sans fil.

Son installation est aisée sur trépieds (9/16mm). Son orientation directionnelle réduit les interférences, assurant un son cristallin. Branchement BNC et finition robuste garantissent une performance fiable.

Parfaite pour DJ, concerts ou conférences. Combinez-la avec nos systèmes son et lumières LED pour un événement techniquement impeccable. Un indispensable pour des transmissions sans fil fluides et professionnelles.

Mots-clés: antenne UHF, transmission sans fil, JTS UDA-49A, micro sans fil, matériel DJ.";12.5;15;;;Non;0;Oui;antenne-uhf-directionnelle-active-jts-uda-49a;Location Antenne UHF Directionnelle JTS UDA-49A | ESIL Events;Optimisez le son de vos événements avec l'antenne UHF JTS UDA-49A en location chez ESIL Events. Portée stable, installation facile. Solution pro pour DJ, concerts, conférences.;location antenne UHF directionnelle JTS UDA-49A, antenne UHF location événement, location antenne sans fil professionnelle, prix location antenne UHF, tarif location antenne JTS UDA-49A événement, location antenne UHF région parisienne, location matériel sonorisation professionnel, location antenne micro sans fil, antenne UHF pour événementiel, antenne directionnelle location France, location antenne UHF haut de gamme;;30/04/2025
55dbf9c7-ef0f-45f9-92b0-04d89e454ac3;Arcades enfants - Double simulateur voiture;Double simulateur voiture;jeux;jeux-enfants;arcades-enfants;"**Double Simulateur Voiture : Transformez vos événements en Île-de-France en circuits de course inoubliables !**

Offrez aux enfants un divertissement palpitant avec notre double simulateur. Idéal pour mariages, anniversaires, ou événements d'entreprise en Île-de-France (75, 77, 78, 91, 92, 93, 94, 95), il garantit excitation et rires. Facile à installer, il transforme n'importe quel espace en une zone de jeu captivante.

Imaginez les enfants s'affronter, stimulant l'ambiance festive! Combinez-le avec nos espaces lounge enfant et animations sur mesure pour une expérience ESIL-events complète en région parisienne. Parfait pour les professionnels recherchant un atout attractif lors de leurs événements.

Prix attractif (125€ TTC). Contactez ESIL-events, votre créateur d'événements inoubliables en Île-de-France, pour la location de ce simulateur et faites vrombir le plaisir !";105;126;;;Non;0;Oui;arcades-enfants-double-simulateur-voiture;Location Arcade Enfants - Double Simulateur Voiture |;Louez un double simulateur voiture pour enfants et dynamisez votre événement  animation garantis pour arbre de Noël ,anniversaire location  en Île-de-France ;Location Arcade enfants paris 75, Double simulateur voiture enfants yvelines 78, Location simulateur voiture enfants 75, Jeux de café et loisirs paris 75, Jeux & Animation IDF , Location jeux événementiel Yvelines 78, Animation enfant Paris 75, Location événementiel Île-de-France, Jeux pour enfants arbre de noel ,Location arcade pour enfant pour annversaire Paris 75,;;27/05/2025
4488bfac-e939-4435-84cc-1198d213b4e8;Arcades enfants - Pack 3 jeux;Pack 3 jeux;jeux;jeux-enfants;arcades-enfants;"**Arcades enfants : Transformez votre événement en Île-de-France en un paradis ludique !**

Offrez un festival de rires avec notre Pack 3 jeux arcade (Tape Taupe, Grenouille, Simulateur Voiture). Idéal pour particuliers, entreprises et institutions en Île-de-France, il dynamise instantanément vos événements. Imaginez les enfants captivés, créant une ambiance mémorable à chaque instant ! Prix HT : 295.83€.

Facile à installer, ce pack promet un succès garanti. Parfait pour mariages, anniversaires, séminaires, ou événements d'entreprise en région parisienne (75, 77, 78, 91, 92, 93, 94, 95). Combinez-le avec nos espaces lounge enfant et animations sur mesure pour une expérience inoubliable.

Contactez ESIL-events dès aujourd'hui et illuminez votre prochaine célébration en Île-de-France !";295;354;;;Non;0;Oui;arcades-enfants-pack-3-jeux;Location Arcades Enfants - Pack 3 Jeux en IDF ;Animez votre événement avec notre pack de 3 arcades enfants  (Tape Taupe, Grenouille, Voiture) pour les fêtes de fin d'années, Arbre de Noël en IDF et France ;Arcades enfants Paris 75, Pack 3 jeux enfants Yvelines 78, Jeux d'arcade location enfants Paris , Location jeux événementiel pour CE Paris , Animation enfantine, Jeux de café et loisirs, Événementiel enfants IDF, Location jeux enfants Île-de-France, Location jeux pour enfants Paris 75 ,Location bornes d'arcades pour fete fin d'année Paris 75,Location jeux enfants pour abre de Noel paris et france;;27/05/2025
328beea6-1805-4f92-9621-e310bc9bcbbc;Arcades enfants - Tape Grenouille;Tape Grenouille;jeux;jeux-enfants;arcades-enfants;"Arcades enfants - Tape Grenouille : L'animation ludique qui captive les plus jeunes !

Offrez un divertissement inoubliable aux enfants avec l'arcade ""Tape Grenouille"". Ce jeu de café et de loisirs, spécialement conçu pour les plus petits, est la promesse d'instants de joie et de rires lors de vos événements. Facile à installer, l'arcade ""Tape Grenouille"" s'intègre parfaitement à tout type d'espace dédié aux enfants.

Dynamisez votre événement avec cette animation interactive! Imaginez les enfants s'amusant autour de cette arcade, créant une ambiance festive et chaleureuse. Combinez-la avec nos espaces lounge enfant et notre service d'animation pour une expérience complète.

La location de l'arcade ""Tape Grenouille"" est une solution simple et efficace pour garantir le succès de votre événement auprès des plus jeunes. Contactez-nous pour plus d'informations !";105;126;;;Non;0;Oui;arcades-enfants-tape-grenouille;Location Arcade Enfant Tape Grenouille - Jeux Événementiel Premium;Animez vos événements avec l'arcade enfant Tape Grenouille ! Location de jeux de café premium pour événements en Île-de-France et partout en France. Demandez un devis personnalisé !;Arcades enfants Tape Grenouille, location arcade enfant, jeux événementiel, jeux de café et loisirs, animation enfant, location jeux Île-de-France, location jeux Paris, événementiel premium, location France entière, ESIL-events;;27/05/2025
df584545-5b09-4c75-a692-76f8f157df7c;Arcades enfants - Tape Taupe;Tape Taupe;jeux;jeux-enfants;arcades-enfants;"Arcade Tape Taupe : L'étincelle ludique qui illumine l'enfance !

Offrez aux plus jeunes une aventure palpitante avec l'arcade ""Tape Taupe"". Ce jeu de café et de loisirs, conçu par ESIL-events, transforme chaque événement en un festival de rires. Facile à installer, cette arcade captive l'attention et dynamise vos espaces enfants, créant une ambiance festive inoubliable.

Imaginez les enfants, les yeux pétillants, s'amusant autour de cette animation interactive. Pour une expérience complète, combinez ""Tape Taupe"" avec nos espaces lounge enfant et nos services d'animation sur mesure. ESIL-events, créateur d'événements inoubliables.

La location de l'arcade ""Tape Taupe"" est une solution simple et efficace pour garantir le succès de votre événement. Contactez-nous pour illuminer vos événements !";105;126;;;Non;0;Oui;arcades-enfants-tape-taupe;Location Arcade Tape Taupe Enfants - Jeux Événementiels Premium;Louez l'arcade Tape Taupe pour enfants et illuminez vos événements ! Jeux de café et loisirs premium disponibles à la location partout en France. ESIL-events : Votre partenaire événementiel en région parisienne et au-delà. Contactez-nous !;Arcade Tape Taupe, location arcade enfants, jeux événementiels, jeux de café et loisirs, animation enfantine, location jeux de café, événementiel enfant, location matériel événementiel, ESIL-events, location jeux Île-de-France, location jeux Paris, livraison France entière, jeux premium, animation sur mesure;;27/05/2025
c14445ca-f8c3-4003-a44d-b5883a2c1473;B·Hype M - Système Audio Portable avec Microphone Sans Fil, Bluetooth, USB;B·Hype M - Système Audio Portable avec Microphone Sans Fil, Bluetooth, USB;technique;sonorisation;sono-portable;"**B·Hype M : Votre Son Nomade d'Exception en Île-de-France !**

Le B·Hype M transforme vos événements, des mariages aux séminaires ! Ce système audio portable avec woofer 10"" et batterie longue durée (4h) offre puissance et mobilité. Facile à transporter grâce à ses roues et sa poignée, il assure un son clair et puissant partout en Île-de-France.

Bluetooth, USB, SD, micro sans fil : profitez d'une connectivité totale pour une ambiance personnalisée. Léger (12,5kg), il s'installe aisément. Dimensions : 300 x 568 x 301 mm. Pensez à l'associer à nos jeux de lumière pour une expérience immersive inoubliable à Paris, Seine-et-Marne ou Yvelines. Embase 35mm pour montage sur pied.

B·Hype M, c'est un son pro sans contraintes. Envie d'une sonorisation performante pour votre événement en Essonne, Hauts-de-Seine ou ailleurs en Île-de-France (75, 77, 78, 91, 92, 93, 94, 95)? Contactez ESIL-events pour une location sur mesure !";62.5;75;;;Non;0;Oui;bhype-m-systeme-audio-portable-avec-microphone-sans-fil-bluetooth-usb;Location Enceinte Portable sur batterie Bluetooth B·Hype;Louez l'enceinte portable B·Hype M pour vos événements ! Son pro, micro sans fil, Bluetooth et USB. Idéal pour mariages, séminaires ,animation commerciale ;location enceinte bluetooth événement paris , location enceinte portable avec micro sans fil, location système audio B·Hype 75, location enceinte événementielle sur batterie 78, location enceinte portable pour mariage, location enceinte portable Paris, location enceinte région parisienne, location sono événement France, location enceinte professionnelle, location enceinte haut de gamme, enceinte portable sur batterie bluetooth paris 75, location matériel sonorisation séminaire,location enceinte autonome IDF;;28/04/2025
87ee9d62-a1d2-4972-b87d-6fa2db4033bb;Barre d’Alimentation 4 x 2 Kw;Barre d’Alimentation 4 x 2 KW;technique;distribution;armoire-de-distribution;"**Barre d'Alimentation 4 x 2 KW - L'énergie maîtrisée pour des événements inoubliables en Île-de-France !**

Besoin d'une distribution électrique fiable pour illuminer vos événements en région parisienne ? La barre d’alimentation 4 x 2 KW est la solution idéale. Dotée de 4 prises Schuko de haute qualité et d'un câble Neutrik Powercon, elle assure une alimentation stable pour l'éclairage et la sonorisation de vos événements. Son mécanisme coulissant optimise l'espace, tandis que sa légèreté (4,5 kg, 150 cm) facilite l'installation, que ce soit dans le 75 ou le 92.

Particuliers, sublimez vos mariages et soirées à thème. Professionnels du 77, du 78, ou du 91, optimisez l'alimentation de vos concerts et séminaires. Institutions du 93, du 94, ou du 95, garantissez la sécurité de vos événements. Combinez-la avec nos projecteurs et systèmes son pour une ambiance immersive.

Choisissez la tranquillité d'esprit avec ESIL-events. Contactez-nous pour louer votre barre d'alimentation 4 x 2 KW et illuminez vos événements en Île-de-France !";12.5;15;;;Non;0;Oui;barre-dalimentation-4-x-2-kw;Barre Alimentation 4x2kW Location Paris - Événementiel Pro;Éclairez vos événements ! Location barre d'alimentation 4x2kW à Paris & IDF. Fiabilité pro, installation facile. Contactez ESIL-events, leader événementiel!;barre alimentation 4x2kW location, location distribution électrique événementiel Paris, location armoire distribution 2kW Île-de-France, alimentation événementielle professionnelle, location powercon Paris, location matériel électrique événementiel, distribution électrique mariage Paris, alimentation sonorisation événement, location solution électrique événementielle, ESIL-events;;05/05/2025
c8f11548-eb27-482a-a4b6-433cc282a5df;BeamZ STARCOLOR 720W;BeamZ STARCOLOR 720W;technique;eclairage;projecteur-led;"**Transformez vos événements en Île-de-France avec le BeamZ STARCOLOR 720W !**

Ce projecteur LED RGBWA, véritable caméléon lumineux, métamorphose tout espace. Que ce soit pour sublimer un mariage romantique, dynamiser un séminaire d'entreprise ou illuminer un événement institutionnel, ses 48 LEDs de 15W offrent un mixage de couleurs exceptionnel. Son indice de protection IP66 le rend parfait pour vos événements en intérieur comme en extérieur, même en Seine-et-Marne (77) ou dans les Yvelines (78).

Silencieux et puissant, le STARCOLOR 720W est idéal pour la location ou une installation durable. Facile à contrôler via DMX, en mode autonome, ou grâce à ses programmes préinstallés, il s'adapte à tous vos besoins. Imaginez-le combiné à nos systèmes son et à nos effets spéciaux pour une ambiance inoubliable dans les Hauts-de-Seine (92) ou en Seine-Saint-Denis (93).

Avec son boîtier en fonte d'aluminium et son verre trempé, ce projecteur est un investissement durable. Sa flexibilité créative et sa robustesse en font un allié de choix pour tous vos événements en Île-de-France, que ce soit dans le Val-de-Marne (94) ou le Val-d'Oise (95). Contactez ESIL-events pour illuminer vos projets !";62.5;75;;;Non;0;Oui;beamz-starcolor-720w;Double projecteur STARCOLOR 720W  Location Projecteur LED;Illuminez vos événements en Île-de-France avec le BeamZ STARCOLOR 720W. Location projecteur LED idéale  pour mariages, soirées, et événements divers. ;location BeamZ STARCOLOR 720W paris 75, location projecteur LED forte puissance yvelines78, location lumière événementielle IDF , éclairage événementiel Île-de-France, location projecteur mariage, éclairage scène Paris, location matériel éclairage événementiel, projecteur LED RGBWA, location lumière soirée entreprise,location Double projecteur STARCOLOR 720W  IDF;;02/05/2025
e9fcd2ec-06a6-4b3c-9b27-6e949fa25f2e;Black Gun 400W  UV;Black Gun 400W - UV;technique;eclairage;projecteur-uv;"**Illuminez vos nuits en Île-de-France avec la Black Gun 400W UV !**

Créez une ambiance électrisante pour vos soirées fluo, disco ou à thème avec notre Black Gun 400W UV. Parfaite pour les particuliers comme pour les professionnels en Île-de-France (75, 77, 78, 91, 92, 93, 94, 95), cette lumière noire révèle l'éclat des éléments fluorescents dans des espaces jusqu'à 100m². Imaginez l'effet saisissant sur vos invités, sublimant maquillage UV et décorations lumineuses.

Livrée en pack de deux avec pieds en T optionnels pour une diffusion optimale, la Black Gun 400W UV s'intègre facilement à tous vos événements en Île-de-France. Idéale pour les bowling, tennis de nuit ou soirées privées inoubliables, elle transformera votre espace en un lieu vibrant. Combinez-la avec nos jeux de lumière et effets spéciaux pour une expérience immersive.

Prêt à illuminer votre prochain événement en Île-de-France ? Contactez ESIL-events et laissez la Black Gun 400W UV créer une ambiance mémorable.";29.17;35;;;Non;0;Oui;black-gun-400w-uv;Black Gun 400W UV  Location Lumière Noire Événementiel IDF;Électrisez vos soirées en Île-de-France avec la Black Gun 400W UV à lampe ! Effet fluo garantie, pour un mariage ,une soirée disco ou autres évents.;location Black Gun 400W UV paris 75 , location lumière noire événementiel Yvelines 78, projecteur UV Île-de-France, lumière noire soirée fluo IDF, location matériel événementiel 75, éclairage événementiel UV Paris 75, soirée UV entreprise IDF, location Black Gun 78, projecteur UV puissant, effet lumière noire pour soirée disco ;;05/05/2025
82938893-2a17-4d6a-a266-d3295359d17c;Blinder de scène 4 x LED COB de 50 W;Blinder de scène;technique;eclairage;projecteur-led;"**Blinder de scène 4 x LED COB 50W : Illuminez vos événements en Île-de-France !**

Sublimez vos événements avec notre blinder de scène 4 x LED COB 50W. Ce projecteur LED puissant transforme instantanément l'ambiance, idéal pour les mariages intimistes en Seine-et-Marne (77), les séminaires d'entreprise dans les Hauts-de-Seine (92) ou les événements institutionnels à Paris (75). Sa lumière intense et homogène crée un impact visuel saisissant, captivant votre public.

Ce blinder de scène offre une source lumineuse performante et polyvalente. Parfait en complément de nos jeux de lumière et régies son, il souligne les moments clés de vos événements. Facile à installer, il s'adapte à tous les espaces, des salles de réception du Val-d'Oise (95) aux scènes du Val-de-Marne (94).

Pour une ambiance inoubliable en Essonne (91) ou dans les Yvelines (78), pensez à la location de notre blinder de scène. Contactez ESIL-events, votre partenaire lumière en Île-de-France, pour un événement réussi.";25;30;;;Non;0;Oui;blinder-de-scene-4-x-led-cob-de-50-w;Blinder LED Scène 4x50W - Location Pro Île-de-France;Illuminez vos événements ! Location blinder LED scène 4x50W pro en Île-de-France. Impact visuel garanti pour vos concerts .Devis rapide et personnalisé. ;location blinder led scène paris 75 , location blinder led 4x50w yvelines 78 , location projecteur led événementiel, blinder scène île-de-france, éclairage scène location paris 75, location lumière événement paris, projecteur led cob location versailles 78, matériel éclairage événementiel, eclairage evenementiel professionnel 78 , blinder led mariage yvelines 78,location blinder led scène concert paris 75,location blinder led scène concert Versailles ;;06/08/2025
b39fcfca-ccd2-4eb3-bf1c-3567525d4f88;Boitier Électrique 32 A Tri - PCE;Boitier Électrique 32 A Tri - PCE ;technique;distribution;armoire-de-distribution;"**Maîtrisez l'énergie de vos événements en Île-de-France avec le Boîtier Électrique PCE 32A Tri !**

ESIL-events vous propose une solution de distribution électrique fiable et sécurisée pour tous vos événements, des mariages intimistes aux concerts grandioses en Île-de-France. Ce boîtier PCE 32A Tri, robuste et conforme aux normes, assure une alimentation optimale pour votre sonorisation, éclairage et autres équipements essentiels. Avec ses 6 disjoncteurs 16A et ses 6 embases femelles, il offre une gestion simple et sécurisée de l'énergie, même en extérieur et sous la pluie.

Particuliers, professionnels ou institutions, ce boîtier est la garantie d'une alimentation maîtrisée pour vos événements en région parisienne (75) ou dans les Yvelines (78). Imaginez une soirée sans interruption, un séminaire sans coupure de courant, un mariage illuminé sans risque ! Combiné à nos services de régie son et lumière, il vous assure une tranquillité d'esprit inégalée. Sa résistance au fil incandescent à 650 °C confirme une sécurité maximale.

Prêt à simplifier l'organisation de vos événements en Seine-et-Marne (77), dans l'Essonne (91) ou le Val-d'Oise (95) ? Louez dès aujourd'hui ce boîtier électrique et profitez d'une distribution d'énergie fiable et conforme, pour un événement réussi en toute sécurité. Contactez ESIL-events pour en savoir plus sur nos solutions adaptées à vos besoins en Île-de-France !";54.17;65;;;Non;0;Oui;boitier-electrique-32-a-tri-pce;Boîtier Électrique 32A Tri PCE - Location Événementiel IDF;Sécurisez vos événements en Île-de-France avec le boîtier électrique 32A Tri PCE ! Distribution fiable, même sous la pluie. Location premium, service expert ;location boitier electrique 32a tri paris, boitier electrique pce evenementiel idf, location armoire distribution electrique 32a, alimentation electrique evenementielle triphasée, location materiel electrique evenementiel ile-de-france, boitier de distribution electrique 32a tri, location boitier electrique mariage paris, distribution electrique evenementielle securisee, location boitier electrique concert idf, location alimentation triphasée evenement;;05/05/2025
e5bb3020-fecc-4537-b8fe-09f79a6095e2;Borne selfie ;Borne photobooth ;jeux;bornes-photos;photobooth;"**Borne Selfie Miroir 21,5"" : L'Animation Photo Chic et Fun pour Vos Événements en Île-de-France**

Sublimez vos événements en Île-de-France avec notre Borne Photo Miroir 21,5"" ! Ce photobooth nouvelle génération transforme chaque cliché en un souvenir mémorable. Mariages, séminaires, soirées d'entreprise : offrez à vos invités une animation interactive et élégante. Option fond vert Technologie™ et encadrement personnalisé disponibles.

Immortalisez des moments uniques grâce à 200 tirages de haute qualité inclus. Facile à installer (220V), ce miroir interactif s'adapte à tous vos espaces en Île-de-France. Imaginez l'ambiance festive en l'associant à notre régie son & lumière pour un événement sur-mesure, que vous soyez à Paris, en Seine-et-Marne ou dans les Yvelines.

Créez l'événement qui vous ressemble avec ESIL-events. Contactez-nous pour une location de borne photo miroir inoubliable en Île-de-France et transformez votre réception en un succès retentissant !";350;420;;;Non;0;Oui;borne-selfie;Location Borne photobooth selfie  effet Miroir en IDF ;Louez notre Borne selfie  effet  Miroir pour vos événements tel que mariage , prestation d'entreprise , anniversaire . Animation garantie  Tirages inclus.;location borne selfie photo miroir paris 75, Location borne photo miroir événement IDF, photobooth miroir location Yvelines 78, location photobooth événementiel Yvelines 78, animation événementielle originale, Borne photo mariage 78, borne photo entreprise, prix location borne selfie  miroir, tarif photobooth miroir Versailles 78, location borne photo région parisienne, borne photo miroir professionnelle IDF , Location borne selfie  miroir pour entreprise paris , location borne photo avec tirages paris , borne photo pour selfie  miroir fond vert;;07/05/2025
768fdb39-3822-49de-a76a-e3a67643defe;Boule à Facettes 30 cm;Boule à Facettes 30 cm ;technique;eclairage;boule-a-facette;"**Illuminez vos événements en Île-de-France avec la Boule à Facettes ESIL-events !**

Notre Boule à Facettes de 30 cm transforme tout espace en dancefloor scintillant. Particuliers, professionnels ou institutions, offrez une ambiance rétro et festive inoubliable. Idéale pour mariages, soirées privées ou événements d'entreprise en Île-de-France, elle projette des éclats lumineux spectaculaires.

Compacte et facile à installer, elle se combine parfaitement avec un moteur (non inclus) pour une rotation à 360°. Imaginez l'effet saisissant lors de vos événements dans le 77, le 78 ou le 91 ! Une touche disco garantie pour vos soirées dans le 92, le 93, le 94 ou le 95.

ESIL-events, votre partenaire lumière en Île-de-France. Envie d'un événement étincelant ? Contactez-nous pour la location de votre Boule à Facettes dès aujourd'hui !";10;12;;;Non;0;Oui;boule-a-facettes-30-cm;Boule à Facettes 30cm - Location Lumière  Île-de-France;Illuminez vos événements ! Louez notre boule à facettes 30cm en Île-de-France. Ambiance disco garantie pour mariages, soirées & événements corporate. Contactez ;location boule à facettes 30 cm IDF, location boule à facettes Yvelines 78, location lumière événementiel IDF, animation soirée Île-de-France, matériel événementiel, éclairage disco paris 75, location matériel événementiel Paris, location boule à facettes mariage, location matériel lumière;;05/05/2025
41da0279-9b17-4a9a-b6ba-d90d0bc45040;Boule à Facettes 40 cm;Boule à Facettes 40 cm ;technique;eclairage;boule-a-facette;"**Illuminez vos événements en Île-de-France avec l'éclat signature ESIL-events !**

Notre Boule à Facettes 40cm transforme chaque espace en une piste de danse scintillante. Idéale pour les particuliers qui rêvent d'un mariage féérique, les professionnels organisant une soirée d'entreprise mémorable, ou les institutions souhaitant un gala prestigieux en Île-de-France. Ses miroirs en verre de qualité diffusent une lumière spectaculaire, créant une ambiance disco inoubliable.

Facile à installer, robuste, elle se combine parfaitement avec nos jeux de lumière et régies son & lumière pour un effet optimal. Imaginez un séminaire en Seine-et-Marne (77) dynamisé par cette touche festive, ou une soirée privée dans les Yvelines (78) sublimée par son éclat unique. Compatible avec un moteur (non inclus) pour une rotation hypnotique.

Offrez à vos événements en Île-de-France une dimension spectaculaire. Contactez ESIL-events pour la location de cette boule à facettes et découvrez comment nous pouvons transformer votre vision en réalité, que ce soit à Paris (75), dans le Val-d'Oise (95) ou ailleurs.";14.17;17;;;Non;0;Oui;boule-a-facettes-40-cm;Location Boule à Facettes 40cm Location Paris - IDF;Illuminez vos événements en Île-de-France avec notre Boule à Facettes 40cm. Location premium pour soirées inoubliables. Demandez un devis personnalisé ! ✨;location boule à facettes 40 cm IDF, location boule à facettes paris, location matériel événementiel île-de-france, éclairage événementiel paris, lumière disco événement Yvelines 78, animation soirée entreprise Paris 75, location boule à facette mariage, matériel technique événementiel, location lumière événementielle;;05/05/2025
2635ffb4-53d5-4463-95c5-4bac8dc6fd40;Boule à Facettes 50 cm ;Boule à Facettes 50 cm ;technique;eclairage;boule-a-facette;"**Illuminez vos événements en Île-de-France avec l'éclat incomparable de notre Boule à Facettes 50 cm ESIL-events !**

Transformez vos soirées en moments magiques avec cette boule à facettes de 50 cm, idéale pour des événements grandioses. Particuliers, professionnels ou institutions, elle apporte une dimension spectaculaire à vos galas, soirées disco ou spectacles. Imaginez l'impact visuel dans un mariage en Seine-et-Marne (77), un séminaire dans les Hauts-de-Seine (92) ou un événement corporate à Paris (75).

Fabriquée avec des miroirs en verre de haute qualité, cette boule robuste projette des faisceaux lumineux hypnotiques dans tout l'espace. Complétez votre installation avec un moteur de rotation (non inclus) pour un effet maximal. Combinez-la avec nos jeux de lumière et régie son pour une ambiance inoubliable.

ESIL-events, votre partenaire lumière en Île-de-France, vous offre une expérience événementielle unique. Prêt à faire briller votre prochain événement dans le Val-d'Oise (95) ou l'Essonne (91) ? Contactez-nous pour une location sur-mesure et illuminez votre événement !";18.33;22;;;Non;0;Oui;boule-a-facettes-50-cm;Location Boule à Facettes 50cm - Effet Disco Garanti ;Illuminez vos événements avec notre boule à facettes 50cm ! Location idéale chez esil-events Yvelines pour soirées disco, galas et événements professionnels. ;location boule à facettes 50cm IDF, location boule à facettes événement pARIS 75, prix location boule à facettes 78, location boule à facettes région parisienne, location jeux de lumière événementiel Paris 75, location matériel éclairage professionnel, comment utiliser boule à facettes, boule à facettes disco location Yvelines 78, service location boule à facettes France entière, location boule à facettes haut de gamme, location boule à facettes pour gala, location boule à facettes pour soirée entreprise;;05/05/2025
9ded80b0-8ae6-4112-a216-fd0ccb119b28;Boule à Facettes 75 cm ;Boule à Facettes 75 cm ;technique;eclairage;boule-a-facette;"**Illuminez vos événements en Île-de-France avec notre boule à facettes 75 cm !**

Transformez instantanément vos soirées en une expérience inoubliable ! Que vous soyez un particulier organisant un mariage étincelant, un professionnel planifiant un événement d'entreprise dynamique, ou une institution cherchant à créer une ambiance festive, cette boule à facettes de 75 cm est l'élément clé. Ses miroirs réfléchissants projettent des faisceaux lumineux hypnotiques, métamorphosant n'importe quel espace en une piste de danse scintillante. Facile à installer sur trépied ou en suspension, elle s'adapte à toutes vos configurations en Île-de-France, que ce soit dans le 75, 78 ou le 92.

Imaginez l'effet spectaculaire lors d'un mariage, combinée à nos projecteurs LED et notre service de régie son et lumière, pour une ambiance disco-chic inégalée. Pour les professionnels, elle dynamise vos séminaires et soirées d'entreprise. Pour les institutions, elle apporte une touche festive à vos événements culturels. Compatible avec un moteur pour une rotation fluide (vendu séparément), elle est idéale pour les soirées dansantes, anniversaires et fêtes privées.

Faites briller vos événements en Île-de-France grâce à ESIL-events. Contactez-nous pour réserver votre boule à facettes et découvrez nos offres de location de matériel événementiel dans le 91, 93 ou 94.";41.67;50;;;Non;0;Oui;boule-a-facettes-75-cm;Location Boule à Facettes 75cm - Éclairage Événementiel ;Illuminez vos événements avec notre boule à facettes 75cm ! Location de matériel d'éclairage professionnel pour soirées, mariages, et événements d'entreprise .;location boule à facettes 75cm IDF, location boule à facettes 75 cm événement Paris 75, prix location boule à facettes 78 Yvelines , tarif location boule à facettes événementiel IDF , location jeux de lumière disco, location boule à facettes géante  région parisienne, location boule à facettes 75 cm géante mariage, location boule à facettes professionnel, comment installer une boule à facettes pour un événement, location éclairage événementiel France;;05/05/2025
e0944782-772e-498c-b67b-663dbd16efeb;Boule lumineuses 60 cm RGB;Boule lumineuses 60 cm RGB;technique;eclairage;mobilier-lumineux;"**Illuminez vos événements en Île-de-France avec nos Boules Lumineuses RGB 60cm !** Créez une ambiance féérique et mémorable. Particuliers, professionnels ou institutions, nos boules LED métamorphosent mariages, séminaires et soirées. Location week-end seulement.

Ces sphères de 60cm en polyéthylène blanc, résistantes intérieur/extérieur (selon kit électrique), captivent l'attention sans encombrement. Imaginez-les délimiter une allée, sublimer un jardin ou illuminer une piscine. Ampoule et fixation non incluses : personnalisez votre éclairage.

Sublimez votre événement en Île-de-France ! Pensez à les associer à nos jeux de lumière et mobilier lounge pour une atmosphère inoubliable, que ce soit dans le 75 ou le 92.

Contactez ESIL-events pour illuminer vos événements en Île-de-France et découvrez nos options de location flexibles !";20.83;25;;;Non;40;Oui;boule-lumineuses-60-cm-rgb;Boule Lumineuse RGB 60cm - Location  Île-de-France;Illuminez vos événements en Île-de-France avec nos boules lumineuses RGB 60cm ! Ambiance féérique garantie. Location week-end. Contactez-nous pour un devis pers;Location boule lumineuse 60 cm RGB IDF, location boule lumineuse événementiel Paris, éclairage événementiel Île-de-France, location mobilier lumineux RGB Yvelines 78, décoration lumineuse mariage paris 75, location matériel lumière événement, éclairage soirée entreprise, location boule led Paris, mobilier lumineux événementiel, ambiance lumineuse festive;;12/07/2025
b8608153-10fc-4081-ac01-7b2a61305f58;Boules lumineuses 20 cm mobilier extérieur ;Boules lumineuses 20cm mobilier extérieur ;technique;eclairage;mobilier-lumineux;"**Illuminez vos événements en Île-de-France avec l'élégance féérique des boules lumineuses ESIL-events !**

Transformez vos espaces avec nos boules lumineuses de 20cm, disponibles à la location pour sublimer mariages, séminaires ou réceptions privées. Créez une ambiance chaleureuse et personnalisée grâce à leur éclairage LED adaptable. En polyéthylène blanc résistant, elles s'adaptent à l'intérieur comme à l'extérieur.

Idéales pour délimiter des allées, décorer des jardins ou illuminer les abords de piscine, nos boules lumineuses métamorphosent vos lieux en espaces enchanteurs. Combinez-les avec nos projecteurs et jeux de lumière pour une scénographie inoubliable. Parfaites pour vos événements en Île-de-France, du 75 au 95 !

Offrez à vos invités une expérience unique et mémorable. Contactez ESIL-events pour illuminer vos événements avec style et raffinement, partout en Île-de-France.";12.5;15;;;Non;40;Oui;boules-lumineuses-20-cm-mobilier-exterieur;Location Boules Lumineuses 20cm Location Île-de-France;Illuminez vos événements en Île-de-France avec nos boules lumineuses 20cm ! ✨ Ambiance féérique garantie pour mariages, séminaires. Location premium, service pr;boules lumineuses 20cm location, location boules lumineuses événementiel, mobilier lumineux extérieur Île-de-France, éclairage événementiel mariage Yvelines 78, location matériel lumière Paris, location décoration lumineuse événement, location boules lumineuses LED, location éclairage événementiel professionnel, boules lumineuses mariage Île-de-France, location mobilier lumineux 75;;12/07/2025
82e87558-395e-4e16-9b0e-96ceb2d91cd2;Câble Triphasé 32 A - 10m ;Câble Triphasé 32 A - 10m ;technique;distribution;cables;"""Le câble triphasé 32 A de 10 mètres est une solution fiable pour alimenter vos équipements électriques lors de vos événements. Ce câble est conçu pour fournir une alimentation stable et sécurisée, que ce soit pour un traiteur, un chapiteau, ou des éclairages extérieurs. Il est disponible en différentes longueurs, allant de 5 à 100 mètres, afin de répondre aux besoins spécifiques de votre installation.

Facile à utiliser et très robuste, ce câble est parfait pour les événements nécessitant une distribution électrique fiable. Que vous soyez un professionnel ou un particulier, ce câble vous permettra de connecter rapidement et en toute sécurité vos équipements à une source d'alimentation triphasée.""";10;12;;;Non;0;Oui;cable-triphase-32-a-10m;Location Câble Triphasé 32A - 10m | Alimentation Événementielle;Louez un câble triphasé 32A de 10m pour une alimentation électrique fiable et sécurisée lors de vos événements. Idéal pour traiteurs, chapiteaux et éclairages. Location professionnelle partout en France.;location cable triphasé 32A, cable triphasé 32A location, location cable alimentation événement, prix location cable triphasé, tarif location cable triphasé evenement, location cable triphasé region parisienne, location cable triphasé professionnel, alimentation electrique evenement location, location cable electrique haute puissance, cable triphasé 32A 10m location prix, location cable triphasé 32A pas cher, quel cable triphasé pour evenement;;05/05/2025
c8e02f88-62d2-4975-926a-34102698c38c;Câble Triphasé 32 A - 20m;Câble Triphasé 32 A - 20m;technique;distribution;cables;"**Accroche :** Évitez les pannes ! Sécurisez l'alimentation de vos événements en Île-de-France avec notre câble triphasé 32A.

**Description :** Ce câble triphasé 32A de 20 mètres assure une distribution électrique fiable et sécurisée pour tous vos besoins, du traiteur au chapiteau, en passant par l'éclairage extérieur. Sa robustesse et sa facilité d'utilisation en font un allié de choix pour particuliers, professionnels et institutions en Île-de-France.

**Bénéfices :** Pour les particuliers, il est idéal pour les mariages ou fêtes. Pour les pros, il garantit l'alimentation de vos séminaires et salons. Les institutions apprécieront sa fiabilité pour les événements publics. Combinez-le avec nos groupes électrogènes ESIL pour une autonomie totale.

**Conclusion :** Ne laissez rien au hasard ! Louez votre câble triphasé 32A chez ESIL-events et profitez d'une énergie stable pour un événement réussi, partout en Île-de-France (Paris, Seine-et-Marne, Yvelines...).";20.83;25;;;Non;0;Oui;cable-triphase-32-a-20m;Location Câble Triphasé 32A 20m - Événementiel IDF ;Sécurisez vos événements en Île-de-France avec notre câble triphasé 32A de 20m. Fiabilité garantie pour traiteurs, éclairage et plus. Louez dès maintenant pour ;location câble triphasé 32A, câble triphasé événementiel Paris, location alimentation électrique événement, location câble 32A 20m Île-de-France, câble triphasé location pas cher, distribution électrique événementiel, location matériel événementiel technique, alimentation traiteur événement, câble triphasé 32A professionnel;;05/05/2025
db80ea96-5f91-4fb8-9f6a-114c65581b2a;Câble Triphasé 63 A - 20m;Câble Triphasé 63 A - 20m ;technique;distribution;cables;"**Domptez la puissance électrique de vos événements en Île-de-France !** Le câble triphasé 63A - 20m d'ESIL-events est votre allié pour une alimentation fiable et sécurisée. Particuliers, professionnels ou institutions, ce câble robuste assure une distribution optimale de l'énergie pour vos éclairages puissants, sonorisation immersive et équipements exigeants, que ce soit dans le 75 ou le 93.

Conçu pour l'intérieur comme l'extérieur, ce câble de 20 mètres (disponible en plusieurs longueurs) répond aux normes de sécurité les plus strictes. Imaginez un mariage féérique en Seine-et-Marne (77) illuminé sans faille, un séminaire d'entreprise dynamique dans les Hauts-de-Seine (92) avec un son cristallin, ou un événement institutionnel prestigieux dans les Yvelines (78) alimenté en toute sérénité.

Associez ce câble triphasé à nos solutions d'éclairage LED et de sonorisation haut de gamme pour une expérience événementielle inoubliable. Besoin d'une installation complète dans le Val-d'Oise (95) ou l'Essonne (91) ? Contactez ESIL-events pour une location sur mesure et faites briller vos événements en Île-de-France!";37.5;45;;;Non;0;Oui;cable-triphase-63-a-20m;Câble Triphasé 63A 20m Location Paris - ESIL-Events;Alimentez vos événements avec fiabilité ! Louez le câble triphasé 63A 20m premium d'ESIL-Events, leader à Paris Île-de-France. Sécurité garantie, livraison rapi;câble triphasé 63A 20m, location câble triphasé, location matériel événementiel Paris, distribution électrique événementiel, alimentation événementielle Île-de-France, location câble puissance, câble triphasé événement, ESIL-Events, location matériel technique Paris, location câble 63A;;05/05/2025
f1d61b66-1e99-45d1-94fa-6a2027a937da;Château Gonflable Caserne Pompier ;Château Gonflable Caserne Pompier;jeux;structures-gonflables;chateaux-gonflables;"Faites vivre aux enfants l'expérience unique d'une mission de pompiers avec notre Château Gonflable Caserne Pompier ! Parfait pour les fêtes d’anniversaire, événements scolaires ou tout autre rassemblement, ce château gonflable immersif saura captiver petits et grands.

Avec une dimension de 7,50 mètres de longueur, 5 mètres de largeur, et 4 mètres de hauteur, il offre un espace de jeu spacieux et sécurisé pour 12 à 15 enfants. Ce modèle ne comprend pas de toboggan, mais dispose d’un grand air de jeu pour sauter, courir et s’amuser sans limite.";274.17;329;;;Non;0;Non;chateau-gonflable-caserne-pompier;Location Château Gonflable Caserne Pompier - ESIL Events;Louez un château gonflable Caserne Pompier pour un événement inoubliable ! Sécurisé, spacieux et idéal pour les anniversaires. Livraison et installation partout en France. Demandez un devis !;location château gonflable caserne pompier, location château gonflable pompier anniversaire, tarif location château gonflable pompier, prix location château gonflable pompier événement, location château gonflable région parisienne, location structure gonflable pompier professionnelle, château gonflable pompier pour kermesse, location jeux gonflables pompier France, location château gonflable pompier pas cher, location structure gonflable pompier haut de gamme;;07/05/2025
6b0a8975-6770-4f9f-9ce3-278df729c29c;Château Gonflable Croco;Château Gonflable Croco;jeux;structures-gonflables;chateaux-gonflables;"Plongez dans l’univers sauvage avec notre Château Gonflable Croco ! Ce jeu gonflable au design unique, représentant un crocodile, apportera une touche d’aventure et de fun à vos événements. Parfait pour les anniversaires d'enfants, les fêtes scolaires ou tout autre événement familial, ce château gonflable divertira les petits invités tout en garantissant leur sécurité.

Le Château Gonflable Croco mesure 5 mètres de longueur, 5,80 mètres de largeur et 3,50 mètres de hauteur, et peut accueillir 10 à 12 enfants simultanément. Il est équipé d’un petit toboggan qui offrira aux enfants des moments de glisse et de rigolade.";258.33;310;;;Non;0;Oui;chateau-gonflable-croco;Location Château Gonflable Croco - ESIL-Events : Fun Garanti !;Louez un château gonflable Croco pour un événement inoubliable ! Sécurité et fun garantis pour les enfants. Devis rapide et installation professionnelle en France.;location chateau gonflable croco, chateau gonflable crocodile location, location jeux gonflables anniversaire, tarif location chateau gonflable, prix location chateau gonflable croco événement, location chateau gonflable région parisienne, location structure gonflable professionnelle, chateau gonflable avec toboggan location, location jeux gonflables France entière, location chateau gonflable haut de gamme;;07/05/2025
50979d46-4867-4c2c-8ece-73dc7b4ccbe1;Château Gonflable Hippie ;Château Gonflable Hippie ;jeux;structures-gonflables;chateaux-gonflables;"Embarquez pour un voyage dans l’univers coloré et festif des années 60 avec notre Château Gonflable Hippie. Parfait pour les fêtes d’anniversaire, événements scolaires ou toute autre occasion spéciale, ce château gonflable apporte une touche de fun et d’originalité à vos événements.

Mesurant 6 mètres de longueur, 5,50 mètres de largeur et 4,20 mètres de hauteur, il peut accueillir jusqu'à 12 enfants. Équipé d’un grand toboggan, il offre aux enfants une expérience de jeu dynamique et amusante. Idéal pour sauter, glisser et se divertir en toute sécurité.";274.17;329;;;Non;0;Non;chateau-gonflable-hippie;Location Château Gonflable Hippie - Événements Fun & Originaux;Louez notre Château Gonflable Hippie pour un événement inoubliable ! Idéal anniversaire, fête scolaire. Grand toboggan, sécurité optimale. Devis rapide en région parisienne et partout en France.;location chateau gonflable hippie, chateau gonflable theme annees 60, location structure gonflable evenement, prix location chateau gonflable, tarif location chateau gonflable evenement, location chateau gonflable region parisienne, location chateau gonflable ile de france, chateau gonflable professionnel, location chateau gonflable anniversaire enfant, location chateau gonflable avec toboggan;;07/05/2025
cf6a992a-eb85-4c90-b615-2255313fe8ac;Château Gonflable Intérieur Little Clown;Château Gonflable Intérieur Little Clown;jeux;structures-gonflables;chateaux-gonflables;"Offrez aux enfants un univers ludique et coloré avec notre Château Gonflable Intérieur Little Clown. Parfait pour les fêtes d'anniversaire ou les événements en intérieur, ce château gonflable de 5,20 mètres de longueur et 3,20 mètres de hauteur est idéal pour amuser 13 enfants. Son petit toboggan latéral permet aux enfants de glisser et sauter dans une ambiance festive et sécurisée.

Avec son design amusant et sécurisé, il apportera une touche d'animation à toutes vos manifestations.";290.83;349;;;Non;0;Non;chateau-gonflable-interieur-little-clown;Location Château Gonflable Intérieur Little Clown - ESIL Events;Louez le Château Gonflable Little Clown pour un événement inoubliable ! Idéal pour anniversaires et fêtes d'intérieur. Sécurité et amusement garantis. Devis rapide et personnalisé !;location château gonflable intérieur, château gonflable anniversaire, location château gonflable Paris, prix location château gonflable intérieur, location structure gonflable événement, location jeux gonflables intérieur, tarif location château gonflable little clown, location château gonflable professionnel, château gonflable intérieur pas cher, location château gonflable région parisienne, service location château gonflable France entière, location château gonflable intérieur pour enfants, location structure gonflable premium, animation anniversaire enfant;;07/05/2025
ac34c5b4-8e50-4f7d-ac45-14e82e8695d0;Château Gonflable Jardin;Château Gonflable Jardin;jeux;structures-gonflables;chateaux-gonflables;"Offrez aux enfants un moment de pur bonheur avec notre Château Gonflable Jardin ! Ce château gonflable est parfait pour les fêtes en extérieur, les anniversaires ou tout événement où l’amusement des plus jeunes est essentiel. Avec ses dimensions de 6 mètres de longueur et 7 mètres de largeur, il offre une grande surface pour sauter et s'amuser en toute sécurité.

Équipé d'un petit toboggan latéral, ce modèle convient parfaitement pour 12 à 15 enfants et promet de nombreuses heures de jeu. Un excellent choix pour animer vos événements familiaux et extérieurs.";274.17;329;;;Non;0;Non;chateau-gonflable-jardin;Location Château Gonflable Jardin - Événements Inoubliables | ESIL Events;Louez un château gonflable jardin pour des événements réussis ! Sécurité optimale, installation facile. Idéal anniversaires et fêtes. Devis rapide. Livraison en Île-de-France et partout en France.;location chateau gonflable jardin, location chateau gonflable anniversaire, chateau gonflable evenement, prix location chateau gonflable, tarif location chateau gonflable evenement, location chateau gonflable region parisienne, location chateau gonflable ile de france, chateau gonflable professionnel location, location structures gonflables evenementiel, location chateau gonflable jardin pas cher, location chateau gonflable avec toboggan, quel prix pour location chateau gonflable jardin;;07/05/2025
a7dfcfb6-93ed-4aa9-a23d-211803a3fe22;Château Gonflable Médiéval ;Château Gonflable Médiéval ;jeux;structures-gonflables;chateaux-gonflables;"Transformez vos événements en un véritable royaume médiéval avec le Château Gonflable Médiéval ! Parfait pour les anniversaires, fêtes d’école ou événements familiaux, ce château gonflable apportera une touche féerique et ludique à vos festivités. Avec son design inspiré des châteaux forts, il ravira les enfants et les transports dans un univers de chevaliers et princesses.

Le Château Gonflable Médiéval mesure 5 mètres de longueur, 5,50 mètres de largeur et 4,40 mètres de hauteur, accueillant 10 à 12 enfants. Il est équipé d’un petit toboggan latéral, idéal pour faire glisser les enfants tout en s’amusant dans un espace sécurisé.";258.33;310;;;Non;0;Oui;chateau-gonflable-medieval;Location Château Gonflable Médiéval - Événement Féerique | ESIL Events;Louez un château gonflable médiéval pour un événement inoubliable ! Idéal anniversaire, fête d'école. Qualité premium, installation pro en Île-de-France et France. Demandez un devis !;location château gonflable médiéval, château gonflable anniversaire, location structure gonflable événement, prix location château gonflable, tarif château gonflable événement, location château gonflable région parisienne, location château gonflable Île-de-France, château gonflable professionnel, location jeux gonflables événementiel, location château gonflable pas cher, location château gonflable mariage, location château gonflable fête d'école, location château gonflable ESIL Events, installation château gonflable professionnel, location château gonflable avec toboggan, location château gonflable grande taille, location château gonflable pour enfants;;07/05/2025
ee36e082-f32a-4af4-b84e-fa6e57b50f4e;Château Gonflable Mini-Médiéval ;Château Gonflable Mini-Médiéval ;jeux;structures-gonflables;chateaux-gonflables;"Découvrez notre Château Gonflable Mini-Médiéval, idéal pour animer vos événements et offrir aux enfants un moment de jeu inoubliable. Parfait pour les anniversaires, kermesses ou événements familiaux, ce château gonflable saura ravir les plus jeunes.

Avec ses 4 mètres de longueur, 4 mètres de largeur et une hauteur de 3,50 mètres, le Mini-Médiéval offre un espace sécurisé et amusant pour les enfants. Il est conçu pour accueillir de 5 à 6 enfants en même temps. Ce château gonflable est sans toboggan, ce qui le rend parfaitement adapté pour des jeux dynamiques et de l’amusement à l'intérieur ou à l'extérieur.

Il apportera une ambiance festive et royale à vos événements, permettant aux enfants de sauter et de s’amuser tout en étant en sécurité.";229.17;275;;;Non;0;Non;chateau-gonflable-mini-medieval;Location Château Gonflable Mini-Médiéval - ESIL Events;Louez un château gonflable Mini-Médiéval pour un événement inoubliable ! Idéal anniversaires, kermesses et fêtes familiales. Sécurité garantie. Devis rapide !;location chateau gonflable mini médiéval, location chateau gonflable anniversaire, location structure gonflable enfant, prix location chateau gonflable, tarif location chateau gonflable événement, location chateau gonflable région parisienne, location chateau gonflable sans toboggan, chateau gonflable professionnel location, animation anniversaire enfant chateau gonflable, location jeux gonflables événementiel;;07/05/2025
dcfb4a79-532e-4c4d-b664-985e87f7ea40;Château Gonflable Mr Clown;Château Gonflable Mr Clown;jeux;structures-gonflables;chateaux-gonflables;"Offrez aux enfants une aventure inoubliable avec le Château Gonflable Mr Clown ! Idéal pour les anniversaires, événements scolaires ou fêtes de village, ce château gonflable à thème saura divertir et amuser les plus jeunes.

Avec ses 5 mètres de longueur, 5 mètres de largeur et une hauteur impressionnante de 5 mètres, le Mr Clown est parfait pour accueillir de 8 à 10 enfants. Ce modèle est équipé d’un grand toboggan, apportant encore plus de fun à l’expérience, permettant aux enfants de se dépenser et de profiter de jeux dynamiques.

Sa taille généreuse et son design attrayant en font un incontournable pour vos événements, ajoutant une touche festive et colorée à vos animations.";249.17;299;;;Non;0;Non;chateau-gonflable-mr-clown;Location Château Gonflable Mr Clown - Événement Inoubliable!;Louez le Château Gonflable Mr Clown pour un événement enfant réussi! Toboggan géant, sécurité optimale. Location facile partout en France. Demandez un devis!;location chateau gonflable Mr Clown, prix location chateau gonflable, tarif location chateau gonflable evenement, location chateau gonflable anniversaire, location chateau gonflable region parisienne, location chateau gonflable avec toboggan, chateau gonflable professionnel à louer, location jeux gonflables evenementiel, location structure gonflable enfant, service location chateau gonflable France entière;;07/05/2025
26401f9b-a967-4937-85a7-5159b2702ac8;Château Gonflable Pirate;Château Gonflable Pirate;jeux;structures-gonflables;chateaux-gonflables;"Embarquez vos invités dans une aventure digne des plus grands pirates avec notre Château Gonflable Pirate ! Ce jeu gonflable est l’attraction parfaite pour les fêtes d’anniversaire, les événements scolaires ou toute occasion familiale. Avec son design coloré et ses éléments inspirés de l’univers des pirates, il transportera les enfants dans un monde de trésors cachés et d’aventures en mer.

Le Château Gonflable Pirate mesure 8 mètres de longueur, 5,10 mètres de largeur et 4,30 mètres de hauteur. Il est conçu pour accueillir 10 à 12 enfants, offrant un espace de jeu spacieux et sécurisé. Il est équipé d’un petit toboggan, parfait pour ajouter un peu de fun à l'aventure !";282.5;339;;;Non;0;Oui;chateau-gonflable-pirate;Location Château Gonflable Pirate - ESIL Events - Événements Inoubliables;Louez un château gonflable pirate pour un anniversaire, une fête ou un événement ! Design original, sécurisé et spacieux. Devis rapide. Livraison partout en France.;location chateau gonflable pirate, location chateau gonflable anniversaire, location structure gonflable pirate, prix location chateau gonflable pirate, tarif location chateau gonflable evenement, location chateau gonflable region parisienne, location chateau gonflable ile de france, chateau gonflable pirate professionnel, location jeux gonflables pour evenements, location chateau gonflable avec toboggan, quelle taille chateau gonflable pour 10 enfants, installation chateau gonflable securisee;;07/05/2025
26d8589b-3351-437b-a4e2-187f18d10bf1;Château Gonflable Safari Park ;Château Gonflable Safari Park ;jeux;structures-gonflables;chateaux-gonflables;"Offrez à vos enfants une aventure incroyable avec le Château Gonflable Safari Park ! Idéal pour les anniversaires, fêtes scolaires ou tout événement familial, ce château gonflable aux motifs sauvages invite les petits aventuriers à plonger dans l'univers fascinant du safari.

Mesurant 6 mètres de longueur, 7 mètres de largeur et 5,50 mètres de hauteur, le Château Gonflable Safari Park peut accueillir 12 à 15 enfants simultanément. Il dispose d’un grand toboggan pour encore plus de fun et de sensations. Les enfants pourront s’amuser à sauter, glisser et explorer tout en garantissant sécurité et plaisir.";274.17;329;;;Non;0;Oui;chateau-gonflable-safari-park;Location Château Gonflable Safari Park - Événement Inoubliable;Louez le Château Gonflable Safari Park pour un événement enfant inoubliable ! Toboggan géant, sécurité optimale. Location premium en région parisienne et toute la France. Demandez un devis !;location chateau gonflable Safari Park, location chateau gonflable anniversaire, chateau gonflable avec toboggan, prix location chateau gonflable, tarif location chateau gonflable événement, location chateau gonflable région parisienne, location structure gonflable professionnelle, chateau gonflable Safari Park pas cher, location jeux gonflables événementiel, location chateau gonflable haut de gamme;;07/05/2025
ccabf93d-a1bb-4a92-ad45-fde7003f893a;Château Gonflable Vachette;Château Gonflable Vachette;jeux;structures-gonflables;chateaux-gonflables;"Plongez dans un univers ludique et amusant avec le Château Gonflable Vachette ! Idéal pour des événements tels que les anniversaires, fêtes scolaires ou événements familiaux, ce château gonflable fera le bonheur des enfants. Avec son design unique et son ambiance joyeuse, il apporte à la fois fun et sécurité.

Le Château Gonflable Vachette mesure 5 mètres de longueur, 5,50 mètres de largeur et 4,40 mètres de hauteur, offrant suffisamment d’espace pour 10 à 12 enfants. Il est équipé d’un petit toboggan latéral, permettant aux enfants de s’amuser et de se défouler tout en s’amusant à glisser.

Ce château gonflable est parfait pour créer une atmosphère festive et divertissante lors de vos événements. Grâce à sa taille et à ses caractéristiques ludiques, il sera l’attraction centrale de votre événement.";265.83;319;;;Non;0;Non;chateau-gonflable-vachette;Location Château Gonflable Vachette - ESIL Events - Paris & France;Louez le Château Gonflable Vachette pour un événement inoubliable ! Idéal anniversaire, fête ou événement familial. Installation facile, sécurité garantie. Devis rapide et personnalisé en région parisienne et dans toute la France.;location château gonflable Vachette, location château gonflable anniversaire, prix location château gonflable, tarif location château gonflable événement, location château gonflable région parisienne, location structure gonflable professionnelle, location jeux gonflables événementiel, château gonflable Vachette pas cher, location château gonflable enfant, location château gonflable pour fête scolaire, location château gonflable France entière, location château gonflable haut de gamme;;07/05/2025
b2aa4065-5d14-49bd-bd99-6a9a63d09194;Console d’Éclairage OXO Mistral 24 ;Console d’Éclairage OXO Mistral 24 ;technique;eclairage;console-dmx;"**Illuminez vos événements en Île-de-France avec la console OXO Mistral 24 !**

Professionnels de l'événementiel, particuliers exigeants ou institutions, la console OXO Mistral 24 est votre alliée pour des jeux de lumière impeccables. Ce contrôleur DMX 24 canaux offre une gestion précise et flexible, avec 4600 mémoires et 96 séquences programmables. Imaginez des ambiances sur mesure, pilotées en direct ou en mode aveugle, pour sublimer vos soirées en région parisienne.

Rackable et intuitive, elle s'adapte à tous vos besoins. Ajustez la vitesse, mixez les séquences, synchronisez avec la musique (micro intégré/externe) ou déclenchez manuellement via Tap Sync/MIDI. Idéale pour mariages féériques, séminaires dynamiques ou événements institutionnels prestigieux en Île-de-France. Ses sorties XLR 3 broches garantissent une connectivité optimale.

Combinez-la avec nos projecteurs LED et nos services de régie son & lumière ESIL pour une expérience immersive inoubliable. Simplifiez l'organisation de vos événements dans le 75, 77, 78, 91, 92, 93, 94, et 95. Envie d'illuminer vos événements en Île-de-France? Contactez-nous pour une location !";33.33;40;;;Non;0;Oui;console-declairage-oxo-mistral-24;Console Éclairage OXO Mistral 24 - Location  Île-de-France; location en Ile-de-France chez esil-events  découvrez  cette  console OXO Mistral 24  pour d gérer vos jeux de lumière impeccables sans difficultés .;location console éclairage OXO Mistral 24 paris 75, console DMX événementiel Paris 75 , location lumière événement Île-de-France, console éclairage professionnel Yvelines 78, régie lumière mariage IDF , location console DMX 24 canaux, matériel éclairage événementiel, location console lumière OXO, éclairage scène événementiel, location matériel technique événementiel;;05/05/2025
6800658e-cb0f-4046-ba1e-6bf3f4d58c6d;console YAMAHA MG16 Console de Mixage Analogique 16  Voies;console YAMAHA MG16 - Console de Mixage Analogique 16  Voies;technique;sonorisation;tables-de-mixage-et-platines;"**Console Yamaha MG16 : Maîtrisez le Son de Vos Événements en Île-de-France !**

La console Yamaha MG16 est votre alliée pour un son impeccable en Île-de-France. Ses 16 voies analogiques et préamplis D-PRE garantissent une clarté audio exceptionnelle. Parfaite pour des mariages intimes à Paris (75) ou des conférences en Seine-et-Marne (77).

Bénéficiez de compresseurs intuitifs, d'un égaliseur performant et de sorties XLR/Jack symétriques. Imaginez un son parfait pour vos événements d'entreprise en Seine-Saint-Denis (93), concerts dans les Yvelines (78) ou soirées privées dans les Hauts-de-Seine (92). Poids léger (6,9kg) et kit rack inclus.

Sublimez vos événements en Val-de-Marne (94) ou Val-d'Oise (95) ! Combinez la MG16 avec nos systèmes son & lumière. Contactez ESIL-events pour une location sur mesure en Île-de-France et un événement inoubliable.";45.83;55;;;Non;0;Oui;console-yamaha-mg16-console-de-mixage-analogique-16-voies;Location Console Mixage YAMAHA MG16 chez esil-events.fr;Louez la console YAMAHA MG12 pour un son exceptionnel! Idéale événements professionnels & particuliers. Qualité premium, livraison Île-de-France & France entière. Demandez un devis personnalisé!;location AMAHA MG16, location Console de Mixage paris , Location Console de Mixage yvelines, Sonorisation Événementielle 78, Matériel Son ile de france , Événementiel Paris, location Console de Mixage  ile de france, location Console de Mixage pour orchestre ile de france, location Console de Mixage pour dj, location Console de Mixage , location Console de Mixage pour groupe de musiciens ;;28/04/2025
52234a86-7fa9-4127-90a9-6f3831a47a4c;contrôleur DJ CDJ 450;contrôleur DJ CDJ 450;technique;sonorisation;;"**Contrôleur DJ CDJ 450 : Maîtrisez l'Ambiance de Vos Événements en Île-de-France**

Le contrôleur DJ CDJ 450 d'ESIL-events est la solution idéale pour enflammer vos soirées, mariages ou événements d'entreprise en Île-de-France. Compact et performant, il vous offre un contrôle précis et intuitif pour mixer vos morceaux préférés et créer une ambiance unique, que vous soyez un particulier passionné ou un professionnel exigeant.

Ce contrôleur polyvalent s'adapte à tous vos besoins : animation de soirées privées, sonorisation de séminaires ou création d'ambiance pour des événements institutionnels. Sa simplicité d'utilisation le rend accessible à tous, tandis que ses fonctionnalités avancées satisferont les DJ les plus expérimentés. Imaginez l'associer à notre régie son complète pour une expérience immersive en Seine-et-Marne (77) ou dans les Yvelines (78).

Envie de transformer votre événement en un moment inoubliable ? Contactez ESIL-events pour louer le CDJ 450 et bénéficiez de notre expertise en sonorisation événementielle dans toute l'Île-de-France, du Val-de-Marne (94) aux Hauts-de-Seine (92), en passant par Paris (75).";70.83;85;;;Non;0;Non;controleur-dj-cdj-450;Location Contrôleur dj DJ CDJ 450 paris 75;" Louez notre contrôleur DJ CDJ 450 pour tout vos évènements pour soirées d'entreprises , Mariages, comité des fêtes, en ile de France et France entière.    

";location contrôleur DJ CDJ 450 Paris, contrôleur DJ CDJ 450 location Île-de-France, location platine laser événementiel, location matériel son DJ professionnel, location contrôleur DJ mariage, contrôleur DJ CDJ 450 tarif, location régie son événementiel Paris, location sono événement Île-de-France, animation DJ soirée entreprise, location matériel DJ 75,location contrôleur pour DJ CDJ Paris,location contrôleur DJ CDJ  Yvelines,location contrôleur pour DJ CDJ  Paris;;30/09/2025
e738f063-b3e0-48ca-8841-35cce4cc226a;contrôleur DJ CDJ 450 ;contrôleur DJ -  CDJ 450 ;technique;sonorisation;tables-de-mixage-et-platines;"**CDJ 450 : Le Contrôleur DJ qui Métamorphose Vos Événements en Île-de-France !**

Enflammez vos soirées, séminaires ou événements institutionnels avec le CDJ 450 d'ESIL-events. Compact et intuitif, ce contrôleur DJ vous offre une maîtrise totale sur l'ambiance. Particulier, professionnel ou institution, créez des sets inoubliables et captivez votre public en Île-de-France.

Simple d'utilisation, le CDJ 450 convient à tous les niveaux. Imaginez des mixes fluides et dynamiques, parfaits pour un mariage festif dans le Val-d'Oise (95) ou un team-building énergique dans l'Essonne (91). Combinez-le avec nos jeux de lumière pour une immersion totale !

Louez le CDJ 450 chez ESIL-events et profitez de notre expertise en sonorisation événementielle dans toute l'Île-de-France. Contactez-nous pour une ambiance sur mesure !";70.83;85;;;Non;0;Oui;controleur-dj-cdj-450-1;Location Contrôleur dj DJ -  CDJ 450 paris et France;" Louez notre contrôleur DJ CDJ 450 pour tout vos évènements pour soirées d'entreprises , Mariages, comité des fêtes, en ile de France et France entière.    

";location contrôleur DJ CDJ 450 Paris, contrôleur DJ CDJ 450 location Île-de-France, location platine laser événementiel, location matériel son DJ professionnel, location contrôleur DJ mariage, contrôleur DJ CDJ 450 tarif, location régie son événementiel Paris, location sono événement Île-de-France, animation DJ soirée entreprise, location matériel DJ 75,location contrôleur pour DJ CDJ Paris,location contrôleur DJ CDJ  Yvelines,location contrôleur pour DJ CDJ  Paris;;30/09/2025
e80caeca-51b2-4274-a2ff-e3df5d0e5513;Contrôleur DMX 192 canaux ;Contrôleur DMX 192 canaux ;technique;eclairage;console-dmx;"**Dominez l'ambiance de vos événements en Île-de-France avec le Contrôleur DMX 192 canaux d'ESIL-events!**

Ce contrôleur DMX professionnel vous offre une maîtrise totale de vos éclairages. Gérez jusqu'à 12 projecteurs, programmez 240 scènes et créez 6 chases dynamiques. Son affichage LED clair et ses modes automatique, manuel et musical simplifient son utilisation. Idéal pour mariages, séminaires ou événements institutionnels en Île-de-France (75, 77, 78, 91, 92, 93, 94, 95).

Que vous soyez un particulier souhaitant sublimer votre réception, un professionnel organisant un congrès, ou une institution préparant un spectacle, ce contrôleur DMX s'adapte à vos besoins. Combinez-le avec nos projecteurs LED et machines à effets pour une ambiance spectaculaire. Son montage en rack 19"" facilite son intégration dans vos installations.

Simplifiez la gestion de votre éclairage et créez des atmosphères mémorables en Île-de-France avec ESIL-events. Contactez-nous pour une location facile et un accompagnement personnalisé.";20.83;25;;;Non;0;Oui;controleur-dmx-192-canaux;Contrôleur DMX 192 Canaux - Location Lumière  IDF;Maîtrisez l'éclairage de vos événements en Île-de-France avec notre contrôleur DMX 192 canaux ! Location simple, et rapide a mettre en place location pas chère.;contrôleur DMX 192 canaux location, location console DMX Paris, location lumière événementiel Île-de-France, contrôleur lumière professionnel, location matériel éclairage événementiel, régie lumière événementiel, contrôleur DMX mariage, location DMX 75, location DMX 92, console DMX 192 canaux;;05/05/2025
fd31b4a4-d569-4289-ab01-63d32de7c4a0;Coupleur pivotant 200 kg;Coupleur;technique;structure;accessoires-structure;"**Libérez votre créativité événementielle en Île-de-France avec le Coupleur Pivotant 200kg ESIL-events !**

Ce coupleur pivotant extra-plat en aluminium est l'accessoire indispensable pour une structure événementielle flexible et sécurisée. Sa rotation à 360° permet de relier des barres adjacentes avec une précision inégalée, idéale pour les professionnels de l'événementiel, les institutions et même les particuliers exigeants. Sa pince robuste et ses écrous papillon garantissent un montage rapide et fiable, supportant jusqu'à 200kg. Dimensions : Filetage M10, W: 30mm, D4: 78mm, D2: 48-51mm.

Parfait pour des mariages féériques, des séminaires impactants ou des événements institutionnels prestigieux en Île-de-France, ce coupleur assure une installation stable et adaptable. Imaginez des structures lumineuses dynamiques, des décors suspendus originaux, le tout avec une sécurité optimale. Combinez-le avec nos totems et éclairages pour une ambiance inoubliable, que ce soit dans le 75, le 78 ou le 92.

Optimisez l'agencement de votre événement en Île-de-France avec ce coupleur pivotant Beamz. Facilitez le montage et la configuration de vos structures ! Contactez ESIL-events pour une location simplifiée et des conseils personnalisés dans toute la région parisienne.";1.25;1.5;;;Non;0;Oui;coupleur-pivotant-200-kg;Location Coupleur Pivotant 200kg - Fixation Structure ;Louez un coupleur pivotant 200kg pour une fixation sécurisée et flexible de vos structures événementielles. Idéal pour installations professionnelles. ;location coupleur pivotant 200kg , coupleur pivotant location, prix location coupleur structure, location coupleur structure événementielle, location accessoires structure événementielle, coupleur pivotant professionnel location, location coupleur pivotant région parisienne, tarif location coupleur pivotant, coupleur pivotant location événement France;;24/04/2025
360d5c49-f002-4d80-b795-235981ce881b;Crochet Doughty 250 kg;Crochet;technique;structure;accessoires-structure;"**Sécurisez Vos Structures en Île-de-France avec le Crochet Doughty 250 kg d'ESIL-events !**

Ce crochet robuste est la solution idéale pour suspendre votre matériel en toute sécurité. Conçu pour supporter jusqu'à 250 kg, sa large ouverture s'adapte à différents tubes. Sa poignée ergonomique assure une fixation rapide et confortable, protégeant vos mains pendant l'installation. Poids : 0,46 kg.

Que vous soyez un particulier organisant une fête, un professionnel préparant un séminaire ou une institution planifiant un événement, le crochet Doughty garantit une installation fiable. Combinez-le avec nos structures et éclairages pour une mise en place impeccable.

Louez dès maintenant ce crochet indispensable auprès d'ESIL-events pour vos événements en Île-de-France (Paris, Seine-et-Marne, Yvelines, Essonne, Hauts-de-Seine, Seine-Saint-Denis, Val-de-Marne, Val-d'Oise) et assurez la sécurité de vos installations !";1.67;2;;;Non;0;Oui;crochet-doughty-250-kg;Location Crochet  pro Doughty 250kg en ile de France ;Louez un crochet Doughty 250kg robuste et fiable pour vos structures événementielles. Fixation rapide et sécurisée. Location professionnelle région parisienne ;location crochet doughty, crochet doughty 250kg location, location crochet structure événement, prix location crochet doughty, tarif location crochet événementiel, location crochet doughty région parisienne, location accessoires structure événement, fixation structure événement, location matériel technique événement, comment fixer une structure événementielle, location crochet doughty professionnel, location crochet doughty haut de gamme, service location crochet doughty France entière;;24/04/2025
08b06dcc-6b22-495b-b20d-8da53220d0fb;Ecran cadre 3×2 pour séminaires ;Ecran cadre 3×2 pour séminaires ;technique;video;ecrans-de-projection;"**Écran Cadre 3x2m : Sublimez vos événements en Île-de-France !**

Transformez vos séminaires, mariages ou soirées cinéma en expériences inoubliables avec notre écran cadre 3x2m. Il garantit une image nette et lumineuse, captivant votre public. Idéal pour les professionnels et les particuliers en Île-de-France (Paris, Seine-et-Marne, Yvelines, Essonne, Hauts-de-Seine, Seine-Saint-Denis, Val-de-Marne, Val-d'Oise).

Facile à installer, cet écran s'adapte à tous vos événements intérieurs. Imaginez un mariage féérique, un séminaire percutant ou une soirée jeux vidéo immersive. Optimisez l'impact de vos présentations et projections avec cet écran de qualité professionnelle. Sa taille est idéale pour une visibilité optimale.

Combinez-le avec nos vidéoprojecteurs et notre service de régie son et lumière pour une expérience complète. Faites confiance à ESIL-events pour la réussite de vos événements en Île-de-France. Contactez-nous pour une location sur mesure et donnez vie à vos projets !";75;90;;;Non;0;Oui;ecran-cadre-32-pour-seminaires;Location Écran Cadre 3x2m Séminaire - Mariage -IDF;Location chez esil-events  d'un écran cadre 3x2m en valise  pour vos séminaires, mariages, anniversaires et événements professionnels sur ile de France .;Location Ecran cadre 3x2 75, location écran vidéo pour séminaire paris,Location  écran projection 3x2 yvelines, location vidéo événementiel 78, location écran toile Paris, location grand écran 3x2 Île-de-France;;06/05/2025
665364d9-ad0a-440d-b2d3-93398563c4f4;Écran de Projection 2,00m x 2,50m ;Écran de Projection 2,00m x 2,50m ;technique;video;ecrans-de-projection;"**Transformez Vos Projections en Spectacle Inoubliable en Île-de-France**

L'écran de projection 2,00m x 2,50m d'ESIL-events est la clé pour des événements réussis en Île-de-France, que vous soyez un particulier, un professionnel ou une institution. Cet écran sur trépied, facile à installer et compatible avec tous les vidéoprojecteurs standards, métamorphose vos présentations, films ou diaporamas en une expérience visuelle immersive. Idéal pour mariages féériques, séminaires impactants ou soirées cinéma conviviales, il s'adapte à tous vos besoins.

Sa grande surface de projection assure une visibilité optimale pour tous vos invités, que ce soit pour un anniversaire dans le 92, une conférence dans le 78 ou une projection en plein air dans le 94. Imaginez-le combiné à notre service de régie son et lumière pour une ambiance sur mesure. Pour les professionnels du 75 et du 93, il s'intègre parfaitement à nos solutions audiovisuelles complètes.

Louez cet écran de projection dès aujourd'hui chez ESIL-events et donnez une nouvelle dimension à vos événements en Île-de-France. Contactez-nous pour un devis personnalisé et profitez de notre expertise en location de matériel événementiel.";20.83;25;;;Non;0;Oui;ecran-de-projection-200m-x-250m;Location Écran de Projection sur cadre 2x2,5m en IDF ;Louez un écran de projection 2,00m x 2,50m pour un événement vidéo réussi, installation facile et rapide pour anniversaire et mariage .Location en IDF;Location Écran de Projection paris, Location écran projection 78 , Écran projection événementiel Yvelines, Location matériel vidéo 78 , Location écran mariage 75, Location écran séminaire paris , Location matériel événementiel 75, LocationÉcran sur trépied Yvelines, Location écran professionnel;;06/05/2025
106faa77-dd37-4f01-a9d7-5abac5fb6fbe;Ecran mur de Led ;Ecran mur de Led ;technique;video;mur-de-led;"Ecran Mur de LED : Sublimez vos événements en Île-de-France


Transformez votre événement en une expérience visuelle inoubliable avec notre écran mur de LED. Que ce soit pour un mariage féérique, un séminaire impactant ou un événement institutionnel prestigieux en Île-de-France, cet écran offre une clarté et une luminosité exceptionnelles. Idéal pour projeter des vidéos, des présentations ou créer une ambiance immersive unique.


Notre écran mur de LED s'adapte à tous vos besoins. Imaginez un décor personnalisé pour votre mariage en Seine-et-Marne (77), une présentation dynamique lors d'une conférence dans les Yvelines (78), ou une diffusion en direct d'un événement sportif dans le Val-d'Oise (95). Combinez-le avec notre service de régie son et lumière pour une expérience complète.

Créez l'événement qui vous ressemble en Île-de-France. Contactez ESIL-events pour discuter de vos besoins et découvrir comment notre écran mur de LED peut faire la différence.


Tarif comprenant : La livraison - le Mur de Led - les pieds - les barres de ponts  - l'installation - le démontage - les Techniciens - les transport en ile de France 
299€ TTC du M2 tout compris 
";249.17;299;;;Non;0;Oui;ecran-mur-de-led;Location Écran Mur de LED géant  Paris Île-de-France;Sublimez vos événements avec nos écrans murs de LED , Location, installation et régie en Île-de-France. Mariages, séminaires, événements corporate en France .;location écran mur de led Paris, location mur led événementiel Île-de-France, écran géant led mariage 77 78 91 95, location mur led événement corporate yvelines, régie vidéo événementielle Paris, installation écran led géant  professionnel paris , location écran géant à  led Île-de-France, mur de led pas cher Paris, location écran led séminaire 75,Location installation écran mur de led pour entreprise paris ,Location Installation écran mur de led pour entreprise 78,Location installation écran mur de led pour spectacle paris ,Location Installation écran mur de led pour entreprise partout en France ,Location grand écran pour séminaire paris,;;13/11/2025
0d22d044-9b03-4dd4-ae91-ac8c1d9d8901;Embase carrée ALU, noire - P30 ;Embase carrée ALU, noire - P30 ;technique;structure;embase;"**Embase Carrée ALU Noire P30 – Stabilité & Élégance pour vos Événements en Île-de-France**

Rehaussez vos scènes en Île-de-France avec l'embase carrée ALU noire P30. Discrète et robuste, cette base signée Beamz Professional assure une stabilité sans faille pour vos structures P30. Son revêtement noir élégant s'intègre parfaitement à tout décor, que ce soit pour un mariage intimiste, un séminaire d'entreprise ou un événement institutionnel prestigieux.

Facile à installer grâce à sa légèreté (1,40kg) et sa compatibilité P30, elle vous offre une installation rapide et sécurisée. Imaginez-la combinée à nos totems lumineux pour une soirée inoubliable en Seine-et-Marne (77), ou soutenant un écran géant lors d'une conférence dans les Hauts-de-Seine (92). Sa fabrication européenne garantit qualité et durabilité.

Optimisez l'agencement de vos scènes avec cette embase fiable et esthétique. Besoin de structures complètes pour votre prochain événement en Île-de-France ? Contactez ESIL-events pour une solution sur mesure. Louez dès aujourd'hui et assurez le succès de votre projet !";10;12;;;Non;0;Oui;embase-carree-alu-noire-p30;Location Embase Carrée Noire P30 - Structure Scène ;Louez l'embase carrée noire P30 Beamz Professional pour une structure de scène stable et élégante. Idéale pour vos événements en région parisienne  ESIL-events.;location embase carrée noire P30, location structure scène événementielle, prix location embase structure, tarif location embase P30 événement, location structure alu noire Paris, embase P30 location région parisienne, location matériel scène professionnel, location structure événementielle France, location embase carrée beamz professional, comment installer une structure de scène avec embase;;24/04/2025
f9a0d7c9-b693-4c8e-a397-d5a7ff802c5f;Embase lourde plate multi 60x60cm - UBP60 ;Embase lourde plate multi 60x60cm - UBP60 ;technique;structure;embase;"**Stabilité Inébranlable pour Vos Événements en Île-de-France**

L'embase lourde plate multi UBP60 d'ESIL-events, votre partenaire événementiel en Île-de-France, garantit une sécurité optimale pour vos structures de scène. Que vous soyez un particulier organisant une fête, un professionnel préparant un séminaire, ou une institution planifiant un événement d'envergure, cette base universelle en acier noir (60x60cm) assure une stabilité à toute épreuve.

Compatible avec les systèmes P24, P30, P32 et P33 BeamZ, elle s'adapte à vos besoins. Ses poignées renforcées facilitent la manipulation et son montage simple vous fait gagner un temps précieux. Fabriquée en Europe, elle allie robustesse et fiabilité.

Imaginez une installation sécurisée pour un mariage féérique en Seine-et-Marne (77), un congrès impeccable dans les Hauts-de-Seine (92), ou une soirée d'entreprise mémorable à Paris (75). Combinez-la avec nos totems lumineux et nos jeux de lumière pour une ambiance spectaculaire. Contactez ESIL-events pour une location sereine en Île-de-France.";21;25.2;;;Non;0;Oui;embase-lourde-plate-multi-60x60cm-ubp60;Embase Lourde Plate Multi UBP60 - Location Sécurisée Île-de-France;Besoin de stabilité pour vos événements ? Louez l'embase lourde UBP60 à Paris et IDF ! Sécurité maximale garantie. Demandez un devis gratuit et profitez de notr;embase lourde plate multi 60x60cm UBP60, location embase lourde Paris, location structure événementielle Île-de-France, embase lourde location IDF, location matériel technique événementiel, location base universelle scène, location système P24 P30 P32 P33 BeamZ, location sécurité événement, location matériel événementiel professionnel Paris;;24/04/2025
665ca7d3-557c-4308-99e9-d84466ce4cd7;Enceinte de Rue ;Enceinte Rue;technique;sonorisation;public-adresse;"**Donnez de la voix à vos événements en Île-de-France avec l'Enceinte de Rue par ESIL-events !**

L'Enceinte de Rue est la solution idéale pour une diffusion sonore claire et puissante, que ce soit pour un mariage intimiste dans les Yvelines (78), un séminaire d'entreprise en Seine-Saint-Denis (93) ou un événement institutionnel à Paris (75). Robuste et compacte (Ø 180 mm x 251 mm, 2,76 kg), elle résiste aux intempéries (IP44) grâce à son boîtier étanche.

Parfaite pour sonoriser vos espaces extérieurs, cette enceinte assure une ambiance musicale de qualité, même dans des conditions climatiques difficiles. Imaginez une cérémonie laïque dans un jardin en Essonne (91), une réception en plein air dans le Val-de-Marne (94), ou une animation de rue dans le Val-d'Oise (95). Facile à installer avec sa connexion câble, elle s'intègre discrètement à votre décor.

Complétez votre installation avec nos jeux de lumière et nos services de régie son pour une expérience immersive. ESIL-events, votre partenaire pour des événements inoubliables en Île-de-France. Contactez-nous pour la location de votre Enceinte de Rue et donnez vie à vos projets !";5;6;;;Non;0;Oui;enceinte-de-rue;Location Enceinte de Rue , pour brocante, animation de rue ;Louez une enceinte de rue résistante aux intempéries pour sonoriser vos événements. Idéale pour les brocantes  en Île-de-France et partout en France;location enceinte animation de rue paris 75,location enceintes pour brocante  en ile de France, ;;28/04/2025
29d1f9dd-8595-41d9-a67b-968830741180;Enceinte portable Audiophony ;Enceinte portable;technique;sonorisation;sono-portable;"Enceinte Portable Audiophony : L'Ambiance Nomade pour Vos Événements en Île-de-France

Besoin d'un son puissant et mobile pour votre événement en Île-de-France ? L'enceinte portable Audiophony vous offre une solution audio flexible et performante. Sa conception sur batterie vous libère des contraintes de câblage, idéale pour les mariages champêtres en Seine-et-Marne (77), les séminaires en extérieur dans les Yvelines (78) ou les événements institutionnels en plein cœur de Paris (75).

Cette enceinte polyvalente s'adapte à tous vos besoins. Diffusez de la musique d'ambiance lors d'un cocktail, sonorisez un discours important ou animez une soirée dansante. Facile à transporter et à installer, elle vous garantit un son clair et puissant où que vous soyez en Île-de-France. Imaginez-la associée à notre service de régie son ESIL-events pour une gestion audio impeccable !

Que vous soyez un particulier organisant une fête, un professionnel préparant un événement d'entreprise ou une institution planifiant une cérémonie, l'enceinte Audiophony est votre alliée sonore. Contactez ESIL-events pour faciliter la location de votre solution audio en Île-de-France.";45.83;55;;;Non;0;Oui;enceinte-portable-audiophony;Location Enceinte Portable  sur batterie Audiophony ;Sonorisez vos événements en Île-de-France avec l'enceinte portable Audiophony ! Location premium, qualité pro. Créez l'ambiance parfaite. Contactez ESIL-events,;location enceinte portable audiophony paris , enceinte sur batterie pour événement mariage 75, location sonorisation événementielle île de france, location enceinte portable paris, location sono portable mariage 78, Location sonorisation séminaire Yvelines, location matériel audio professionnel 78, Location enceinte portable pour évènement entreprise paris;;13/11/2025
daba5bbe-7156-464a-b8f8-6ee5223c3c89;Enceinte sur batterie solar easyrider ;Enceinte sur batterie solar easyrider ;technique;sonorisation;enceinte-sur-batterie;"**Enceinte Solaire Easyrider : L'Ambiance Nomade pour Vos Événements en Île-de-France !**

Illuminez vos événements en Île-de-France avec l'enceinte solaire Easyrider! Autonome et performante, elle apporte une ambiance musicale inoubliable, que vous soyez un particulier organisant une fête, un professionnel animant un séminaire, ou une institution planifiant un événement en extérieur un pub ,ou pour une animation sur une terrasse . Son autonomie solaire vous libère des contraintes électriques, idéale pour les lieux insolites en 75, 77, 78, 91, 92, 93, 94, 95.

Cette enceinte, robuste et facile à transporter, diffuse un son clair et puissant. Imaginez-la lors d'un cocktail en plein air, d'une cérémonie laïque en Seine-et-Marne, ou d'un team building en forêt de Fontainebleau. Combinez-la avec nos jeux de lumière et notre service d'animation pour une expérience complète signée ESIL-events.

L'enceinte solaire Easyrider, c'est la garantie d'une ambiance réussie, respectueuse de l'environnement, pour tous vos événements en Île-de-France. Contactez ESIL-events pour une location sur mesure et profitez d'un son exceptionnel, partout où vous le souhaitez !";45.83;55;;;Non;8;Oui;enceinte-sur-batterie-solar-easyrider;Location Enceinte amplifiée pour terrasse,pub,DJ Paris 75;Événement éco-responsable Louez nos enceintes solaire Easyrider en Île-de-France  Son puissant, autonomie 15H sur une terrasse, un jardin, soirée entres amies  ;location enceinte solaire Paris, enceinte sur batterie événementiel, location sonorisation événement , location matériel son Île-de-France, enceinte solaire Easyrider location, animation sonore éco-responsable, location enceinte autonome mariage, sonorisation événement extérieur Paris, location son paris , location enceinte Easyrider 75,Location sur batterie pour une térrasse paris 75;;12/07/2025
f24745ff-52a6-4845-9029-05695680941e;Enceintes active KL 12 DB Technologies ;Enceintes active KL 12 DB Technologies ;technique;sonorisation;enceinte;"**Enceinte active KL 12 DB Technologies : Le son qui sublime vos événements en Île-de-France !**

Besoin d'un son puissant et clair pour votre événement ? L'enceinte active KL 12 DB Technologies est la solution idéale pour les particuliers, professionnels et institutions en Île-de-France. Elle diffuse un son de qualité, garantissant une ambiance inoubliable pour vos mariages, séminaires ou événements d'entreprise. Sa conception active facilite son installation et son utilisation.

Cette enceinte performante de DB Technologies est parfaite pour sonoriser vos événements, assurant une couverture sonore optimale. Imaginez une cérémonie de mariage émouvante en Seine-et-Marne (77) ou un séminaire dynamique dans les Hauts-de-Seine (92), le tout avec un son impeccable. Combinez-la avec nos tables de mixage et micros pour une expérience sonore complète et professionnelle.

Pour une réception privée réussie à Paris (75) ou un événement institutionnel en Essonne (91), l'enceinte KL 12 offre une solution audio fiable et performante. Simplifiez l'organisation de votre événement en louant votre matériel audio auprès d'ESIL-events. Contactez-nous pour une solution sur mesure en Île-de-France !
Le modèle KL 12 signé dB Technologies est une enceinte active large bande équipée de Bluetooth pour offrir une grande polyvalence d'utilisation. Le système est piloté par un ampli d'une puissance de 800 watts. Le processeur DSP est pourvu de filtres FIR à phase linéaire qui offrent une reproduction audio optimale, quelle que soit la position d'écoute. Les préréglages EQ permettent aux utilisateurs de choisir un son approprié pour toutes les situations courantes
";91.67;110;;;Non;0;Oui;enceintes-active-kl-12-db-technologies;Location Enceinte KL 12 DB Technologies Paris ;Sublimez vos événements en Île-de-France avec notre  enceinte Active  KL 12 DB Technologies de 800 w  Son puissant et clair garanti. Location simple et rapide. ;Location enceinte active KL 12 DB Technologies paris , location enceinte active  événementiel Paris, sonorisation événement Île-de-France, location son professionnel 75, location enceinte mariage Paris, location enceinte séminaire IDF, DB Technologies KL 12 location, location matériel audio événementiel, location enceinte active bluetooth, son événementiel  Paris,Location enceinte active KL 12 DB Technologies IDF,Location enceinte active KL 12 DB Technologies Yvelines ;;02/12/2025
e11e79e3-e3f7-4120-95c6-025e0411d2a0;Enceintes nomade sur batterie ;Enceintes nomade sur batterie ;technique;sonorisation;sono-portable;"Son nomade d'exception pour vos événements inoubliables en Île-de-France 

Besoin d'une sonorisation de qualité, flexible et facile à installer pour votre événement en Île-de-France ? Nos enceintes nomades sur batterie vous offrent une solution audio puissante et autonome, idéale pour les particuliers, professionnels et institutions. Leur portabilité vous permet de créer une ambiance sonore parfaite où que vous soyez, sans contraintes de câblage.

Ces enceintes, discrètes et performantes, s'adaptent à tous vos besoins : mariage champêtre dans les Yvelines (78), séminaire d'entreprise en Seine-Saint-Denis (93), ou événement institutionnel à Paris (75). Imaginez les combiner avec nos jeux de lumière pour une soirée dansante mémorable, ou les utiliser pour diffuser un discours clair et audible lors de vos conférences.

Avec ESIL-events, simplifiez l'organisation de vos événements en Île-de-France. Contactez-nous pour découvrir comment nos enceintes nomades peuvent sublimer votre prochain rassemblement dans le Val-de-Marne (94) ou l'Essonne (91) !";54.17;65;;;Non;0;Oui;enceintes-nomade-sur-batterie;Location Enceinte Nomade sur  Batterie Île-de-France;Location enceintes sur batterie finis les câbles ,installation rapide et pratique . Enceintes de très bonne qualités pour prestation de 20 à 80 personnes.  ;location enceinte nomade sur batterie paris, location sono portable  Ile-de-France, louer une sonorisation sur batterie pour mariage , location enceinte autonome pour séminaire Yvelines, location matériel sonorisation en région parisienne, location sono portable professionnelle île de france, location enceinte sans fil paris, technique son événementiel 78, location enceinte sur batterie val d'oise, location sono portable entreprise, location enceinte sans fil IDF;;19/11/2025
2499ce28-6b16-4670-bd24-f9ecb79be6f9;Grand Air Hockey - 4 joueurs ;Grand Air Hockey - 4 joueurs ;jeux;jeux-sportifs;air-hockey;"**Grand Air Hockey 4 Joueurs : L'Attraction Reine de Vos Événements en Île-de-France !**

Transformez vos événements en moments inoubliables avec le Grand Air Hockey 4 joueurs! Idéal pour séminaires, soirées d'entreprise ou fêtes privées en Île-de-France, ce jeu rétro garantit une ambiance électrique. Imaginez des tournois endiablés, stimulant l'esprit d'équipe et la bonne humeur. Particuliers, entreprises ou institutions, offrez à vos invités une expérience unique et conviviale.

Avec ses 115 kg de pur fun, son alimentation standard (220V) et sa capacité de 4 joueurs, ce jeu s'adapte à tous vos espaces en Île-de-France. Combinez-le avec nos bornes d'arcade et baby-foot pour une soirée gaming complète. Facile à installer et d'une robustesse à toute épreuve, il promet des heures de divertissement intense.

Envie de marquer les esprits dans les Yvelines (78), en Seine-et-Marne (77) ou à Paris (75) ? Louez dès maintenant le Grand Air Hockey 4 joueurs et faites de votre événement un succès retentissant grâce à ESIL-events, votre partenaire événementiel de confiance en Île-de-France.";240;288;;;Non;0;Non;grand-air-hockey-4-joueurs;Location Grand Air Hockey 4 Joueurs Événementielle Paris;Louez un Grand Air Hockey 4 joueurs pour un événement inoubliable  jeux de café et loisirs pour séminaires, fêtes, soirées gaming IDF et toute la France. ;Grand Air Hockey 4 joueurs Paris , location air hockey en IDF, jeux de café événementiel, animation événementielle entreprise paris 75, location jeux Ile de France, jeux de café et loisirs Yvelines78 , séminaire entreprise, soirée gaming sur paris , location jeux Île-de-France, location jeux Paris, location France entière;;06/05/2025
e55b94ce-9788-42ff-87a3-4724bb567f69;Iris pour BTSE200;Iris pour BTSE200;technique;eclairage;decoupe-et-poursuite;"**Maîtrisez la lumière avec l'Iris pour BTSE200 : Votre allié pour des événements inoubliables en Île-de-France !**

L'Iris BTSL-I est l'accessoire indispensable pour sublimer vos éclairages événementiels. Conçu spécifiquement pour le projecteur BTSE200 LED, il offre un contrôle précis du faisceau lumineux grâce à son diaphragme réglable. Créez des ambiances uniques, des effets de spot percutants aux black-out complets, pour des mariages féériques, des séminaires professionnels ou des événements institutionnels prestigieux.

Cet outil compact et léger (0.20kg) est facile à installer et à utiliser. Imaginez un éclairage ciblé sur les mariés pour leur première danse, ou un logo d'entreprise mis en valeur lors d'une conférence. Combinez-le avec nos autres projecteurs et consoles d'éclairage pour des scénographies lumineuses sur-mesure.

ESIL-events vous propose la location de cet accessoire technique essentiel pour vos événements en Île-de-France. Optimisez votre éclairage et impressionnez vos invités ! Contactez-nous pour une solution personnalisée dans les départements 75, 77, 78, 91, 92, 93, 94, et 95.";8.33;10;;;Non;0;Oui;iris-pour-btse200;Iris BTSE200 Location Événementiel Paris - Lumière Premium;Sublimez vos événements ! Louez l'Iris BTSE200 pour un éclairage précis et des ambiances uniques en Île-de-France à découvrir chez esil-events à mantes la ville;Iris pour BTSE200 location, location lumière événementiel Paris, découpe lumière événementiel, location matériel éclairage Île-de-France, effets lumière mariage, black-out projecteur événementiel, location iris projecteur BTSE200, location technique événementiel Paris, éclairage événementiel premium;;02/05/2025
3ebcbd76-fe74-4662-84e8-d13d70b6d826;Jeu de 4 connecteurs demi-cône P30 ;Jeu de 4 connecteurs demi-cône P30 ;technique;structure;accessoires-structure;"**Sécurisez vos structures événementielles en Île-de-France avec nos connecteurs demi-cône P30 !**

Ce jeu de 4 connecteurs demi-cône P30 BeamZ Professional garantit une fixation fiable de vos structures truss pour tout événement en Île-de-France. Que vous soyez un professionnel de l'événementiel, une institution ou un particulier préparant une réception, ce kit facile à assembler assure une sécurité optimale. Il comprend 4 connecteurs, goupilles et clavettes de sécurité.

Léger (0.55kg) et compatible avec les baseplates, ce kit est idéal pour vos scènes, stands et installations événementielles. Sa fabrication européenne est gage de qualité. Parfait pour mariages, séminaires ou événements institutionnels en région parisienne.

Combinez ce kit avec nos structures truss P30 et nos services de régie son et lumière ESIL-events pour un événement inoubliable en Île-de-France. Pour une sécurité sans faille, pensez à la location de ce kit essentiel pour vos événements en 75, 77, 78, 91, 92, 93, 94, 95.";4.17;5;;;Non;0;Oui;jeu-de-4-connecteurs-demi-cone-p30;Location Connecteurs Demi-Cône P30 - Structure Scène;En locationle jeu de 4 connecteurs demi-cône P30 BeamZ pour structures de scène événementielles. Installation facile, rapide avec une sécurité optimale.;location connecteur demi-cône P30, location structure scène événementielle, location beamz p30 truss, prix location connecteurs p30, tarif location structure scène, location matériel scène professionnel, location structure événement Paris, location structure événement région parisienne, connecteurs demi-cône P30 pour location, location accessoires structure événementielle, comment installer connecteurs demi-cône P30, location structure scène mariage, location structure scène séminaire entreprise;;24/04/2025
adda05cc-edb6-4cd6-816e-adb777acbd21;Jeu de Lumière PartyBar beamz 4 x Projecteurs led ;Jeu de Lumière PartyBar beamz 4 x Projecteurs led ;technique;eclairage;projecteur-led;"**Illuminez vos soirées en Île-de-France avec le PartyBar02 !** Ce jeu de lumière 4-en-1 (projecteurs PAR et Derby RGBW) transforme vos événements en spectacles grandioses. Particuliers, professionnels, institutions : offrez une ambiance inoubliable à vos convives !

Ce système compact (920 x 190 x 390 mm) de 100W, facile à installer grâce à son trépied intégré, propose 3 modes de contrôle (DMX, audio, autonome) et une télécommande IR. Créez des effets dynamiques pour mariages, séminaires ou soirées dans le 75, 77, 78, 91, 92, 93, 94, 95.

Imaginez : le PartyBar02 synchronisé avec nos systèmes son haut de gamme pour une immersion totale. Parfait pour sublimer vos événements en Île-de-France.

Envie d'éblouir vos invités ? Contactez ESIL pour une location simple et rapide en Île-de-France !";41.67;50;;;Non;0;Oui;jeu-de-lumiere-partybar-beamz-4-x-projecteurs-led;location PartyBar Beamz - Location Lumière en IDF ;Illuminez vos événements en Île-de-France avec le PartyBar Beamz ! Location simple et rapide pour mariages, séminaires, soirées. Effets lumineux spectaculaires ;location jeu de lumiere partybar beamz paris 75, projecteurs led evenementiel ile-de-france, location eclairage evenementiel paris, partybar beamz location Yvelines 78, location materiel lumiere spectacle, location projecteur led mariage yvelines78, ambiance lumineuse evenement corporate, location lumiere soiree privee, location systeme eclairage evenementiel IDF , projecteur led dmx location;;02/05/2025
d2e76791-e53c-482a-8f5e-dd6428a76af9;Jeu Gonflable Chasseur de Monstres;Jeu Gonflable Chasseur de Monstre;jeux;structures-gonflables;autres-jeux-gonflables;"Plongez dans l'aventure avec notre Jeu Gonflable Chasseur de Monstres, un jeu interactif où l'excitation et la compétition sont au rendez-vous. Parfait pour les événements à thème, les fêtes d'entreprise, les anniversaires ou tout autre rassemblement, ce jeu immersif permet à 4 joueurs de s'affronter simultanément dans un univers où ils devront attraper des monstres et marquer un maximum de points.

Équipé d'un compteur et d'une sono, le Jeu Gonflable Chasseur de Monstres crée une expérience interactive où chaque joueur tente d'attraper le plus de monstres possible en un temps limité. Le tout dans une ambiance sonore captivante et avec une structure gonflable qui garantit la sécurité et l'amusement de tous.";274.17;329;;;Non;0;Non;jeu-gonflable-chasseur-de-monstres;Location Jeu Gonflable Chasseur de Monstres - ESIL Events;Louez le Jeu Gonflable Chasseur de Monstres pour un événement inoubliable ! Animation interactive et fun pour fêtes, anniversaires et événements d'entreprise. Devis rapide et installation professionnelle en France.;location jeu gonflable chasseur de monstres, jeu gonflable interactif événement, location structure gonflable chasseur de monstres, animation événementielle chasseur de monstres, prix location jeu gonflable, tarif location jeu gonflable événement, location jeu gonflable région parisienne, jeu gonflable professionnel pour événement, location jeu gonflable anniversaire enfant, service location jeu gonflable France entière;;07/05/2025
4011020e-e8c0-460d-be94-465414fd7728;Jeu Gonflable Cible ;Jeu Gonflable Cible ;jeux;structures-gonflables;autres-jeux-gonflables;"Découvrez notre Jeu Gonflable Cible, l'animation parfaite pour les événements collectifs, les fêtes de société ou encore les événements d'entreprise. Avec un diamètre de 3 mètres, cette structure gonflable permet aux participants de tester leur adresse et de viser le centre de la cible. Ce jeu collectif est parfait pour rassembler les invités et créer une ambiance conviviale et compétitive.

Adapté à tous les âges, il garantit des moments de rire et de plaisir, tout en permettant à chacun de se mesurer aux autres. Ce jeu peut accueillir plusieurs joueurs simultanément, offrant ainsi une animation dynamique pour vos événements.";249.17;299;;;Non;0;Oui;jeu-gonflable-cible;Location Jeu Gonflable Cible - Animation Événementielle Premium;Animez vos événements avec notre jeu gonflable cible ! Location premium pour entreprises et particuliers. Ambiance conviviale garantie. Devis rapide et personnalisé en Île-de-France et partout en France.;location jeu gonflable cible, jeu gonflable cible événement entreprise, prix location jeu gonflable, tarif jeu gonflable événementiel, location animation événementielle région parisienne, jeu gonflable cible professionnel, location jeu gonflable grand format, animation team building jeu gonflable, jeu gonflable cible mariage, location jeu gonflable cible France entière;;07/05/2025
19690a25-31ad-4200-a0f2-bb0013189d41;Jeu Gonflable Échelle Équilibriste ;Jeu Gonflable Échelle Équilibriste;jeux;structures-gonflables;autres-jeux-gonflables;"Découvrez notre Jeu Gonflable Échelle Équilibriste, une attraction de taille impressionnante, mesurant 5M x 5M x 6M50 de haut, conçue pour défier votre agilité et votre équilibre. Ce jeu est idéal pour les plus grands qui souhaitent tester leurs compétences physiques dans un cadre ludique et compétitif.

Le but du jeu est simple : grimper l’échelle tout en maintenant son équilibre, mais l'intensité et les défis augmentent à mesure que vous montez ! Ce jeu est parfait pour les événements à grande échelle, les team buildings ou même pour vos fêtes d'entreprise et événements familiaux.

Son aspect imposant et ses difficultés progressives en font un choix parfait pour les adultes et les adolescents en quête d’une animation unique.";315.83;379;;;Non;0;Non;jeu-gonflable-echelle-equilibriste;Location Jeu Gonflable Échelle Équilibriste - ESIL Events;Louez notre jeu gonflable Échelle Équilibriste pour un événement inoubliable ! Agilité, fun et compétition garantis. Location premium pour événements en France.;location jeu gonflable échelle équilibriste, location jeu gonflable géant, jeu gonflable team building, tarif location échelle équilibriste événement, prix location jeu gonflable entreprise, animation événementielle adulte, location jeu gonflable région parisienne, jeu gonflable challenge entreprise, location jeu gonflable haut de gamme, service location jeux gonflables événement France entière, comment organiser un team building avec des jeux gonflables, location jeu gonflable professionnel;;07/05/2025
1314c40d-cce5-4401-a840-d44ba95531ca;Jeu Gonflable Sumo Adulte ;Jeu Gonflable Sumo Adulte ;jeux;structures-gonflables;autres-jeux-gonflables;"Découvrez notre Jeu Gonflable Sumo Adulte, une expérience amusante et dynamique pour vos événements. Ce jeu gonflable de 5M de diamètre permet à deux joueurs de se défier simultanément dans un combat de sumo, en utilisant des costumes de sumo spécialement conçus pour l'occasion. L'objectif est simple : faire tomber son adversaire du ring !

Idéal pour les événements de groupe, les fêtes d'entreprise, les team buildings ou toute autre occasion où vous souhaitez ajouter une touche de fun et de compétition. Ce jeu gonflable est une excellente manière de renforcer l'esprit d'équipe tout en garantissant des éclats de rire et une bonne ambiance.";249.17;299.00399999999996;;;Non;0;Non;jeu-gonflable-sumo-adulte;Location Jeu Gonflable Sumo Adulte - Événement Fun & Compétition;Louez notre jeu gonflable Sumo Adulte pour un événement inoubliable ! Idéal team building, fête d'entreprise. Livraison et installation partout en France. Demandez un devis !;location jeu gonflable sumo adulte, location sumo gonflable, jeu sumo gonflable prix, tarif location jeu sumo adulte, location jeu gonflable événement, location jeu gonflable entreprise, team building jeu gonflable, location jeu sumo région parisienne, jeu gonflable sumo professionnel, jeu sumo gonflable animation événement, comment organiser un tournoi de sumo gonflable, location jeu sumo adulte France, prix location jeu sumo gonflable événementiel;;07/05/2025
5b7f8548-3e3a-40d0-a9c6-89fdd7932255;Jeu Gonflable Tir au But  ;Jeu Gonflable Tir au But  ;jeux;structures-gonflables;chateaux-gonflables;"Plongez dans l’action avec notre Jeu Gonflable Tir au But ! Avec des dimensions de 4M x 2M50 x 2M50, ce jeu est l'animation idéale pour vos événements collectifs, compétitions ou fêtes d'entreprise. Que ce soit pour un tournoi amical ou un challenge d'adresse, ce jeu est conçu pour tester les habiletés de tir et offrir un moment amusant et dynamique à tous les participants.

Le principe est simple : les joueurs doivent viser et tirer dans le but pour marquer des points. Parfait pour une compétition saine et conviviale, il garantit des moments de plaisir et de défi pour vos invités de tous âges.";249.17;299.00399999999996;;;Non;0;Oui;jeu-gonflable-tir-au-but;Location Jeu Gonflable Tir au But - Animation Événementielle Fun;Louez notre Jeu Gonflable Tir au But pour animer vos événements ! Idéal pour fêtes d'entreprise, challenges et compétitions. Location facile en région parisienne et dans toute la France. Devis gratuit !;location jeu gonflable tir au but, jeu gonflable tir au but événement, animation événementielle tir au but, location jeu gonflable entreprise, tarif location jeu tir au but, prix location jeu gonflable événement, location jeu gonflable région parisienne, location jeu gonflable France entière, jeu gonflable tir au but professionnel, animation team building jeu gonflable, location structure gonflable tir au but;;07/05/2025
dee188ee-32e3-4cff-8f5c-6c021ebf238d;Jupe de scène droite, polyester, 6 m x 60 cm pour praticable ;Jupe de scène droite, polyester, 6 m x 60 cm pour praticable ;technique;scene;scene-interieure-exterieure;"**Transformez vos scènes en Île-de-France avec élégance !**

La jupe de scène droite ESIL-events, l'atout indispensable pour habiller vos praticables avec raffinement. En polyester noir de haute qualité (6m x 60cm), elle dissimule habilement les structures, créant une esthétique soignée pour mariages intimes, séminaires professionnels ou événements institutionnels prestigieux en région parisienne. Sa fixation facile par boucles et crochets, combinée à sa résistance au feu (DIN 4102 B1, FR M1 / EN 13773), garantit sécurité et tranquillité d'esprit.

Que vous soyez un particulier en quête d'une ambiance chaleureuse pour une célébration familiale dans le 77, un professionnel organisant une conférence dans le 92, ou une institution souhaitant un rendu impeccable pour un événement dans le 75, cette jupe de scène s'adapte à tous vos besoins. Son tissu occultant et sa finition impeccable masquent les câbles et les pieds de scène, offrant une image professionnelle et soignée.

Associez cette jupe de scène avec nos praticables modulables et nos profilés en aluminium pour une installation rapide et un résultat optimal. ESIL-events vous propose une solution clé en main pour sublimer vos événements en Île-de-France. Contactez-nous pour la location de votre matériel scénique et créez un événement inoubliable.";18.33;22;;;Non;10;Oui;jupe-de-scene-droite-polyester-6-m-x-60-cm-pour-praticable;Jupe de Scène Noire 6m - Location mobilier  Événementiel;Louez  chez esil-events.f jupe de scène noire 6m x 60cm en polyester ignifugé . fixation facile. Idéal pour événements en région parisienne et toute la France. ;location jupe de scène noire pour mariage, jupe de scène 6m location, location habillage praticable pour séminaire , location jupe de scène événement, prix location jupe de scène, tarif location jupe scène, location jupe de scène région parisienne, location jupe de scène ignifugée, comment fixer une jupe de scène, location jupe de scène professionnelle, jupe de scène polyester location;;24/04/2025
df364aa2-ff10-49a9-88a8-5766d007380c;Lampes de table sur batterie;Lampes;technique;eclairage;lampes-de-table-sur-batterie;"**Illuminez vos nuits en Île-de-France avec nos lampes de table sans fil : l'élégance à portée de main !**

ESIL-events vous offre l'ambiance parfaite avec ces lampes LED sur batterie, idéales pour mariages féériques, séminaires productifs ou événements institutionnels prestigieux en Île-de-France. Ajustez l'intensité et la couleur (blanc chaud/froid, dégradés) grâce à leur cordelette discrète. Autonomie longue durée (8-20h, charge USB-C).

Imaginez ces lampes sublimant vos tables basses ou buffets, créant une atmosphère chaleureuse et personnalisée. Particuliers, professionnels, institutions : créez un événement inoubliable dans le 75, 77, 78, 91, 92, 93, 94 et 95. Complétez votre éclairage avec nos projecteurs et jeux de lumière.

ESIL-events, votre partenaire événementiel en Île-de-France, illumine vos idées. Contactez-nous pour louer ces lampes et transformer votre prochain événement ! (Prix HT: 8.33€, Prix TTC: 10€)";8.33;10;;;Non;40;Oui;lampes-de-table-sur-batterie-2;Location Lampes de Table sur Batterie  Événementiel Paris;Sublimez vos événements en Île-de-France avec nos lampes de table sans fil ! Ambiance personnalisée garantie. Location premium dès 8,33€ HT. Contactez-nous !;lampes de table sur batterie location Yvelines 78, location lampes led événementiel paris, éclairage événementiel sans fil île de france, mobilier lumineux location paris, location lampe de table mariage Yvelines 78, éclairage décoratif événementiel Paris 75, location matériel lumière événementiel IDF, location lampes de table sur batterie île de france;;06/08/2025
c916112c-26d2-4e66-9828-a07af2a9fb3e;Lampes de table sur batterie;Lampes de table ;technique;eclairage;projecteur-led;"**Illuminez vos événements en Île-de-France avec une touche de magie sans fil!** ESIL-events vous propose ces lampes de table LED sur batterie, la solution idéale pour une ambiance personnalisée et mobile. Modifiez l'intensité et la couleur (blanc chaud/froid, dégradés) avec une simple cordelette.

Parfaites pour mariages romantiques, séminaires modernes ou événements institutionnels prestigieux en Île-de-France, ces lampes autonomes (8-20h d'autonomie après 4-5h de charge USB-C) s'adaptent à tous vos espaces, intérieurs comme extérieurs. Imaginez-les sublimant vos tables de réception, buffets élégants ou espaces lounge cosy.

Professionnels, particuliers, institutions en 75, 77, 78, 91, 92, 93, 94 et 95 : créez une atmosphère unique et mémorable. Intégrez-les à notre mobilier lumineux pour un effet spectaculaire. Combinez-les à nos projecteurs et jeux de lumière pour un éclairage personnalisé.

ESIL-events, votre expert événementiel en Île-de-France, vous aide à illuminer vos idées. Contactez-nous pour une location sur mesure et transformez votre événement en un moment inoubliable!";8.33;10;;;Non;40;Oui;lampes-de-table-sur-batterie-1;Location Lampes de Table sur Batterie  Événementiel Paris;Sublimez vos événements en Île-de-France avec nos lampes de table sans fil ! Ambiance personnalisée garantie. Location premium dès 8,33€ HT. Contactez-nous !;lampes de table sur batterie location Yvelines 78, location lampes led événementiel paris, éclairage événementiel sans fil île de france, mobilier lumineux location paris, location lampe de table mariage Yvelines 78, éclairage décoratif événementiel Paris 75, location matériel lumière événementiel IDF, location lampes de table sur batterie île de france;;05/08/2025
5c76807f-81dc-48a6-b1dd-ac67ea577576;Lampes de table sur batterie;Lampes de table sur batterie;technique;eclairage;mobilier-lumineux;"**Illuminez vos événements en Île-de-France avec élégance : nos lampes de table sans fil**

ESIL-events, votre partenaire événementiel en région parisienne, vous propose ces lampes LED sur batterie pour une ambiance personnalisée. Contrôlez l'intensité et la couleur (blanc chaud/froid, dégradés) via une cordelette discrète. Autonomes (8-20h après 4-5h de charge USB-C), elles sont parfaites en extérieur.

Idéales pour mariages, séminaires, ou événements institutionnels en Île-de-France, ces lampes s'intègrent à notre mobilier lumineux. Imaginez-les sublimant vos tables basses ou buffets! Particuliers, professionnels, institutions : créez une ambiance inoubliable dans le 75, 77, 78, 91, 92, 93, 94 et 95.

Pour un éclairage spectaculaire, combinez-les à nos projecteurs et jeux de lumière. Contactez ESIL-events, votre expert en événementiel en Île-de-France, pour illuminer vos idées et louer ces lampes dès aujourd'hui!";8.33;10;;;Non;40;Oui;lampes-de-table-sur-batterie;Location Lampes de Table sur Batterie  Événementiel Paris;Sublimez vos événements en Île-de-France avec nos lampes de table sans fil ! Ambiance personnalisée garantie. Location premium dès 8,33€ HT. Contactez-nous !;lampes de table sur batterie location Yvelines 78, location lampes led événementiel paris, éclairage événementiel sans fil île de france, mobilier lumineux location paris, location lampe de table mariage Yvelines 78, éclairage décoratif événementiel Paris 75, location matériel lumière événementiel IDF, location lampes de table sur batterie île de france;;10/07/2025
be2cc0f9-27fc-418b-8dd4-8661e3c6f165;lanceur de confettis;lanceur de confettis;technique;eclairage;effets-speciaux;"Voici une description optimisée pour le lanceur de confettis d'ESIL-events :

Lancez la Magie : Confettis Éblouissants pour des Événements Inoubliables en Île-de-France 

Sublimez vos événements en Île-de-France avec notre lanceur de confettis, l'atout festif par excellence. Parfait pour les mariages féériques, les séminaires dynamiques ou les inaugurations institutionnelles mémorables, ce dispositif technique transforme chaque instant en un spectacle visuel époustouflant. Créez une pluie de couleurs et d'émotions qui marquera les esprits de vos invités, quel que soit le lieu en Île-de-France.

Ce lanceur de confettis, un effet spécial lumineux, est simple d'utilisation et garantit un impact visuel maximal. Imaginez une explosion de joie lors de votre mariage, un regain d'énergie lors d'un team building ou un moment solennel sublimé lors d'une cérémonie officielle. Combinez-le avec nos jeux de lumière et notre service de régie son pour une expérience immersive totale.

Pour vos événements en Seine-et-Marne (77), dans les Yvelines (78), l'Essonne (91), les Hauts-de-Seine (92), la Seine-Saint-Denis (93), le Val-de-Marne (94) ou le Val-d'Oise (95), ESIL-events vous propose une solution clé en main. Contactez-nous pour une location et donnez vie à vos rêves les plus fous en Île-de-France (75) 

Tarif sans les confettis :
Tarif confettis 1 GK  -  25 € TTC";40;48;;;Non;0;Oui;lanceur-de-confettis;Location Lanceur Confettis professionnel  en ile de France ;Éblouissez vos événements en Île-de-France avec notre lanceur de confettis premium , Effet spécial garanti pour mariages, séminaires, pour évents sportifs.;lanceur confettis location IDF, location lanceur confettis Paris, effets spéciaux événementiel IDF, location  lanceur confettis Yvelines 78, lanceur confettis professionnel paris ,Machine à confettis en IDF,Location machine à confettis  75,Location machine à confettis Versailles 78,Location machine à confettis pour mariage paris ,Location machine à confettis  pour évènements sportifs 75,Location machine à confettis  pour évènements sportifs France,Location machine à confettis pour gala de danse Versailles 78,Location machine à confettis pour gala de danse paris 75,Location machine à confettis pour tournois sportifs paris ;;13/11/2025
1e6a0509-3524-437b-9384-6e398ff53a27;laser 20 W rgb Beamz ;laser 20 W rgb Beamz ;technique;eclairage;laser;"Location Laser RGB 20 W BEAMZ – Éclairez vos événements en Île-de-France et en France

Vous cherchez à sublimer vos soirées et événements avec un éclairage spectaculaire ? Notre laser RGB 20 W BEAMZ est la solution idéale pour créer une ambiance unique et dynamique. Disponible à la location en Île-de-France et partout en France, ce laser professionnel combine technologie RGB, puissance de 20 W et effets lumineux impressionnants pour vos soirées privées, mariages, concerts, discothèques ou événements d’entreprise.

Avec le laser RGB 20 W BEAMZ, vous bénéficiez de :

Des effets lumineux multicolores pour des spectacles époustouflants.

Une puissance optimale pour une couverture maximale dans les salles et espaces extérieurs.

Une installation facile et rapide, idéale pour les particuliers et les professionnels.

Un produit fiable et professionnel, parfait pour vos événements en Île-de-France et en France.

Nos services incluent la location de matériel lumière et laser pour événements, avec livraison et conseils d’installation. Que vous organisiez un événement privé à Paris, une fête à Lyon, ou un concert à Marseille, notre laser RGB 20 W BEAMZ donnera vie à vos soirées avec des jeux de lumière colorés et dynamiques.

Réservez dès maintenant votre laser RGB 20 W BEAMZ et transformez votre événement en une expérience inoubliable grâce à des effets lumineux professionnels et spectaculaires";350;420;;;Non;2;Oui;laser-20-w-rgb-beamz;location Laser 20W RGB Beamz en ile de France et France ;Louer votre Laser RGB 20 W BEAMZ pour  vos événements en Île-de-France et en France , idéale pour toutes soirée dansante et création de lumières à l'infinis  ;Location laser forte puissance 20W RGB paris ,Location laser forte puissance 20W RGB yvelines,Location laser forte puissance 20W RGB ile de France , Location laser 20W RGB en IDF, Location laser 20W RGB en  IDF pour soirée entreprise , Location laser 20W  en IDF pour soirée disco , Location laser 20W RGB en IDF pour soirée entreprise sur paris , Location laser 20W en IDF pour soirée d'entreprise sur paris ;;23/01/2026
8fe71e19-be32-4ea6-8f53-b99b2106b773;Laser Fos -Technologie RGB 3 w ;Laser Fos -Technologie RGB 3 w ;technique;eclairage;laser;"**Illuminez vos événements en Île-de-France avec le Laser RGB 3W d'ESIL-events !**

Ce laser RGB 3W transforme tout événement en spectacle lumineux. Créez des ambiances dynamiques pour mariages, séminaires, ou soirées étudiantes en Île-de-France (75, 77, 78, 91, 92, 93, 94, 95). Idéal pour projeter des motifs complexes ou des faisceaux perçants.

Particuliers, sublimez votre mariage ; professionnels, dynamisez vos conférences ; institutions, spectaculaire pour vos événements culturels. Combinez-le avec nos machines à fumée pour un effet garanti. Location à 120€ TTC.

ESIL-events, votre partenaire en Île-de-France, vous accompagne. Contactez-nous pour une location et illuminez votre prochain événement !";82.5;99;;;Non;0;Oui;laser-fos-technologie-rgb-3-w;Location Laser RGB 3W Île-de-France Événementiel pro ;Illuminez vos événements en Île-de-France avec notre Laser RGB 3W premium ! Effets spectaculaires garantis pour mariages, soirées et événements corporate. ;location laser rgb 3w île de france, location laser evenementiel paris, effets lumières mariage 78, location lumiere soiree entreprise, laser show évènementiel yvelines, location materiel eclairage professionnel, location laser animation 75, laser rgb 3w location, location laser mariage ile de france, eclairage evenementiel haut de gamme;;05/08/2025
4fc9860b-c469-4d6d-a688-31b3a0aa56c7;Laser Multi-point RGB avec Bluetooth ;Laser Multi-point RGB avec Bluetooth ;technique;eclairage;laser;"""ransformez vos événements en un véritable spectacle de lumière et de son avec notre Laser Multi-point RGB équipé d'une enceinte Bluetooth intégrée. Ce dispositif puissant génère des millions de points lumineux colorés, synchronisés avec la musique pour offrir une expérience immersive unique. Grâce à ses différents modes de fonctionnement, vous pouvez personnaliser l’ambiance de votre espace : musique seule, laser seul, laser fixe, ou combinaison laser + musique.

Le Laser RGB dispose également d'un égaliseur à 6 modes, vous permettant de personnaliser l'effet sonore pour un rendu optimal. Que vous organisiez une soirée à la maison ou un événement en extérieur, ce laser est adapté à tous types de situations. Il est étanche et résistant aux intempéries, parfait pour une utilisation en intérieur comme en extérieur.
Idéal pour soirées à la maison, fêtes, événements DJ, et toutes occasions nécessitant un effet visuel et sonore impressionnant. Location Laser Multi-point RGB avec Bluetooth - Créez une atmosphère incroyable et inoubliable pour vos invités !""";12.5;15;;;Non;0;Oui;laser-multi-point-rgb-avec-bluetooth;Location Laser RGB Bluetooth - Jeux de Lumière Événementiel;Illuminez vos événements avec notre Laser RGB Bluetooth ! Effets lumineux synchronisés, enceinte intégrée facile et rapide à installer . Idéal soirées;location laser rgb bluetooth, location jeux de lumière événement, location laser soirée, prix location laser événementiel, tarif location laser rgb, location laser région parisienne, location jeux de lumière professionnel, comment utiliser laser rgb bluetooth événement, location laser multi-points haut de gamme, service location laser France entière;;05/05/2025
c4ff5d4d-fe33-4024-aabe-fc5cb9d5282b;Laser Vert 2 x 25 mW ;Laser Vert 2 x 25 mW ;technique;eclairage;laser;"""Le Laser Vert 2 x 25 mW est un jeu de lumière compact et puissant qui apportera une touche de couleur et de dynamisme à vos événements. Grâce à sa puissance de 50 mW, ce laser vert est idéal pour les particuliers comme pour les professionnels. Il peut être utilisé en mode automatique, en DMX (avec 8 canaux), ou en mode maître/esclave. Il dispose également d’un mode musical, réagissant au rythme de la musique pour des effets encore plus impressionnants.

Ce laser est facile à utiliser, livré avec une télécommande, et se combine parfaitement avec une machine à fumée pour rendre les faisceaux lumineux plus visibles et spectaculaires. Son design compact (dimensions de 200 x 80 x 160 mm et un poids de 2,1 kg) permet une installation discrète et rapide, tout en étant suffisamment puissant pour illuminer vos espaces.
Transformez vos soirées en un véritable spectacle visuel avec ce Laser Vert ! Location Laser Vert 2 x 25 mW – Parfait pour vos événements et vos prestations !""";20.83;25;;;Non;0;Oui;laser-vert-2-x-25-mw;Location Laser Vert 2x25mW - Lumière Événementielle Pro | ESIL-events;Louez un Laser Vert 2x25mW pour illuminer vos événements ! Effets dynamiques, facile à utiliser. Idéal mariages, soirées. Livraison en France entière. Demandez un devis !;location laser vert événement, location laser vert 2x25mW, laser vert location prix, tarif location laser événementiel, location jeux de lumière événement, location laser mariage, location laser soirée privée, location laser région parisienne, location matériel éclairage événementiel professionnel, comment utiliser laser vert événement, laser vert avec machine à fumée location, location laser puissant pas cher;;05/05/2025
03740566-53c9-4116-b8b8-ee98eb7e6356;Lentille 19 Degrés pour BTSE200 ;Lentille 19 Degrés pour BTSE200 ;technique;eclairage;decoupe-et-poursuite;"**Description Produit : Lentille 19° pour BTSE200 - Maîtrisez la lumière en Île-de-France !**

Professionnels de l'événementiel en Île-de-France, particuliers exigeants ou institutions prestigieuses : sublimez vos éclairages avec notre lentille 19° pour BTSE200 ! Cet accessoire essentiel, robuste en aluminium noir, transforme votre projecteur en un outil de précision. Concentrez le faisceau lumineux pour un éclairage ciblé et impactant, idéal pour valoriser vos scènes et créer des ambiances uniques.

Cette lentille de 19° offre un contrôle optimal du flux lumineux. Ses dimensions (300x300x300mm) et son poids (4kg) assurent une manipulation aisée et une intégration discrète. Imaginez : un éclairage théâtral précis pour un mariage romantique dans les Yvelines (78), des projections nettes lors d'un séminaire en Seine-et-Marne (77), ou une mise en lumière architecturale élégante pour une réception institutionnelle à Paris (75).

Combinez cette lentille avec nos projecteurs BTSE200 et nos services de régie son et lumière ESIL-events pour une prestation complète et personnalisée. Transformez vos événements en expériences inoubliables. Contactez-nous pour une location sur mesure en Île-de-France et illuminez vos projets avec expertise !";20.83;25;;;Non;0;Oui;lentille-19-degres-pour-btse200;Location Lentille 19° BTSE200 - Éclairage  Professionnel;Louez la lentille 19° pour BTSE200 chez ESIL-events et maîtrisez l'éclairage de vos événements. Précision et qualité pour un éclairage ciblé. Location en IDF  ;location lentille 19 degrés BTSE200 paris 75, lentille projecteur événementiel yvelines78, prix location lentille BTSE200, tarif location éclairage événementiel, location matériel éclairage professionnel, location lentille 19 degrés région parisienne, location lentille 19 degrés France, comment utiliser lentille 19 degrés BTSE200, location jeux de lumière événementiel idf, éclairage ciblé événement;;02/05/2025
a55cdcf6-a6c6-4824-b27d-6c8aba58d623;Lentille 26 Degrés pour BTSE200 ;Lentille 26 Degrés pour BTSE200 ;technique;eclairage;decoupe-et-poursuite;"**Maîtrisez l'éclairage de vos événements en Île-de-France avec précision !**

La lentille 26° pour BTSE200 est l'accessoire indispensable pour sculpter la lumière de vos événements. Conçue en aluminium robuste avec un élégant boîtier noir, cette lentille affine le faisceau lumineux de votre projecteur, créant des effets saisissants. Dimensions: 300x300x300mm, poids: 4kg.

Que ce soit pour un mariage intimiste en Seine-et-Marne (77), un séminaire d'entreprise dans les Hauts-de-Seine (92) ou un événement institutionnel à Paris (75), cette lentille vous offre un contrôle total sur l'ambiance lumineuse. Combinez-la avec nos services de régie son et lumière pour un rendu impeccable.

Optimisez votre éclairage événementiel en Île-de-France. Contactez ESIL-events pour la location de votre lentille 26° et découvrez comment sublimer vos événements.";20.83;25;;;Non;0;Oui;lentille-26-degres-pour-btse200;Lentille 26° BTSE200 Location Événement - ESIL Events;Louez la lentille 26° pour projecteur BTSE200 . Optimisez votre éclairage événementiel avec cet accessoire professionnel. disponible en région parisienne ;location lentille 26 degrés BTSE200 PARIS 75, lentille 26° location événement, prix location lentille BTSE200, tarif lentille projecteur événementiel, location matériel éclairage professionnel Paris 75, location jeux de lumière région parisienne, quel prix pour une lentille 26 degrés, comment utiliser lentille projecteur BTSE200, location matériel son et lumière événement, location lentille 26 degrés France entière, location lentille projecteur haut de gamme,location lentille 26 degrés BTSE200 yvelines 78,location lentille 26 degrés BTSE200 IDF;;02/05/2025
1f48afea-2a82-4aa7-ae3d-6484092ef330;locatio Micro électret serre-tête omnidirectionnel beige - JTS CM-214F ;JTS CM-214F ;technique;sonorisation;micros-et-pieds-de-micros;"**Pour une prise de parole impeccable en Île-de-France : Louez le micro serre-tête JTS CM-214F !**

Le JTS CM-214F, disponible chez ESIL-events en Île-de-France, est la solution idéale pour des conférences, spectacles et présentations sans contrainte. Léger, discret (couleur chair) et omnidirectionnel, il offre une captation sonore claire (60-15000 Hz) et une liberté de mouvement totale. Sa résistance à l'humidité et sa compatibilité avec les émetteurs IN-/PT-/UF en font un outil fiable pour tous vos événements.

Que vous soyez un particulier organisant une fête, une entreprise préparant un séminaire en Seine-et-Marne (77) ou une institution organisant un événement en Essonne (91), ce micro s'adapte à vos besoins. Imaginez-le combiné à nos systèmes de sonorisation professionnels pour une qualité audio optimale. Livré avec sacoche et bonnette, il assure une performance impeccable.

Optez pour le confort et la qualité avec le JTS CM-214F. Pour une sonorisation professionnelle réussie de votre prochain événement en Île-de-France, pensez à la location chez ESIL-events.";16.67;20;;;Non;0;Oui;locatio-micro-electret-serre-tete-omnidirectionnel-beige-jts-cm-214f;Micro serre-tête JTS CM-214F - Location esil-events.fr;location  micro serre-tête JTS CM-214F pour vos événements. Omnidirectionnel, léger et discret, idéal pour conférences et spectacles séminaire,conférence.;location micro serre-tête paris , location micro serre-têteJTS CM-214F, location micro événement 78 , sonorisation professionnelle region parisienne , location micro serre-tête conférences yvelines , micro omnidirectionnel,location micro serre-tête pour seminaire ile de france,location micro serre-tête pour conference paris ;;30/04/2025
c2659a2f-dbca-431e-902c-87cb267ab3e3;Location Air Hockey VORTEX - 4 joueurs ;Air Hockey VORTEX - 4 joueurs ;jeux;jeux-sportifs;air-hockey;"<h2><br></h2><h3><strong style=""color: rgb(153, 51, 255);"">Caractéristiques techniques</strong></h3><table><tbody><tr><td data-row=""1"">Caractéristique</td><td data-row=""1"">Détail</td></tr><tr><td data-row=""2"">Dimensions extérieures</td><td data-row=""2"">213 x 122 x 81 cm</td></tr><tr><td data-row=""3"">Surface de jeu</td><td data-row=""3"">198 x 106,5 cm</td></tr><tr><td data-row=""4"">Poids</td><td data-row=""4"">77 kg</td></tr><tr><td data-row=""5"">Joueurs</td><td data-row=""5"">2 à 4 joueurs</td></tr><tr><td data-row=""6"">Alimentation</td><td data-row=""6"">220 V, moteur électrique soufflerie</td></tr><tr><td data-row=""7"">Accessoires inclus</td><td data-row=""7"">4 poignées, 4 palets de 63 mm, compteur manuel</td></tr></tbody></table><h3><br></h3>";258.33;310;;;Non;0;Oui;air-hockey-vortex-4-joueurs;Location Air Hockey 4 Joueurs VORTEX - Jeux Événementiel;Louez notre Air Hockey VORTEX 4 joueurs avec plateau Inox pour un événement inoubliable ! Idéal pour séminaires, soirées rétro,salons gaming en IDF et France.;location air hockey 4 joueurs paris 75, air hockey vortex location versailles 78, location jeu arcade événement IDF, location air hockey événementiel Paris , tarif location air hockey 4 joueurs événement, location air hockey  ile de France, location air hockey professionnel, location jeux de café événement, animation soirée entreprise air hockey, location air hockey pour salon rétro Gaming IDF, location air hockey events paris 75;;06/05/2025
f05a10ba-9d90-41b5-b77a-463b4faebea1;Location Arcade GameBoy géante;Game boy géante ;jeux;jeux-d-arcades;borne-d-arcade;"<h2><br></h2><table><tbody><tr><td data-row=""1"">Caractéristique</td><td data-row=""1"">Détail</td></tr><tr><td data-row=""2""><strong>Nombre de joueurs</strong></td><td data-row=""2"">2</td></tr><tr><td data-row=""3""><strong>Alimentation</strong></td><td data-row=""3"">220 V</td></tr><tr><td data-row=""4""><strong>Hauteur</strong></td><td data-row=""4"">130 cm</td></tr><tr><td data-row=""5""><strong>Largeur</strong></td><td data-row=""5"">100 cm</td></tr><tr><td data-row=""6""><strong>Profondeur</strong></td><td data-row=""6"">40 cm</td></tr><tr><td data-row=""7""><strong>Poids</strong></td><td data-row=""7"">40 kg</td></tr><tr><td data-row=""8""><strong>Jeux inclus</strong></td><td data-row=""8"">+ de 1000 jeux rétro des années 90</td></tr></tbody></table><p><br></p>";154.19;185.03;;;Non;0;Oui;location-arcade-game-boy-geante;Location Arcade Game Boy Géante en Île-de-France ;Location GameBoy Géante avec ESIL EVENTS à Paris, 75, Yvelines et Île-de-France. Plus de 1000 jeux rétro pour une animation rétro interactive et fun.;location game boy géante île-de-france, animation événementielle île-de-france, jeux de café et loisirs événement paris 75, borne arcade Game Boy Géante événement paris, location jeux événement entreprise 78, animation Game Boy Géante team building  Yvelines, location game boy géante 75, location jeux arcade  Game Boy Géante événement 78, animation Game Boy Géante jeux vintage Versailles 78,location game boy géante, ESIL EVENTS, game boy géante à louer, animation rétro années 90, location console rétro, game boy XXL, location console Paris, location console 75, location console Yvelines, location console Île-de-France, jeu rétro, animation anniversaire rétro, animation soirée privée, animation team-building, activité ludique rétro, console rétro à louer, jeux rétro années 90, expérience immersive rétro, jeu interactif, location jeux événementiels Paris, animation vintage, console pour salon, activité originale pour événement, location Game Boy XXL, arcade rétro, animation ludique Ile-de-France;;16/05/2025
14cc8fde-6dbe-4848-9918-f4afcdbaecca;Location arcade Nintendo Switch Géante;Nintendo Switch Géante;jeux;jeux-d-arcades;borne-d-arcade;"<h2><br></h2><h3><strong style=""color: rgb(153, 51, 255);"">Caractéristiques</strong></h3><table><tbody><tr><td data-row=""1"">Caractéristique</td><td data-row=""1"">Détail</td></tr><tr><td data-row=""2""><strong>Dimensions</strong></td><td data-row=""2"">Hauteur : 75 cm, Largeur : 130 cm, Profondeur : 64 cm</td></tr><tr><td data-row=""3""><strong>Poids</strong></td><td data-row=""3"">40 kg</td></tr><tr><td data-row=""4""><strong>Alimentation</strong></td><td data-row=""4"">220 V</td></tr><tr><td data-row=""5""><strong>Jeux inclus</strong></td><td data-row=""5"">+ 1 000 jeux Nintendo Switch</td></tr></tbody></table><p><br></p>";145.83;175;;;Non;0;Oui;nintendo-switch-geante;Location Nintendo Switch Géante pour Événement - ESIL-events;Animez votre événement avec la Nintendo Switch Géante ! Borne d'arcade rétro avec + de 1000 jeux. Location événementielle pro & particuliers. Devis personnalisé !;location Nintendo Switch géante événement, location borne arcade rétro événement, animation jeux de café événement, prix location Nintendo Switch géante, tarif location borne arcade événementiel, location Nintendo Switch géante région parisienne, location jeux événementiel professionnel, location jeux de café haut de gamme, Nintendo Switch géante pour anniversaire, Nintendo Switch géante pour séminaire, location borne arcade multi jeux, service location Nintendo Switch géante France entière, comment animer un événement avec une borne d'arcade, jeux de café et loisirs pour événement entreprise;;26/05/2025
424f6581-ff39-4653-95cf-ee6938d84e14;Location arcade tir - simulateur ;arcade tir;jeux;simulateurs;simulateur-de-tir;"<h2><strong style=""color: rgb(153, 51, 255);"">Caractéristiques techniques</strong></h2><table><tbody><tr><td data-row=""1"">Caractéristique</td><td data-row=""1"">Détail</td></tr><tr><td data-row=""2"">Hauteur</td><td data-row=""2"">179 cm</td></tr><tr><td data-row=""3"">Largeur</td><td data-row=""3"">48 cm</td></tr><tr><td data-row=""4"">Profondeur</td><td data-row=""4"">72 cm</td></tr><tr><td data-row=""5"">Poids</td><td data-row=""5"">45 kg</td></tr><tr><td data-row=""6"">Alimentation</td><td data-row=""6"">220 V</td></tr><tr><td data-row=""7"">Joueurs</td><td data-row=""7"">1 joueur</td></tr></tbody></table><h3><br></h3>";175;210;;;Non;0;Oui;location-arcade-tir-simulateur;Location Arcade Tir - Simulateur de Tir Premium Paris & IDF;Dynamisez vos soirées d'entreprise avec la location d'arcade de tir premium. Animation immersive à Paris & IDF. Installation pro par ESIL-EVENTS. Devis en 24h !;location arcade tir Paris, simulateur de tir événementiel Île-de-France, animation jeu de tir soirée entreprise, location borne arcade tir Lyon, animation gaming haut de gamme France, simulateur de tir professionnel pour séminaire, location jeux arcade premium Paris, animation interactive événement corporate, location matériel événementiel simulateur, borne arcade tir location IDF,location arcade tir, simulateur de tir arcade, location borne de tir, location jeu d’arcade, animation gaming, animation rétro, jeux séminaire entreprise, location arcade Paris, location arcade 75, location arcade Île-de-France, animation entreprise, animation événementielle, location baby-foot;;27/02/2026
f3692277-e0f3-4671-aabd-0dabe3d7f0ad;Location Baby-foot 2 joueurs STELLA - TOI & MOI OUTDOOR;Babyfoot STELLA - TOI & MOI OUTDOOR;technique;coupe-du-monde-football;animation-football;"<h2><strong style=""color: rgb(153, 51, 255);"">Caractéristiques techniques</strong></h2><table><tbody><tr><td data-row=""1"">Caractéristique</td><td data-row=""1"">Détail</td></tr><tr><td data-row=""2"">Dimensions</td><td data-row=""2"">H 93 cm / L 90 cm / P 100 cm</td></tr><tr><td data-row=""3"">Poids</td><td data-row=""3"">62 kg</td></tr><tr><td data-row=""4"">Type de jeu</td><td data-row=""4"">Baby-foot outdoor 2 joueurs</td></tr><tr><td data-row=""5"">Résistance</td><td data-row=""5"">UV, pluie, neige</td></tr><tr><td data-row=""6"">Utilisation</td><td data-row=""6"">Intérieur et extérieur</td></tr><tr><td data-row=""7"">Coloris disponibles</td><td data-row=""7"">Taupe, blanc, chêne, gris, bleu, vert</td></tr></tbody></table><h3><br></h3>";158.33;190;;;Non;0;Oui;babyfoot-stella-toi-moi-outdoor;Location Baby-Foot 2 Joueurs Outdoor Stella Toi & Moi;Location baby-foot 2 joueurs à Paris et IDF. Mini baby-foot outdoor résistant, idéal pour événements, animations et soirées conviviales.;location babyfoot 2 joueurs  paris 75 , location babyfoot évènementiel ile de france, jeux café évènement Yvelines 78 , animation team building paris, babyfoot stella toi et moi en location, location babyfoot mariage ile de france, jeux animation évènementiel Yvelines78, location jeux de cafe,location babyfoot 2 joueurs pour prestation entreprise paris,location babyfoot 2 joueurs  en ile de France,location babyfoot 2 joueurs journée team building  paris 75 , location baby foot, location baby-foot 2 joueurs, location mini baby-foot, baby-foot extérieur à louer, location baby-foot Paris, location baby-foot 75, location baby-foot Yvelines, location baby-foot Île-de-France, animation sportive, animation extérieure, jeu sportif événementiel, animation conviviale, ESIL EVENTS;;18/08/2025
719ac23e-ce89-476c-bad4-5ec65275e206;Location Baby-foot Bonzini B90;Baby-foot Bonzini B90;technique;coupe-du-monde-football;animation-football;"<h2><strong style=""color: rgb(153, 51, 255);"">Caractéristiques techniques</strong></h2><table><tbody><tr><td data-row=""1"">Caractéristique</td><td data-row=""1"">Détail</td></tr><tr><td data-row=""2"">Dimensions</td><td data-row=""2"">1,50 m x 1,00 m x 0,95 m</td></tr><tr><td data-row=""3"">Poids</td><td data-row=""3"">80 kg (approx.)</td></tr><tr><td data-row=""4"">Type de jeu</td><td data-row=""4"">Baby-foot traditionnel</td></tr><tr><td data-row=""5"">Nombre de joueurs</td><td data-row=""5"">2 à 4 joueurs</td></tr><tr><td data-row=""6"">Installation</td><td data-row=""6"">Intérieur uniquement</td></tr><tr><td data-row=""7"">Matériaux</td><td data-row=""7"">Bois et acier robuste</td></tr></tbody></table><h3><br></h3>";175;210;;;Non;0;Oui;baby-foot-bonzini-b90;Location Baby-foot Bonzini B90 Paris et ile de France ;Location Baby-foot Bonzini B90 à Paris, 75 et Yvelines avec ESIL EVENTS. Jeu sportif idéal pour animations, soirées et événements conviviaux.;location baby-foot bonzini b90 paris 75, location baby-foot Île-de-France, jeux de café événement entreprise Versailles 78, animation jeux baby foot soirée paris, location jeux événement bonzini IDF, location babyfoot évènementiel ile de france, location bonzini b90 yvelines 78, location babyfoot bonzini yvelines,location baby-foot 8 joueurs en ile de France, location babyfoot paris,location baby-foot 8 joueurs pour fête de société  ,location baby-foot ;;06/05/2025
55cd5c95-a207-4342-9c7a-07d346072228;Location Baby-foot Stella  XXL 8 Joueurs;Baby-foot Stella  XXL 8 Joueurs;technique;coupe-du-monde-football;animation-football;"<h2><strong style=""color: rgb(153, 51, 255);"">Caractéristiques techniques</strong></h2><table><tbody><tr><td data-row=""1"">Caractéristique</td><td data-row=""1"">Détail</td></tr><tr><td data-row=""2"">Dimensions</td><td data-row=""2"">H 93 cm / L 280 cm / P 100 cm</td></tr><tr><td data-row=""3"">Poids</td><td data-row=""3"">150 kg</td></tr><tr><td data-row=""4"">Type de jeu</td><td data-row=""4"">Baby-foot XXL 8 joueurs</td></tr><tr><td data-row=""5"">Nombre de poignées</td><td data-row=""5"">16</td></tr><tr><td data-row=""6"">Couleur</td><td data-row=""6"">Noir</td></tr><tr><td data-row=""7"">Particularités</td><td data-row=""7"">Fabrication artisanale, personnalisation possible sur demande</td></tr></tbody></table><h3><br></h3>";425;510;;;Non;2;Oui;baby-foot-stella-xxl-8-joueurs;Baby-foot Stella Champion XXL à louer – ESIL EVENTS;Location Baby-foot Stella Champion XXL Noir à Paris, 75 et Yvelines avec ESIL EVENTS. Baby-foot 8 joueurs XXL pour animations et événements conviviaux;Location baby-foot stella xxl 8 joueurs paris , location baby-foot geant ile de france, animation evenementielle ile de france, jeux de cafe location paris, location jeux evenement entreprise, location baby foot 8 joueurs Yvelines 78, animation team building ile de france, location baby foot evenementiel paris,Location baby-foot stella xxl 8 joueurs pour soirée entreprise ,Location baby-foot stella xxl 8 joueurs pour soirée entreprise IDF,Location baby-foot stella xxl 8 joueurs pour soirée entreprise paris 75,Location baby-foot;;29/09/2025
56cf98b3-7c0d-4726-83d5-bc93c6f0fa08;Location Baby-foot Stella 4 joueurs ;Baby-foot Stella 4 joueurs ;technique;coupe-du-monde-football;animation-football;"<h2><strong style=""color: rgb(153, 51, 255);"">Caractéristiques techniques</strong></h2><table><tbody><tr><td data-row=""1"">Caractéristique</td><td data-row=""1"">Détail</td></tr><tr><td data-row=""2"">Dimensions</td><td data-row=""2"">H 93 cm / L 158 cm / L 100 cm</td></tr><tr><td data-row=""3"">Poids</td><td data-row=""3"">75 kg</td></tr><tr><td data-row=""4"">Type de jeu</td><td data-row=""4"">Baby-foot de café</td></tr><tr><td data-row=""5"">Nombre de joueurs</td><td data-row=""5"">2 à 4 joueurs</td></tr><tr><td data-row=""6"">Installation</td><td data-row=""6"">Intérieur uniquement</td></tr><tr><td data-row=""7"">Particularités</td><td data-row=""7"">Tapis inclus, compteur de points avec finitions rondes, buts réalistes</td></tr></tbody></table><h3><br></h3>";187.5;225;;;Non;0;Oui;baby-foot-stella-4-joueurs;Location Baby-foot Stella 4 Joueurs - Jeux  Île-de-France;Location Baby-foot Stella Champion Collector Noir à Paris, 75 et Yvelines avec ESIL EVENTS. Jeu sportif rétro idéal pour animations et événements conviviaux.;location baby foot stella 4 joueurs île de france, jeux evenementiel ile de france, location jeux de café paris, animation team building 77, location babyfoot mariage 78, location jeux kermesse 92, baby foot evenementiel 91, baby foot stella location, jeux de café animation, location baby foot professionnel,location baby foot stella 4 joueurs paris 75,location baby foot stella 4 joueursyvelines78,location baby foot stella 4 joueurs pour soirée entreprise ,location baby foot stella 4 joueurs team building  paris ,Location baby-foot;;29/09/2025
1645ec8c-1769-4f08-ba08-85e839387075;Location Baby-foot XXL 8 Joueurs;Baby-foot XXL 8 Joueurs;technique;coupe-du-monde-football;animation-football;"<h2><strong style=""color: rgb(153, 51, 255);"">Caractéristiques techniques</strong></h2><table><tbody><tr><td data-row=""1"">Caractéristique</td><td data-row=""1"">Détail</td></tr><tr><td data-row=""2"">Dimensions</td><td data-row=""2"">H 100 cm / L 350 cm / P 95 cm</td></tr><tr><td data-row=""3"">Poids</td><td data-row=""3"">200 kg</td></tr><tr><td data-row=""4"">Type de jeu</td><td data-row=""4"">Baby-foot XXL 8 joueurs</td></tr><tr><td data-row=""5"">Nombre de poignées</td><td data-row=""5"">16</td></tr><tr><td data-row=""6"">Installation</td><td data-row=""6"">Intérieur uniquement</td></tr><tr><td data-row=""7"">Particularités</td><td data-row=""7"">Format XXL, robuste et stable</td></tr></tbody></table><h3><br></h3>";391.67;470;;;Non;2;Oui;baby-foot-xxl-8-joueurs;Location Baby-foot XXL 8 Joueurs pour événement;Animez vos événements avec le Baby-foot XXL 8 Joueurs ! Location premium en Île-de-France. Team building, soirées séminaire, mariages, comité entreprise .;location baby-foot xxl 8 joueurs  paris 75, location baby-foot géant événementiel IDF, jeux de café et loisirs île-de-france, animation team building paris 75, location jeux événement entreprise yvelines 78 , location baby-foot 8 joueurs Yvelines 78, location baby-foot xxl 8 joueurs  Versailles 78, animation événementielle paris,location baby-foot xxl 8 joueurs,location baby-foot xxl 8 joueurs  paris ,location baby-foot xxl 8 joueurs pour soirée entreprises paris 75,Location baby-foot,location baby-foot XXL, location baby-foot 8 joueurs, baby-foot géant à louer, location baby-foot, location baby foot, animation baby-foot, jeu sportif événementiel, animation conviviale, location baby-foot Paris, location baby-foot 75, location baby-foot Yvelines, location baby-foot Île-de-France, ESIL EVENTS, baby-foot XXL événementiel, animation entreprise;;06/05/2025
bec993fc-fa1d-48c4-9123-b91fb4f7b8a6;Location Bartop Street-Fighter ;Bartop Street-Fighter ;jeux;jeux-d-arcades;bartop;"<h2><strong style=""color: rgb(153, 51, 255);"">Caractéristiques</strong></h2><table><tbody><tr><td data-row=""1"">Caractéristique</td><td data-row=""1"">Détail</td></tr><tr><td data-row=""2""><strong>Dimensions</strong></td><td data-row=""2"">Hauteur : 75 cm, Largeur : 64 cm, Profondeur : 64 cm</td></tr><tr><td data-row=""3""><strong>Poids</strong></td><td data-row=""3"">40 kg</td></tr><tr><td data-row=""4""><strong>Alimentation</strong></td><td data-row=""4"">220 V</td></tr><tr><td data-row=""5""><strong>Nombre de joueurs</strong></td><td data-row=""5"">2 joueurs</td></tr><tr><td data-row=""6""><strong>Jeux inclus</strong></td><td data-row=""6"">+ 2 500 jeux rétro années 80-90</td></tr></tbody></table><p><br></p>";65;78;;;Non;0;Oui;bartop-street-fighter;Bartop Street Fighter à louer – ESIL EVENTS Ile de France;Location Bartop Street Fighter avec ESIL EVENTS à Paris, 75, Yvelines et Île-de-France. Compact, rétro et +2 500 jeux pour une animation immersive et compétitiv;location bartop street fighter, location borne arcade rétro, animation rétrogaming événement, borne arcade à louer paris, prix location bartop événement, tarif location borne arcade, location bartop street fighter région parisienne, location borne arcade professionnelle, location borne arcade pour séminaire, location jeux arcade événement;;06/05/2025
a863f8f0-102f-41bc-8f48-1718d87b9a04;Location Borne Arcade Années 90;Borne Arcade Année 90;jeux;jeux-d-arcades;borne-d-arcade;"<h2><strong style=""color: rgb(153, 51, 255);"">Caractéristiques</strong></h2><table><tbody><tr><td data-row=""1""><strong>Caractéristique</strong></td><td data-row=""1""><strong>Détail</strong></td></tr><tr><td data-row=""2""><strong>Dimensions</strong></td><td data-row=""2"">Hauteur : 170 cm, Largeur : 64 cm, Profondeur : 62 cm</td></tr><tr><td data-row=""3""><strong>Poids</strong></td><td data-row=""3"">70 kg</td></tr><tr><td data-row=""4""><strong>Alimentation</strong></td><td data-row=""4"">220 V</td></tr><tr><td data-row=""5""><strong>Jeux inclus</strong></td><td data-row=""5"">+ 2 500 jeux rétro années 90</td></tr></tbody></table><p><br></p>";99;118.8;;;Non;0;Oui;borne-arcade-annees-90;Location Borne Arcade Années 90 -Île-de-France ;Location Borne Arcade Années 90 avec ESIL EVENTS à Paris, 75, Yvelines et Île-de-France. Plus de 2 500 jeux rétro pour une animation immersive et conviviale.;Location borne arcade années 90 paris 75, location borne arcade paris, animation événementielle île-de-france, jeux de café événementiel Yvelines 78, location jeux arcade entreprise Versailles , location borne arcade retro 78, animation soirée 90, location borne arcade 90, location jeux de café ile de france, jeux arcade evenement,location borne arcade, borne arcade années 90, ESIL EVENTS, borne arcade à louer, animation rétro années 90, location jeux arcade Paris, location borne arcade 75, location borne arcade Yvelines, location borne arcade Île-de-France, jeux rétro, animation anniversaire rétro, animation soirée privée, animation team-building, activité ludique rétro, console arcade à louer, jeux rétro années 90, expérience immersive rétro, jeu interactif, location jeux événementiels Paris, animation vintage, arcade rétro, activité originale pour événement, borne arcade +2500 jeux, animation entreprise Ile-de-France;;26/05/2025
e75cfdb9-d97d-4789-bd31-daf2b266e063;Location borne Arcade de Tir  Gaming Rétro;Borne Arcade de Tir  Gaming Rétro;jeux;jeux-d-arcades;borne-d-arcade;<p>**Revivez l'âge d'or du jeu vidéo avec la Borne Arcade de Tir Rétro d'ESIL-events, exclusive en Île-de-France !** (1497/1500) Replongez vos invités dans l'ambiance survoltée des salles d'arcade ! Notre Borne Arcade de Tir Rétro, avec ses dimensions idéales (H 180 cm / L 90 cm / P 60 cm) et son poids de 80 kg, est l'animation parfaite pour vos événements en Île-de-France. Défiez vos amis, collègues ou partenaires dans des parties endiablées et testez votre adresse. Alimentée en 220V, son installation est simple et rapide. Imaginez cette borne lors d'un mariage original en Seine-et-Marne (77), dynamisant un séminaire d'entreprise dans les Yvelines (78) ou apportant une touche fun à un événement institutionnel à Paris (75). Combinez-la avec notre service de régie son et lumière pour une immersion totale. Offrez à vos convives une expérience inoubliable avec cette borne d'arcade authentique ! Contactez ESIL-events dès aujourd'hui pour la location de votre Borne Arcade de Tir Rétro en Île-de-France et faites de votre événement un succès garanti.</p>;175;210;;;Non;0;Oui;borne-arcade-de-tir-gaming-retro;Borne Arcade Tir - Location Événementiel Île-de-France;Revivez l'âge d'or du gaming! Louez notre Borne Arcade de Tir Rétro pour un événement inoubliable en Île-de-France. Succès garanti, installation facile. ;Borne Arcade de Tir Rétro location, Location Borne Arcade événementiel Île-de-France, Jeux de café événement entreprise, Animation jeux rétro Paris, Location simulateur de tir événement 77 78 91 92 93 94 95, Location jeux arcade mariage Île-de-France, Animation gaming rétro événementiel, Location borne arcade tir professionnelle, Jeux & Animation événementiel, ESIL-events;;07/05/2025
ffcadc28-502b-45ec-ac3f-7ae2a40f625a;Location borne Arcade Dragon Ball Z;Borne Arcade Dragon Ball Z;jeux;jeux-d-arcades;borne-d-arcade;"<h2><strong style=""color: rgb(153, 51, 255);"">Caractéristiques</strong></h2><table><tbody><tr><td data-row=""1"">Caractéristique</td><td data-row=""1"">Détail</td></tr><tr><td data-row=""2""><strong>Dimensions</strong></td><td data-row=""2"">Hauteur : 170 cm, Largeur : 64 cm, Profondeur : 62 cm</td></tr><tr><td data-row=""3""><strong>Poids</strong></td><td data-row=""3"">70 kg</td></tr><tr><td data-row=""4""><strong>Alimentation</strong></td><td data-row=""4"">220 V</td></tr><tr><td data-row=""5""><strong>Jeux inclus</strong></td><td data-row=""5"">+ 2 500 jeux rétro années 90</td></tr></tbody></table><p><br></p>";99;118.8;;;Non;0;Oui;borne-arcade-dragon-ball-z;Location Borne Arcade Dragon Ball Z en ile de France ;Location Borne Arcade Dragon Ball Z avec ESIL EVENTS à Paris, 75, Yvelines et Île-de-France. Plus de 2 500 jeux rétro pour une animation immersive et fun.;borne arcade dragon ball z location, location borne arcade île de France, animation événementielle ile de france, jeux de café évènement paris 75, location jeux arcade dbz yvelines 78, borne arcade dbz mariage yvelines, animation team building ile de france, location borne arcade 75, location borne arcade 77, location borne arcade 78,location borne arcade, borne arcade Dragon Ball Z, ESIL EVENTS, borne arcade à louer, animation rétro années 90, location jeux arcade Paris, location borne arcade 75, location borne arcade Yvelines, location borne arcade Île-de-France, jeux rétro, animation anniversaire rétro, animation soirée privée, animation team-building, activité ludique rétro, console arcade à louer, jeux rétro années 90, expérience immersive rétro, jeu interactif, location jeux événementiels Paris, animation vintage, arcade rétro, activité originale pour événement, borne arcade +2500 jeux, animation entreprise Ile-de-France, arcade Dragon Ball Z, animation geek;;26/05/2025
c54d279b-a627-4033-a758-f44238be0ea8;Location Borne Arcade Jurassic Park;Borne Arcade Jurassic Park;jeux;jeux-d-arcades;borne-d-arcade;"<h2><strong style=""color: rgb(153, 51, 255);"">Caractéristiques</strong></h2><table><tbody><tr><td data-row=""1"">Caractéristique</td><td data-row=""1"">Détail</td></tr><tr><td data-row=""2""><strong>Dimensions</strong></td><td data-row=""2"">Hauteur : 170 cm, Largeur : 64 cm, Profondeur : 62 cm</td></tr><tr><td data-row=""3""><strong>Poids</strong></td><td data-row=""3"">70 kg</td></tr><tr><td data-row=""4""><strong>Alimentation</strong></td><td data-row=""4"">220 V</td></tr><tr><td data-row=""5""><strong>Jeux inclus</strong></td><td data-row=""5"">+ 2 500 jeux rétro années 90</td></tr></tbody></table><p><br></p>";99;118.8;;;Non;0;Oui;borne-arcade-jurassic-park;Location Borne Arcade Jurassic Park - Paris Île-de-France ;Location Borne Arcade Jurassic Park avec ESIL EVENTS à Paris, 75, Yvelines et Île-de-France. Plus de 2 500 jeux rétro pour une animation immersive et fun.;location borne arcade Jurassic Park Île-de-France, borne arcade événementiel Paris, jeux de café et loisirs événement yvelines 78, animation soirée entreprise Île-de-France, location jeux arcade vintage versailles , borne arcade multi jeux location en IDF, animation team building original, location borne arcade 2 joueurs Ile de france, jeux et animation evenementiel,location borne arcade jurassic park 90s,location borne arcade, borne arcade Jurassic Park, ESIL EVENTS, borne arcade à louer, animation rétro années 90, location jeux arcade Paris, location borne arcade 75, location borne arcade Yvelines, location borne arcade Île-de-France, jeux rétro, animation anniversaire rétro, animation soirée privée, animation team-building, activité ludique rétro, console arcade à louer, jeux rétro années 90, expérience immersive rétro, jeu interactif, location jeux événementiels Paris, animation vintage, arcade rétro, activité originale pour événement, borne arcade +2500 jeux, animation entreprise Ile-de-France, arcade Jurassic Park, animation aventure, animation geek;;26/05/2025
c8aafce1-9631-45e3-a967-2268039b07c3;Location Borne Arcade Mario Kart;Borne Arcade Mario Kart;jeux;jeux-d-arcades;borne-d-arcade;"<h2><strong style=""color: rgb(153, 51, 255);"">Caractéristiques</strong></h2><table><tbody><tr><td data-row=""1"">Caractéristique</td><td data-row=""1"">Détail</td></tr><tr><td data-row=""2""><strong>Dimensions</strong></td><td data-row=""2"">Hauteur : 170 cm, Largeur : 64 cm, Profondeur : 62 cm</td></tr><tr><td data-row=""3""><strong>Poids</strong></td><td data-row=""3"">70 kg</td></tr><tr><td data-row=""4""><strong>Alimentation</strong></td><td data-row=""4"">220 V</td></tr><tr><td data-row=""5""><strong>Jeux inclus</strong></td><td data-row=""5"">+ 2 500 jeux rétro années 90</td></tr></tbody></table><p><br></p>";99;118.8;;;Non;0;Oui;borne-arcade-mario-kart;location Borne Arcade Mario Kart Île-de-France - France  ; Location borne arcade avec 2800 jeux des années 80 aux années 2000, idéale pour vos évents -  entreprise, salon évents, séminaires, conventions, sociétés.  ;location borne arcade mario kart paris 75, location borne arcade île de france, animation evenementielle ile de france, jeux de café évènementiel IDF, location jeux arcade  yvelines, borne arcade mario kart paris 75, location jeux évènement 78, location borne arcade mariage yvelines78 , animation anniversaire ile de france,Agence événementiel paris 75,Louer borne d'arcade pour salons sur IDF ,location borne arcade, borne arcade Mario Kart, ESIL EVENTS, borne arcade à louer, animation rétro années 90, location jeux arcade Paris, location borne arcade 75, location borne arcade Yvelines, location borne arcade Île-de-France, jeux rétro, animation anniversaire rétro, animation soirée privée, animation team-building, activité ludique rétro, console arcade à louer, jeux rétro années 90, expérience immersive rétro, jeu interactif, location jeux événementiels Paris, animation vintage, arcade rétro, activité originale pour événement, borne arcade +2500 jeux, animation entreprise Ile-de-France, arcade Mario Kart, animation courses, animation geek;;27/05/2025
0402aecf-cd66-4a9b-8855-e95071200cbc;Location Borne Arcade One Piece;Borne Arcade One Piece;jeux;jeux-d-arcades;borne-d-arcade;"<h2><strong style=""color: rgb(153, 51, 255);"">Caractéristiques</strong></h2><table><tbody><tr><td data-row=""1"">Caractéristique</td><td data-row=""1"">Détail</td></tr><tr><td data-row=""2""><strong>Dimensions</strong></td><td data-row=""2"">Hauteur : 170 cm, Largeur : 64 cm, Profondeur : 62 cm</td></tr><tr><td data-row=""3""><strong>Poids</strong></td><td data-row=""3"">70 kg</td></tr><tr><td data-row=""4""><strong>Alimentation</strong></td><td data-row=""4"">220 V</td></tr><tr><td data-row=""5""><strong>Jeux inclus</strong></td><td data-row=""5"">+ 2 500 jeux rétro années 90</td></tr></tbody></table>";99;118.8;;;Non;0;Oui;borne-arcade-one-piece;Borne Arcade One Piece Location  - IDF Jeux et  Animation ; Location borne arcade avec 2800 jeux des années 80 aux années 2000,idéale pour vos évents -  entreprise, salon évents, séminaires, conventions, sociétés.  ;location borne arcade one piece paris 75,location  borne arcade évènement ile de France, jeux de café et loisirs versailles78, animation evenementielle paris, location jeux arcade mariage Yvelines 78, animation team building ile de france, location borne arcade vintage année 90 , location borne arcade année 80 Ile de france, jeux arcade paris 75;;26/05/2025
3d3b1bad-51a2-4ce8-ab82-240cccd69a7d;Location Borne Arcade Pac-Man;Borne Arcade Pac-Man;jeux;jeux-d-arcades;borne-d-arcade;"<h2><strong style=""color: rgb(153, 51, 255);"">Caractéristiques</strong></h2><table><tbody><tr><td data-row=""1"">Caractéristique</td><td data-row=""1"">Détail</td></tr><tr><td data-row=""2""><strong>Dimensions</strong></td><td data-row=""2"">Hauteur : 170 cm, Largeur : 64 cm, Profondeur : 62 cm</td></tr><tr><td data-row=""3""><strong>Poids</strong></td><td data-row=""3"">70 kg</td></tr><tr><td data-row=""4""><strong>Alimentation</strong></td><td data-row=""4"">220 V</td></tr><tr><td data-row=""5""><strong>Jeux inclus</strong></td><td data-row=""5"">+ 2 500 jeux rétro années 90</td></tr></tbody></table><p><br></p>";99;118.8;;;Non;0;Oui;borne-arcade-pac-man;Borne Arcade Pac-Man à louer – ESIL EVENTS Paris IDF;Location Borne Arcade Pac-Man avec ESIL EVENTS à Paris, 75, Yvelines et Île-de-France. Plus de 2 500 jeux rétro pour une animation immersive et fun. ;location borne arcade pac-man location paris 75 , location borne arcade événement ile-de-france, jeux de café location événement paris, animation soirée entreprise borne arcade versailles 78, location borne arcade retro gaming Yvelines 78, borne arcade Pac-Man évènementiel paris, location jeux évènementiel paris 75, borne arcade multi jeux location, animation jeux de café ile de france, location borne arcade vintage,Agence événementiel paris 75,Agence événementiel yvelines 78,Agence événementiel Versailles 78;;26/05/2025
d530d6cb-581c-4a5b-a306-6d85bc1ef281;Location Borne Arcade Pokémon;Borne Arcade Pokémon;jeux;jeux-d-arcades;borne-d-arcade;"<h2><strong style=""color: rgb(153, 51, 255);"">Caractéristiques</strong></h2><table><tbody><tr><td data-row=""1"">Caractéristique</td><td data-row=""1"">Détail</td></tr><tr><td data-row=""2""><strong>Dimensions</strong></td><td data-row=""2"">Hauteur : 170 cm, Largeur : 64 cm, Profondeur : 62 cm</td></tr><tr><td data-row=""3""><strong>Poids</strong></td><td data-row=""3"">70 kg</td></tr><tr><td data-row=""4""><strong>Alimentation</strong></td><td data-row=""4"">220 V</td></tr><tr><td data-row=""5""><strong>Jeux inclus</strong></td><td data-row=""5"">+ 2 500 jeux rétro années 90</td></tr></tbody></table><p><br></p>";99;118.8;;;Non;0;Oui;borne-arcade-pokemon;Location Borne Arcade Pokémon - Jeux Rétro ESIL-events; Location borne arcade avec 2800 jeux des années 80 aux années 2000,idéale pour vos évents -  entreprise, salon évents, séminaires, conventions, sociétés.  ;location borne arcade Pokémon événement paris 75, location borne arcade rétro paris, borne arcade Pokémon prix location 78 versailles, tarif location borne arcade événementiel paris, location borne arcade 2 joueurs yvelines78 , animation événementielle jeux vidéo, borne arcade Pokémon team building, location jeux de café événement entreprise, location borne arcade région parisienne, location borne arcade Pokémon France entière;;26/05/2025
6bfc1b27-6801-43c0-b070-ba7155414263;Location Borne Arcade Rétro Années 80;Borne Arcade Année 80;jeux;jeux-d-arcades;borne-d-arcade;"<h2><strong style=""color: rgb(153, 51, 255);"">Caractéristiques</strong></h2><table><tbody><tr><td data-row=""1"">Caractéristique</td><td data-row=""1"">Détail</td></tr><tr><td data-row=""2""><strong>Dimensions</strong></td><td data-row=""2"">Hauteur : 170 cm, Largeur : 64 cm, Profondeur : 62 cm</td></tr><tr><td data-row=""3""><strong>Poids</strong></td><td data-row=""3"">70 kg</td></tr><tr><td data-row=""4""><strong>Alimentation</strong></td><td data-row=""4"">220 V</td></tr><tr><td data-row=""5""><strong>Jeux inclus</strong></td><td data-row=""5"">+ 2 500 jeux rétro années 80 et 90</td></tr></tbody></table><p><br></p>";99;118.8;;;Non;0;Oui;borne-arcade-retro-annees-80;Borne Arcade Rétro Années 80 à louer – ESIL EVENTS Paris, 75;Location Borne Arcade Rétro Années 80 avec ESIL EVENTS à Paris, 75, Yvelines et Île-de-France. Plus de 2 500 jeux rétro pour une animation immersive et fun.;location borne arcade rétro paris75, borne arcade rétro location yvelines, location borne arcade 2800 jeux Versailles 78, prix location borne arcade événement paris, tarif location borne arcade rétro 78, location borne arcade région parisienne, location borne arcade entreprise ile de france, animation jeux rétro événement, borne arcade vintage location, location borne arcade professionnelle;;06/05/2025
e3e4f9d2-d87b-4328-afee-577b62995636;Location Borne Arcade Sonic;Borne Arcade Sonic;jeux;jeux-d-arcades;borne-d-arcade;"<h2><strong style=""color: rgb(153, 51, 255);"">Caractéristiques</strong></h2><table><tbody><tr><td data-row=""1"">Caractéristique</td><td data-row=""1"">Détail</td></tr><tr><td data-row=""2""><strong>Dimensions</strong></td><td data-row=""2"">Hauteur : 170 cm, Largeur : 64 cm, Profondeur : 62 cm</td></tr><tr><td data-row=""3""><strong>Poids</strong></td><td data-row=""3"">70 kg</td></tr><tr><td data-row=""4""><strong>Alimentation</strong></td><td data-row=""4"">220 V</td></tr><tr><td data-row=""5""><strong>Jeux inclus</strong></td><td data-row=""5"">+ 2 500 jeux rétro années 90</td></tr></tbody></table><p><br></p>";99;118.8;;;Non;0;Oui;borne-arcade-sonic;Location Borne Arcade Sonic Rétro avec 2800 jeux - IDF;Location Borne Arcade Sonic avec ESIL EVENTS à Paris, 75, Yvelines et Île-de-France. Plus de 2 500 jeux rétro pour une animation immersive et fun.;location borne arcade sonic paris75, borne arcade événement 75, location borne arcade rétro IDF, prix location borne arcade événement paris, tarif borne arcade sonic , location borne arcade région parisienne, borne arcade location professionnel ile de france, animation événementielle borne arcade paris 75, location jeux de café événement france, borne arcade 2 joueurs événement 95 val d'Oise , location borne arcade entreprise, location borne arcade mariage, borne arcade sonic pas cher paris 75, borne arcade sonic devis, location borne arcade France entière;;26/05/2025
03165d1f-6300-48d5-8aa0-c95e774066e1;Location Borne Arcade Street Fighter;Borne Arcade Street Fighter;jeux;jeux-d-arcades;borne-d-arcade;"<h2><strong style=""color: rgb(153, 51, 255);"">Caractéristiques</strong></h2><table><tbody><tr><td data-row=""1"">Caractéristique</td><td data-row=""1"">Détail</td></tr><tr><td data-row=""2""><strong>Dimensions</strong></td><td data-row=""2"">Hauteur : 170 cm, Largeur : 64 cm, Profondeur : 62 cm</td></tr><tr><td data-row=""3""><strong>Poids</strong></td><td data-row=""3"">70 kg</td></tr><tr><td data-row=""4""><strong>Alimentation</strong></td><td data-row=""4"">220 V</td></tr><tr><td data-row=""5""><strong>Jeux inclus</strong></td><td data-row=""5"">+ 2 500 jeux rétro années 90</td></tr></tbody></table><p><br></p>";99;118.8;;;Non;0;Oui;borne-arcade-street-fighter;Borne Arcade Street Fighter à louer – ESIL EVENTS Paris, 75;Location Borne Arcade Street Fighter avec ESIL EVENTS à Paris, 75, Yvelines et Île-de-France. Plus de 2 500 jeux rétro pour une animation immersive et fun.;borne arcade Street Fighter location paris 75, location borne arcade paris, borne arcade événementiel île de france,location  jeux de café évènement paris 75, animation soirée entreprise ile de france, location jeux arcade Yvelines 78, location jeux de café 78,location  borne arcade retro versailles 78, evenementiel jeux video;;26/05/2025
2034cf2a-d618-4a29-a204-98fd53939841;Location buzzer 3 sons;Buzzer;jeux;danse-quiz;quizz;"<h2>Buzzer 3 Sons – Location avec ESIL EVENTS à Paris, 75, Yvelines et Île-de-France</h2><p><br></p><p>Ajoutez une <strong>dimension interactive et ludique</strong> à vos animations avec notre <strong>Buzzer 3 Sons</strong>, inspiré des célèbres jeux télévisés comme <strong>“Question pour un Champion”</strong>, disponible à la <strong>location chez ESIL EVENTS à Paris, dans le 75, les Yvelines et toute l’Île-de-France</strong>.</p><p>Idéal pour <strong>quizz, tournois ou jeux interactifs</strong>, ce buzzer permet aux participants de <strong>réagir rapidement</strong> et de s’affronter dans une <strong>compétition amusante et conviviale</strong>. Ses trois sons distincts offrent une <strong>réponse immédiate et dynamique</strong>, renforçant l’aspect interactif de vos jeux et animations.</p><p><br></p><h3><strong style=""color: rgb(153, 51, 255);"">Caractéristiques</strong></h3><table><tbody><tr><td data-row=""1"">Caractéristique</td><td data-row=""1"">Détail</td></tr><tr><td data-row=""2""><strong>Dimensions</strong></td><td data-row=""2"">15 x 8 cm</td></tr><tr><td data-row=""3""><strong>Poids</strong></td><td data-row=""3"">220 g</td></tr><tr><td data-row=""4""><strong>Alimentation</strong></td><td data-row=""4"">Piles</td></tr><tr><td data-row=""5""><strong>Nombre de sons</strong></td><td data-row=""5"">3 sons distincts</td></tr><tr><td data-row=""6""><strong>Usage</strong></td><td data-row=""6"">Compatible avec quizz et jeux interactifs type “Question pour un Champion”</td></tr></tbody></table><p>Compact et léger, le <strong>Buzzer 3 Sons</strong> est facile à manipuler et convient à <strong>tous les âges</strong>. Il s’intègre parfaitement à vos animations, qu’il s’agisse de <strong>team-building, soirées privées, événements scolaires ou anniversaires</strong>.</p><p><br></p><h3><strong style=""color: rgb(153, 51, 255);"">Location du Buzzer 3 Sons avec ESIL EVENTS</strong></h3><p>Avec <strong>ESIL EVENTS</strong>, bénéficiez d’une <strong>location clé en main à Paris, 75, Yvelines et Île-de-France</strong>, incluant <strong>livraison et installation si nécessaire</strong>. Ce buzzer est idéal pour dynamiser vos jeux et créer des <strong>moments conviviaux et compétitifs</strong>, qui captivent tous vos participants.</p>";35;42;;;Non;0;Oui;buzzer;Buzzer 3 Sons à louer – ESIL EVENTS Paris, 75, IDF;Location Buzzer 3 Sons type “Question pour un Champion” avec ESIL EVENTS à Paris, 75, Yvelines et Île-de-France. Animation interactive et ludique pour quizz ;buzzer 3 sons, ESIL EVENTS, buzzer type Question pour un Champion, buzzer à louer Paris, buzzer à louer 75, buzzer à louer Yvelines, buzzer à louer Île-de-France, animation quizz, jeu interactif, buzzer pour quizz, animation soirée entreprise, animation team-building, animation scolaire, animation anniversaire, jeu interactif multijoueur, jeu réactif, activité ludique, animation conviviale, animation compétitive, jeu interactif adultes et enfants;;23/02/2026
7d738721-7eca-48d2-8040-71a24ddeba10;Location Catch The Light ;Catch The Light ;jeux;jeux-d-arcades;catch-the-light;"<h2><strong style=""color: rgb(153, 51, 255);"">Caractéristiques</strong></h2><table><tbody><tr><td data-row=""1"">Caractéristique</td><td data-row=""1"">Détail</td></tr><tr><td data-row=""2""><strong>Dimensions</strong></td><td data-row=""2"">Hauteur : 150 cm, Largeur : 100 cm, Profondeur : 80 cm</td></tr><tr><td data-row=""3""><strong>Poids</strong></td><td data-row=""3"">50 kg</td></tr><tr><td data-row=""4""><strong>Alimentation</strong></td><td data-row=""4"">220 V</td></tr><tr><td data-row=""5""><strong>Nombre de joueurs</strong></td><td data-row=""5"">2 joueurs</td></tr></tbody></table><p><br></p>";165.01;198.01;;;Non;0;Oui;catch-the-light;Location table de jeu Catch The Light en IDF et France;Animer vos événement avec notre table de jeu Catch The Light .Location en Île-de-France pour vos Séminaire, mariage, soirée d'entreprises, anniversaire.;Table de jeu Catch The Light en  location sur Paris 75, jeux événementiel Paris, animation soirée entreprise Île-de-France, location jeux de café Paris, borne arcade événement 78, location jeux de loisirs IDF, Catch The Light événementiel,Location Table de jeu Catch The Light pour soirées évents paris ,Location Table de jeu Catch The Light pour soirées anniversaire 78,Location Table de jeu Catch The Light pour soirées évents IDF;;07/05/2025
dff1633a-8fdc-4e59-b19e-bffa7afe72d2;Location Catch the Light NEURON;CATCH THE LIGHT NEURON;jeux;jeux-d-arcades;catch-the-light;"<h2><strong style=""color: rgb(153, 51, 255);"">Caractéristiques</strong></h2><table><tbody><tr><td data-row=""1"">Caractéristique</td><td data-row=""1"">Détail</td></tr><tr><td data-row=""2""><strong>Dimensions</strong></td><td data-row=""2"">Longueur : 127 cm, Largeur : 79 cm, Hauteur : 87 cm</td></tr><tr><td data-row=""3""><strong>Poids</strong></td><td data-row=""3"">80 kg</td></tr><tr><td data-row=""4""><strong>Alimentation</strong></td><td data-row=""4"">110 – 220 V</td></tr><tr><td data-row=""5""><strong>Consommation électrique</strong></td><td data-row=""5"">250 W</td></tr><tr><td data-row=""6""><strong>Nombre de joueurs</strong></td><td data-row=""6"">2 joueurs</td></tr><tr><td data-row=""7""><strong>Nombre de boutons</strong></td><td data-row=""7"">9 boutons par joueur</td></tr></tbody></table><p><br></p>";255;306;;;Non;0;Oui;catch-the-light-neuron;Catch The Light Neuron Race à louer – ESIL EVENTS Paris, 75;Location Catch The Light Neuron Race avec ESIL EVENTS à Paris, 75, Yvelines et Île-de-France. Jeu interactif 2 joueurs pour tester réflexes et coordination dans;Table de jeu Catch The Light Neuron Paris 75, location jeux événementiel en IDF , jeux de café Île-de-France, animation soirée entreprise SUR Paris 75, location jeux team building Paris, jeux et animation événement IDF,Table de jeu Catch The Light pour soirées entreprise paris ,Location Table de jeu Catch The Light Yvelines 78 ,Location Table de jeu Catch The Light pour anniversaire 78,Location Table de jeu Catch The Light pour évents paris 75;;18/08/2025
0a68f68e-0f47-42f0-9722-06abfefa8c5a;Location contrôleur Pupitre et Buzzer ;Controleur pupitre et buzzer;jeux;danse-quiz;quizz;"<h2>Contrôleur pour Pupitre et Buzzer – Location avec ESIL EVENTS à Paris, 75, Yvelines et Île-de-France</h2><p><br></p><p>Complétez vos <strong>animations interactives</strong> avec le <strong>Contrôleur pour Pupitre et Buzzer Réactif</strong>, disponible à la <strong>location chez ESIL EVENTS à Paris, dans le 75, les Yvelines et toute l’Île-de-France</strong>. Ce contrôleur est indispensable pour faire fonctionner les pupitres réactifs, permettant aux joueurs de bénéficier d’un retour visuel immédiat et interactif pendant les <strong>quizz</strong> et <strong>jeux interactifs</strong>.</p><p>Conçu pour être simple à connecter et à utiliser, il active le <strong>pupitre et le buzzer</strong> afin que celui-ci s’allume en blanc lorsqu’un joueur prend la main, en vert pour une bonne réponse et en rouge pour une réponse incorrecte, garantissant une expérience ludique et immersive.</p><p><br></p><h3><strong style=""color: rgb(153, 51, 255);"">Caractéristiques</strong></h3><table><tbody><tr><td data-row=""1"">Caractéristique</td><td data-row=""1"">Détail</td></tr><tr><td data-row=""2""><strong>Dimensions</strong></td><td data-row=""2"">10,5 x 4,5 x 10,5 cm</td></tr><tr><td data-row=""3""><strong>Poids</strong></td><td data-row=""3"">40 g</td></tr><tr><td data-row=""4""><strong>Usage</strong></td><td data-row=""4"">Contrôleur pour pupitre et buzzer</td></tr><tr><td data-row=""5""><strong>Fonction</strong></td><td data-row=""5"">Active les couleurs du pupitre selon les réponses</td></tr><tr><td data-row=""6""><strong>Compatibilité</strong></td><td data-row=""6"">Pupitre, Buzzer</td></tr></tbody></table><p>Compact et léger, ce <strong>contrôleur</strong> est facile à installer et indispensable pour que vos <strong>pupitres et buzzer</strong> fonctionnent correctement. Il s’intègre parfaitement dans toutes vos <strong>animations interactives</strong>, <strong>team-building</strong> ou <strong>soirées ludiques</strong>.</p><p><br></p><h3><strong style=""color: rgb(153, 51, 255);"">Location du Contrôleur pour Pupitre Réactif avec ESIL EVENTS</strong></h3><p>Avec <strong>ESIL EVENTS</strong>, bénéficiez d’une <strong>location clé en main à Paris, 75, Yvelines et Île-de-France</strong>, incluant livraison et installation si nécessaire. Le contrôleur garantit un fonctionnement optimal des pupitres réactifs, pour des <strong>jeux</strong> et <strong>quizz interactifs</strong> réussis et captivants.</p>";40;48;;;Non;0;Oui;controleur-pupitre-buzzer-quiz;Contrôleur Pupitre/Buzzer à louer – ESIL EVENTS;Location Contrôleur pour Pupitre et Buzzer avec ESIL EVENTS à Paris, 75, Yvelines et Île-de-France pour quizz et jeux interactifs.;contrôleur pupitre réactif, ESIL EVENTS, contrôleur à louer Paris, contrôleur pupitre interactif 75, location contrôleur pupitre Yvelines, location contrôleur pupitre Île-de-France, pupitre réactif, pupitre couleurs réponse, animation quizz, animation interactive, jeu interactif, animation soirée entreprise, animation team-building, animation anniversaire, animation scolaire, outil interactif, pupitre visuel, pupitre connecté, animation conviviale, animation compétitive;;24/02/2026
98822799-9e1e-4557-894a-06bab0b314b2;Location Contrôleur scores;controleur score;jeux;danse-quiz;quizz;"<h2>Contrôleur Scores – Location avec ESIL EVENTS à Paris, 75, Yvelines et Île-de-France</h2><p><br></p><p>Complétez vos <strong>animations Quizz</strong> avec le <strong>Contrôleur Scores</strong>, disponible à la <strong>location chez ESIL EVENTS à Paris, dans le 75, les Yvelines et toute l’Île-de-France</strong>. Ce contrôleur permet de gérer et afficher les scores en temps réel, garantissant une expérience ludique et compétitive pour tous vos participants.</p><p>Indispensable pour les animations interactives, ce contrôleur est idéal pour vos <strong>team-building, soirées privées, événements scolaires ou anniversaires</strong>, offrant un suivi précis et professionnel des scores.</p><p><br></p><h3><strong style=""color: rgb(153, 51, 255);"">Caractéristiques</strong></h3><table><tbody><tr><td data-row=""1"">Caractéristique</td><td data-row=""1"">Détail</td></tr><tr><td data-row=""2""><strong>Dimensions</strong></td><td data-row=""2"">Adaptable selon le système de quizz</td></tr><tr><td data-row=""3""><strong>Poids</strong></td><td data-row=""3"">Léger et transportable</td></tr><tr><td data-row=""4""><strong>Usage</strong></td><td data-row=""4"">Contrôleur pour affichage des scores</td></tr><tr><td data-row=""5""><strong>Fonction</strong></td><td data-row=""5"">Gestion et visualisation des scores pour quizz et jeux interactifs</td></tr><tr><td data-row=""6""><strong>Compatibilité</strong></td><td data-row=""6"">Avec Écran de Score Digital et pupitres ESIL EVENTS</td></tr></tbody></table><p>Le Contrôleur Scores est simple à utiliser et à connecter, permettant aux animateurs de suivre les performances et d’assurer une animation fluide et captivante.</p><p><br></p><h3><strong style=""color: rgb(153, 51, 255);"">Location du Contrôleur Scores avec ESIL EVENTS</strong></h3><p>Avec <strong>ESIL EVENTS</strong>, bénéficiez d’une <strong>location clé en main à Paris, 75, Yvelines et Île-de-France</strong>, incluant <strong>livraison, installation et mise en service</strong>. Ce contrôleur est parfait pour <strong>optimiser vos animations Quizz</strong> et garantir un <strong>moment interactif et fédérateur</strong> pour tous vos participants.</p><h3><br></h3>";40;48;;;Non;0;Oui;controleur-score;Contrôleur Scores à louer – ESIL EVENTS;Location Contrôleur Scores pour Quizz avec ESIL EVENTS à Paris, 75, Yvelines et Île-de-France pour afficher les scores en temps réel.;contrôleur scores, ESIL EVENTS, contrôleur à louer Paris, contrôleur scores 75, location contrôleur scores Yvelines, location contrôleur scores Île-de-France, animation quizz, jeu interactif, affichage scores quizz, animation soirée entreprise, animation team-building, animation anniversaire, animation scolaire, outil interactif, jeu multijoueur, animation interactive, animation conviviale, animation compétitive;;24/02/2026
0ea13f51-5dd3-4f94-91e9-f4a0faaf3de6;Location Coup de pied - PSG;Coup de pied - PSG;technique;coupe-du-monde-football;animation-football;"<p><strong>Faites vivre une expérience football unique à vos invités avec notre animation Coup de Pied Officiel PSG !</strong></p><p><br></p><p>Inspiré des défis de puissance des plus grands événements sportifs, ce jeu mesure la force de frappe des participants après un tir dans le ballon. Qui réalisera le score le plus impressionnant ? Sensations, compétition et bonne humeur garanties !</p><p><br></p><p>Avec son habillage officiel aux couleurs du Paris Saint-Germain, cette animation attire immédiatement l’attention et crée une véritable ambiance de stade lors de vos événements.</p><p><br></p><p>Idéal pour les fan zones, événements d’entreprise, centres commerciaux, salons, animations sportives ou soirées à thème football, le Coup de Pied PSG convient aussi bien aux adultes qu’aux enfants.</p><p><br></p><table><tbody><tr><td data-row=""1""><span style=""background-color: transparent; color: rgb(0, 0, 0);"">Caractéristique</span></td><td data-row=""1""><span style=""background-color: transparent; color: rgb(0, 0, 0);"">Détail</span></td></tr><tr><td data-row=""2""><span style=""background-color: transparent; color: rgb(0, 0, 0);"">Dimensions</span></td><td data-row=""2""><span style=""background-color: transparent; color: rgb(0, 0, 0);"">H 180 x L 100 x P 105 cm</span></td></tr><tr><td data-row=""3""><span style=""background-color: transparent; color: rgb(0, 0, 0);"">Poids</span></td><td data-row=""3""><span style=""background-color: transparent; color: rgb(0, 0, 0);"">150 kg</span></td></tr><tr><td data-row=""4""><span style=""background-color: transparent; color: rgb(0, 0, 0);"">Alimentation</span></td><td data-row=""4""><span style=""background-color: transparent; color: rgb(0, 0, 0);"">110 / 220 V</span></td></tr><tr><td data-row=""5""><span style=""background-color: transparent; color: rgb(0, 0, 0);"">Consommation électrique</span></td><td data-row=""5""><span style=""background-color: transparent; color: rgb(0, 0, 0);"">150 W</span></td></tr><tr><td data-row=""6""><span style=""background-color: transparent; color: rgb(0, 0, 0);"">Mode de jeu</span></td><td data-row=""6""><span style=""background-color: transparent; color: rgb(0, 0, 0);"">Coup de pied et coup de poing</span></td></tr><tr><td data-row=""7""><span style=""background-color: transparent; color: rgb(0, 0, 0);"">Utilisation</span></td><td data-row=""7""><span style=""background-color: transparent; color: rgb(0, 0, 0);"">Intérieur / extérieur</span></td></tr><tr><td data-row=""8""><span style=""background-color: transparent; color: rgb(0, 0, 0);"">CaractéristiqueDétail</span></td><td data-row=""8""><span style=""background-color: transparent; color: rgb(0, 0, 0);"">Détail</span></td></tr><tr><td data-row=""9""><span style=""background-color: transparent; color: rgb(0, 0, 0);"">Dimensions</span></td><td data-row=""9""><span style=""background-color: transparent; color: rgb(0, 0, 0);"">H 180 x L 100 x P 105 cm</span></td></tr><tr><td data-row=""10""><span style=""background-color: transparent; color: rgb(0, 0, 0);"">Poids</span></td><td data-row=""10""><span style=""background-color: transparent; color: rgb(0, 0, 0);"">150 kg</span></td></tr></tbody></table><h4>Les points forts :</h4><ol><li data-list=""bullet""><span class=""ql-ui"" contenteditable=""false""></span>Jeu officiel aux couleurs du PSG</li><li data-list=""bullet""><span class=""ql-ui"" contenteditable=""false""></span>Mesure de puissance instantanée</li><li data-list=""bullet""><span class=""ql-ui"" contenteditable=""false""></span>Animation fun, sportive et compétitive</li><li data-list=""bullet""><span class=""ql-ui"" contenteditable=""false""></span>Forte attractivité visuelle</li><li data-list=""bullet""><span class=""ql-ui"" contenteditable=""false""></span>Adapté à tous types d’événements</li></ol><h4>Idéal pour :</h4><ol><li data-list=""bullet""><span class=""ql-ui"" contenteditable=""false""></span>Coupe du Monde &amp; événements football</li><li data-list=""bullet""><span class=""ql-ui"" contenteditable=""false""></span>Team building</li><li data-list=""bullet""><span class=""ql-ui"" contenteditable=""false""></span>Animations commerciales</li><li data-list=""bullet""><span class=""ql-ui"" contenteditable=""false""></span>Fêtes sportives</li><li data-list=""bullet""><span class=""ql-ui"" contenteditable=""false""></span>Journées entreprises</li><li data-list=""bullet""><span class=""ql-ui"" contenteditable=""false""></span>Événements grand public</li></ol><p><br></p><p>Transformez votre événement en véritable défi de stade avec ESIL Events !</p>";349;418.8;;;Non;0;Oui;location-coup-de-pied-psg;Location Coup de pied PSG | Animation Foot Premium Paris & France;Défiez vos invités avec l'animation officielle Coup de pied PSG ! Un jeu de force premium pour vos événements à Paris et en France. Installation incluse. Devis ;location coup de pied PSG Paris, animation football entreprise Île-de-France, machine de force football location, animation Coupe du Monde foot Lyon, location simulateur frappe PSG, animation commerciale football France, jeu de force coup de pied événementiel, location matériel foot fan zone Paris, animation séminaire foot Lille, ESIL Events location technique foot;;20/05/2026
bc13efed-fa5f-4107-b5c3-145ff06b2c82;Location Coup de Poing Boxer ;Coup de Poing Boxer ;jeux;jeux-forains;coup-de-poing;"<h3><strong style=""color: rgb(153, 51, 255);"">Caractéristiques techniques</strong></h3><table><tbody><tr><td data-row=""1"">CaractéristiqueDétail</td><td data-row=""1""><br></td></tr><tr><td data-row=""2"">Dimensions</td><td data-row=""2"">H 210 cm / L 70 cm / P 120 cm</td></tr><tr><td data-row=""3"">Poids</td><td data-row=""3"">120 kg</td></tr><tr><td data-row=""4"">Type de jeu</td><td data-row=""4"">Jeu de force forain</td></tr><tr><td data-row=""5"">Public</td><td data-row=""5"">Adolescents et adultes</td></tr><tr><td data-row=""6"">Installation</td><td data-row=""6"">Intérieur ou extérieur couvert</td></tr><tr><td data-row=""7"">Utilisation</td><td data-row=""7"">Animation libre ou encadrée</td></tr></tbody></table><h2><br></h2>";291.67;350;;;Non;0;Oui;coup-de-poing-boxer;Location Coup de Poing Boxer Événementiel Jeux Forains ;Louez notre coup de poing boxer pour dynamiser vos événements  Animation fun garantie. Idéale sur des salons Professionnel ,fête CE, en IDF et en France;location coup de poing boxer événement, location jeu coup de poing Paris 75, prix location coup de poing Yvelines , tarif coup de poing événement, location coup de poing région parisienne, location jeu forain coup de poing, location coup de poing animation événementielle, coup de poing force événement, location coup de poing professionnel IDF, location coup de poing Versailles 78, comment animer un événement avec un coup de poing, location coup de poing France entière, location coup de poing pour soirée entreprise paris 75, location coup de poing pour fête foraine, où louer un coup de poing boxer;;07/05/2025
579549fb-d7fc-4553-a765-aacbdcfa52b0;Location Coup de Poing Red Bull ;Coup de Poing Red Bull ;jeux;jeux-forains;coup-de-poing;"<h2><strong style=""color: rgb(153, 51, 255);"">Caractéristiques techniques</strong></h2><table><tbody><tr><td data-row=""1"">Caractéristique</td><td data-row=""1"">Détail</td></tr><tr><td data-row=""2"">Dimensions</td><td data-row=""2"">H 210 cm / L 70 cm / P 120 cm</td></tr><tr><td data-row=""3"">Poids</td><td data-row=""3"">120 kg</td></tr><tr><td data-row=""4"">Type de jeu</td><td data-row=""4"">Jeu de force forain</td></tr><tr><td data-row=""5"">Public</td><td data-row=""5"">Adolescents et adultes</td></tr><tr><td data-row=""6"">Installation</td><td data-row=""6"">Intérieur ou extérieur couvert</td></tr><tr><td data-row=""7"">Utilisation</td><td data-row=""7"">Animation libre ou encadrée</td></tr></tbody></table><h3><br></h3>";291.67;350;;;Non;0;Oui;coup-de-poing-red-bull;Location Coup de Poing forain IDF et France ;Louez le Coup de Poing Red Bull pour dynamiser vos événements ! Jeu forain interactif idéal pour fêtes d'entreprise, soirées privées et événements publics. Devis rapide et service pro en France.;location coup de poing red bull Paris 75, coup de poing red bull événement IDF, location jeu de force événement IDF , jeu forain entreprise Ile de France, animation soirée entreprise, tarif location coup de poing Yvelines 78, prix location coup de poing red bull, location jeu de force région parisienne, location coup de poing red bull France, animation événementielle jeux forains, location coup de poing professionnel, coup de poing red bull animation team building, location jeu de force haut de gamme Paris 75,Agence événementiel Paris 75;;06/05/2025
7f46abac-7f32-4040-8037-c5109b69eacb;Location Coup de Poing Woman;Coup de Poing Woman;jeux;jeux-forains;coup-de-poing;"<h2><strong style=""color: rgb(153, 51, 255);"">Caractéristiques techniques</strong></h2><table><tbody><tr><td data-row=""1"">Caractéristique</td><td data-row=""1"">Détail</td></tr><tr><td data-row=""2"">Dimensions</td><td data-row=""2"">H 210 cm / L 70 cm / P 120 cm</td></tr><tr><td data-row=""3"">Poids</td><td data-row=""3"">120 kg</td></tr><tr><td data-row=""4"">Type de jeu</td><td data-row=""4"">Jeu de force forain</td></tr><tr><td data-row=""5"">Public</td><td data-row=""5"">Adolescents et adultes</td></tr><tr><td data-row=""6"">Installation</td><td data-row=""6"">Intérieur ou extérieur couvert</td></tr><tr><td data-row=""7"">Utilisation</td><td data-row=""7"">Animation libre ou encadrée</td></tr></tbody></table><h3><br></h3>";291.67;350;;;Non;0;Oui;coup-de-poing-woman;Location Coup de Poing Forain en IDF et France;Louez un Coup de Poing Woman pour dynamiser vos événements  Animation fun pour fêtes entreprise, Associations , en région parisienne et France entière. ;location coup de poing forain paris 75, location jeu de force événement, coup de poing location prix Paris 75, tarif location coup de poing, location coup de poing région parisienne, location jeu forain professionnel, animation jeux forains entreprise, animation soirée entreprise coup de poing Yvelines 78, location coup de poing IDF, location coup de poing kermesse Paris 75, location coup de poing France entière,Agence événementiel Paris 75,Location coup de poing pour fetes CE Paris 75;;06/05/2025
cbc51664-4cbf-4508-908b-d9b63d0f45ad;Location cube lumineux 40 cm RGB;Location cube lumineux 40 cm RGB;technique;eclairage;mobilier-lumineux;"**Illuminez vos événements en Île-de-France avec nos cubes lumineux RGB !**

Créez une ambiance unique avec nos cubes lumineux 40 cm RGB. Parfait pour vos soirées privées, mariages, séminaires ou événements d'entreprise en Île-de-France. Leur télécommande intuitive vous permet de personnaliser l'éclairage selon vos envies, offrant une autonomie de 4 à 6 heures.

Polyvalents, ces cubes s'adaptent à tous vos espaces, intérieurs comme extérieurs. Imaginez-les bordant une piste de danse, illuminant un cocktail ou décorant un stand lors d'un salon professionnel. Combinez-les avec nos projecteurs LED et notre mobilier lounge pour un effet spectaculaire.

Professionnels de l'événementiel en Seine-et-Marne (77) ou particuliers dans les Yvelines (78), dynamisez votre décoration ! Contactez ESIL-events pour la location de vos cubes lumineux et transformez votre événement en un moment inoubliable.";20.83;25;;;Non;0;Oui;location-cube-lumineux-40-cm-rgb;Location Cube Lumineux RGB 40cm - Événementiel IDF Premium;Illuminez vos événements en Île-de-France avec nos cubes lumineux RGB 40cm premium ! Ambiance personnalisable garantie. Devis gratuit & livraison rapide. Contac;location cube lumineux rgb 40cm, location cube lumineux île de france, location mobilier lumineux evenementiel, eclairage evenementiel paris, location cube lumineux mariage, location cube lumineux entreprise, location cube lumineux 77, location cube lumineux 78, mobilier lumineux location, cube lumineux location;;12/07/2025
e55809e7-bd7a-444b-86cc-4c2e1f2b2d89;Location Dance Dance Révolution - DDR;Dance Révolution;jeux;danse-quiz;dance-revolution;"<h2><strong style=""color: rgb(153, 51, 255);"">Caractéristiques techniques</strong></h2><table><tbody><tr><td data-row=""1"">Caractéristique</td><td data-row=""1"">Détail</td></tr><tr><td data-row=""2"">Surface de jeu</td><td data-row=""2"">Environ 6 m² (2 x 3 m)</td></tr><tr><td data-row=""3"">Plaques de jeu</td><td data-row=""3"">2</td></tr><tr><td data-row=""4"">Écran</td><td data-row=""4"">TV 65 pouces sur support à roulette</td></tr><tr><td data-row=""5"">Son</td><td data-row=""5"">2 enceintes sur pieds</td></tr><tr><td data-row=""6"">Installation</td><td data-row=""6"">Intérieur uniquement</td></tr><tr><td data-row=""7"">Particularités</td><td data-row=""7"">Encadrement décoratif inclus</td></tr></tbody></table><h3><br></h3>";541.67;650;;;Non;0;Oui;dance-revolution;Location Dance Dance Révolution -  Événementiel Paris IDF;Location Dance Dance Révolution à Paris, 75 et Yvelines avec ESIL EVENTS. Animation interactive musicale et sportive pour événements et soirées.;Annimation jeu de dance Révolution 75, jeux de café événementiel Paris, location jeux animation Île-de-France, animation soirée entreprise paris 75, location jeux interactifs IDF, événementiel animation premium, jeux événementiels mariage, location Dance Révolution 75, animation team building, jeux de café à louer,Annimation jeu de dance Révolution pas chère paris 75,Annimation jeu de dance Révolution pas chère yvelines 78,Annimation jeu de dance Révolution IDF,Annimation jeu de dance Révolution soirée entreprise 78,Annimation jeu de dance Révolution soirée entreprise  Yvelines 78,Annimation jeu de dance Révolution soirée entreprise paris 75,location dance dance révolution, location DDR, animation musicale interactive, jeu musical, animation sportive, location jeu interactif, location baby-foot, location jeu événementiel, animation team-building, ESIL EVENTS, location dance Paris, location dance 75, location dance Yvelines, location jeu Île-de-France, animation conviviale, animation soirée;;07/05/2025
d35550dc-7d12-4604-95ac-8cc1ef66fb68;Location de tir au but gonflable - Pénalty;Tir au but;technique;coupe-du-monde-football;animation-football;"<p>Animez vos événements avec notre tir au but gonflable spécial pénalty, une animation incontournable pour tous les passionnés de football !</p><p><br></p><p>Testez votre précision et défiez vos amis, collègues ou invités dans une ambiance fun et conviviale. Grâce à ses différentes cibles, ce jeu permet d’organiser des défis ludiques et compétitifs adaptés aussi bien aux enfants qu’aux adultes.</p><p><br></p><p>Parfait pour les fan zones, événements d’entreprise, fêtes communales, centres commerciaux, anniversaires ou animations sportives, le tir au but gonflable attire immédiatement l’attention et garantit une excellente participation du public.</p><p><br></p><p>Facile à installer et sécurisé, ce jeu football apporte une véritable ambiance de stade à votre événement.</p><h4><br></h4><table><tbody><tr><td data-row=""1""><span style=""color: rgb(0, 0, 0); background-color: transparent;"">Âge</span></td><td data-row=""1""><span style=""color: rgb(0, 0, 0); background-color: transparent;"">À partir de 3 ans</span></td></tr><tr><td data-row=""2""><span style=""color: rgb(0, 0, 0); background-color: transparent;"">Dimensions</span></td><td data-row=""2""><span style=""color: rgb(0, 0, 0); background-color: transparent;"">L : 4 m x l : 2 m x H : 2,5 m</span></td></tr><tr><td data-row=""3""><span style=""color: rgb(0, 0, 0); background-color: transparent;"">Surface requise</span></td><td data-row=""3""><span style=""color: rgb(0, 0, 0); background-color: transparent;"">L : 7,6 m x l : 5,6 m x H : 3,5 m</span></td></tr><tr><td data-row=""4""><span style=""color: rgb(0, 0, 0); background-color: transparent;"">Poids</span></td><td data-row=""4""><span style=""color: rgb(0, 0, 0); background-color: transparent;"">50 kg</span></td></tr><tr><td data-row=""5""><span style=""color: rgb(0, 0, 0); background-color: transparent;"">Alimentation</span></td><td data-row=""5""><span style=""color: rgb(0, 0, 0); background-color: transparent;"">220 V</span></td></tr><tr><td data-row=""6""><span style=""color: rgb(0, 0, 0); background-color: transparent;"">Soufflerie</span></td><td data-row=""6""><span style=""color: rgb(0, 0, 0); background-color: transparent;"">1 x 1,5 CV</span></td></tr><tr><td data-row=""7""><span style=""color: rgb(0, 0, 0); background-color: transparent;"">Installation</span></td><td data-row=""7""><span style=""color: rgb(0, 0, 0); background-color: transparent;"">Gonflable + mise en place</span></td></tr><tr><td data-row=""8""><span style=""color: rgb(0, 0, 0); background-color: transparent;"">Utilisation</span></td><td data-row=""8""><span style=""color: rgb(0, 0, 0); background-color: transparent;"">Intérieur &amp; extérieur</span></td></tr><tr><td data-row=""9""><span style=""color: rgb(0, 0, 0); background-color: transparent;"">Norme</span></td><td data-row=""9""><span style=""color: rgb(0, 0, 0); background-color: transparent;"">EN 14960</span></td></tr><tr><td data-row=""10""><span style=""color: rgb(0, 0, 0); background-color: transparent;"">Ballon</span></td><td data-row=""10""><span style=""color: rgb(0, 0, 0); background-color: transparent;"">Inclus</span></td></tr></tbody></table><h4>Idéal pour :</h4><ol><li data-list=""bullet""><span class=""ql-ui"" contenteditable=""false""></span>Coupe du Monde &amp; événements football</li><li data-list=""bullet""><span class=""ql-ui"" contenteditable=""false""></span>Team building</li><li data-list=""bullet""><span class=""ql-ui"" contenteditable=""false""></span>Journées portes ouvertes</li><li data-list=""bullet""><span class=""ql-ui"" contenteditable=""false""></span>Fêtes et kermesses</li><li data-list=""bullet""><span class=""ql-ui"" contenteditable=""false""></span>Animations commerciales</li><li data-list=""bullet""><span class=""ql-ui"" contenteditable=""false""></span>Événements sportifs et associatifs</li></ol><p><br></p><p>Faites vivre l’émotion du pénalty à vos participants avec ESIL Events !</p>";150;180;;;Non;0;Oui;tir-au-but-penalty-gonflable;Location Tir au But Gonflable : Animation Foot Ile de France;Dynamisez vos événements avec notre tir au but gonflable ! Animation foot idéale pour team building et fan zones. Service clé en main Paris & Ile de France;Tir au but gonflable;;20/05/2026
55ab0b0f-ffd4-4211-aeca-ae2c8f5e5d5d;Location écran de Score Digital pour quiz;Ecran scrore;jeux;danse-quiz;quizz;"<h2>Écran de Score Digital – Location avec ESIL EVENTS à Paris, 75, Yvelines et Île-de-France</h2><p><br></p><p>Optimisez vos <strong>animations et jeux interactifs</strong> avec notre <strong>Écran de Score Digital</strong>, disponible à la <strong>location chez ESIL EVENTS à Paris, dans le 75, les Yvelines et toute l’Île-de-France</strong>. Idéal pour <strong>quizz, tournois ou compétitions</strong>, cet écran permet de <strong>suivre et afficher les scores en temps réel</strong>, apportant une <strong>dimension professionnelle et visuelle</strong> à vos événements.</p><p>Parfait pour <strong>soirées privées, anniversaires, team-building ou événements scolaires</strong>, l’Écran de Score Digital est <strong>compact, léger et facile à installer</strong>, garantissant un suivi clair et précis des performances de chaque participant.</p><p><br></p><h3><strong style=""color: rgb(153, 51, 255);"">Caractéristiques</strong></h3><table><tbody><tr><td data-row=""1"">Caractéristique</td><td data-row=""1"">Détail</td></tr><tr><td data-row=""2""><strong>Dimensions</strong></td><td data-row=""2"">29,5 x 18,5 x 3,5 cm</td></tr><tr><td data-row=""3""><strong>Poids</strong></td><td data-row=""3"">890 g</td></tr><tr><td data-row=""4""><strong>Usage</strong></td><td data-row=""4"">Affichage des scores pour quizz et jeux interactifs</td></tr><tr><td data-row=""5""><strong>Type d’écran</strong></td><td data-row=""5"">Digital / électronique</td></tr><tr><td data-row=""6""><strong>Nombre de joueurs</strong></td><td data-row=""6"">Adaptable selon l’événement</td></tr></tbody></table><p>Compact et léger, l’<strong>Écran de Score Digital</strong> s’intègre facilement dans toutes vos animations et permet de <strong>dynamiser les jeux avec un affichage clair et interactif</strong>. Idéal pour créer une <strong>ambiance compétitive et conviviale</strong> lors de vos événements.</p><p><br></p><h3><strong style=""color: rgb(153, 51, 255);"">Location de l’Écran de Score Digital avec ESIL EVENTS</strong></h3><p>Avec <strong>ESIL EVENTS</strong>, bénéficiez d’une <strong>location clé en main à Paris, 75, Yvelines et Île-de-France</strong>, incluant <strong>livraison et installation si nécessaire</strong>. Cet écran est parfait pour <strong>améliorer vos animations, quizz et compétitions</strong>, tout en captivant vos participants grâce à un affichage professionnel et interactif.</p>";45;54;;;Non;0;Oui;ecran-score-digital-quiz;Écran de Score Digital à louer – ESIL EVENTS Paris, IDF;Location Écran de Score Digital avec ESIL EVENTS à Paris, 75, Yvelines et Île-de-France. Affichez les scores en temps réel pour quizz, jeux.;écran de score digital, ESIL EVENTS, écran score à louer, affichage scores quizz, affichage scores jeux, animation quizz Paris, location écran interactif 75, location écran interactif Yvelines, location écran interactif Île-de-France, animation interactive, animation soirée entreprise, animation team-building, animation anniversaire, affichage scores en temps réel, activité ludique, animation conviviale, animation compétitive, outil interactif, jeu multijoueur, animation événementielle;;23/02/2026
df081406-0925-4155-8449-6d1c1ec234c4;Location Écran Mur de LED m2 – Ecran géant Coupe du Monde;mur de led;technique;coupe-du-monde-football;diffusion-match-football;"<p>Offrez une expérience visuelle spectaculaire à votre public avec notre mur LED professionnel, idéal pour la diffusion de matchs, événements sportifs, concerts ou animations grand public.</p><p><br></p><p>Disponible en intérieur et en extérieur, notre écran LED garantit une qualité d’image exceptionnelle, même en plein jour, pour une immersion totale digne des plus grands stades. Parfait pour les fan zones, événements d’entreprise, collectivités ou opérations commerciales.</p><p><br></p><p>ESIL Events vous propose une solution clé en main incluant la livraison, l’installation et le démontage partout en Île-de-France.</p><p><br></p><table><tbody><tr><td data-row=""row-0jap""><strong>Format 16:9 </strong></td><td data-row=""row-0jap""><strong>7m2 (3X2) </strong></td><td data-row=""row-0jap""><strong>11m2 (4,5x2,5)</strong></td><td data-row=""row-0jap""><strong>15m2 (5x3)</strong></td></tr><tr><td data-row=""row-p73l"">Tarif HT</td><td data-row=""row-p73l"">1 744,19 €</td><td data-row=""row-p73l"">2 740,87 €</td><td data-row=""row-p73l"">3 737,55 €</td></tr><tr><td data-row=""row-n8f8""><strong style=""color: rgb(153, 51, 255);"">TARIF TTC</strong></td><td data-row=""row-n8f8""><strong style=""color: rgb(153, 51, 255);"">2 093,03 €</strong></td><td data-row=""row-n8f8""><strong style=""color: rgb(153, 51, 255);"">3 289,04 €</strong></td><td data-row=""row-n8f8""><strong style=""color: rgb(153, 51, 255);"">4 485,06 €</strong></td></tr></tbody></table><h3>Inclus dans la prestation :</h3><p><br></p><ol><li data-list=""bullet""><span class=""ql-ui"" contenteditable=""false""></span>Livraison sur site (IDF)</li><li data-list=""bullet""><span class=""ql-ui"" contenteditable=""false""></span>Installation complète</li><li data-list=""bullet""><span class=""ql-ui"" contenteditable=""false""></span>Démontage après événement</li><li data-list=""bullet""><span class=""ql-ui"" contenteditable=""false""></span>Matériel indoor &amp; outdoor haute qualité</li></ol><p><br></p><p>Créez un impact visuel fort et transformez vos événements en véritable expérience immersive avec ESIL Events.</p><h3><br></h3>";249;298.8;;;Non;0;Oui;location-ecran-mur-de-led-indoor-outdoor;Location mur LED – Écran géant Football Coupe du monde;A l'occasion de la Coup du Monde 2026, Louez un mur LED professionnel indoor et outdoor pour vos événements pour diffuser le match sur écran géant;;;21/05/2026
2ea41125-3593-488d-aa34-b21f963e157a;location fauteuil lumineux sur batterie ;location fauteuil lumineux sur batterie ;technique;eclairage;mobilier-lumineux;"**Illuminez vos événements en Île-de-France avec nos fauteuils lumineux sur batterie !**

Créez une ambiance inoubliable avec nos fauteuils lumineux, parfaits pour mariages, séminaires ou événements institutionnels en Île-de-France. Leur éclairage LED RGBW offre 128 couleurs, transformant vos espaces extérieurs en lieux magiques. Résistants aux intempéries (IP65), ils garantissent une autonomie de 12 à 36 heures, idéal pour vos soirées dans le 75, 78 ou 92.

Fabriqués en polyéthylène blanc, ces fauteuils allient esthétisme et durabilité. Imaginez-les illuminant une terrasse à Paris, un jardin dans le 91 ou un espace événementiel dans le 93. Combinez-les avec nos jeux de lumière et nos solutions sonores pour une expérience complète signée ESIL-events.

Optez pour l'originalité et la qualité ESIL-events pour vos événements en Île-de-France. Nos fauteuils lumineux apportent une touche de modernité et de convivialité. Contactez-nous pour illuminer votre prochain événement dans le 77, 94 ou 95 !";29.17;35;;;Non;8;Oui;location-fauteuil-lumineux-sur-batterie;Location Fauteuil Lumineux LED Île-de-France Événementiel ;Illuminez vos événements avec nos fauteuils lumineux LED sur batterie en Île-de-France ! Ambiance unique garantie. Location premium, livraison rapide. Demandez ;location fauteuil lumineux sur batterie Île-de-France, location mobilier lumineux événementiel Paris, location fauteuil LED mariage IDF , éclairage événementiel sans fil PARIS , location mobilier lumineux événementiel, location fauteuil lumineux événement Yvelines 78, fauteuil lumineux LED RGBW, location mobilier lumineux Paris, location fauteuil lumineux 77, location fauteuil lumineux 92;;12/07/2025
da904b1a-8435-4754-a315-bf4b0f9bebfb;Location Flipper Années 80 - Rétro Gaming;Flipper Années 80 - Rétro Gaming;jeux;jeux-d-arcades;flippers;"<h2><strong style=""color: rgb(153, 51, 255);"">Caractéristiques</strong></h2><table><tbody><tr><td data-row=""1"">CaractéristiqueDétail</td><td data-row=""1""><br></td></tr><tr><td data-row=""2""><strong>Meuble et construction</strong></td><td data-row=""2"">Contreplaqué robuste, pieds en acier, verre trempé</td></tr><tr><td data-row=""3""><strong>Nombre de joueurs</strong></td><td data-row=""3"">1 à 4</td></tr><tr><td data-row=""4""><strong>Monnayeur</strong></td><td data-row=""4"">FREE</td></tr><tr><td data-row=""5""><strong>Consommation électrique (jeu)</strong></td><td data-row=""5"">360 W – 1,5 A – 240 V</td></tr><tr><td data-row=""6""><strong>Consommation électrique (veille)</strong></td><td data-row=""6"">70 W – 0,3 A – 240 V</td></tr><tr><td data-row=""7""><strong>Date de sortie</strong></td><td data-row=""7"">Années 80–90</td></tr><tr><td data-row=""8""><strong>Dimensions</strong></td><td data-row=""8"">Environ L 145 x P 71 x H 195 cm</td></tr></tbody></table><p><br></p>";310;372;;;Non;0;Oui;location-flipper-annees-80-retro-gaming;Location Flipper Années 80  sur Paris - Rétrogaming ;Location flipper rétro années 80–90 avec ESIL EVENTS à Paris, 75, Yvelines et Île-de-France. Animation vintage idéale pour tous vos événements.;flipper années 80 location paris 75, location flipper retro paris, animation retrogaming ile de france, location jeux de café évènementiel IDF , flipper vintage location Yvelines 78, animation soiree entreprise retro, location flipper évènementiel, jeux de cafe animation evenementiel,Location flipper pour soirée en entreprise sur Paris ,Agence événementiel en ile de France ,location flipper, flipper années 80, flipper années 90, flipper rétro, ESIL EVENTS, flipper événementiel, location flipper Paris, location flipper 75, location flipper Yvelines, location flipper Île-de-France, flipper vintage à louer, animation flipper rétro, flipper arcade, flipper ancien, flipper pour anniversaire, flipper pour soirée privée, flipper team-building, flipper entreprise, flipper professionnel à louer, jeu rétro à louer, animation rétro événementielle, location jeux événementiels Paris, animation vintage Ile-de-France, flipper FREE play, flipper rétro professionnel;;07/05/2025
a7ab8514-f86e-4c83-b17d-6e2b5e890511;Location Flipper Stranger Things ;Flipper Stranger Things;jeux;jeux-d-arcades;flippers;"<h3><strong style=""color: rgb(153, 51, 255);"">Caractéristiques</strong></h3><table><tbody><tr><td data-row=""1"">Caractéristique</td><td data-row=""1"">Détail</td></tr><tr><td data-row=""2""><strong>Meuble et construction</strong></td><td data-row=""2"">Contreplaqué robuste, pieds en acier, verre trempé</td></tr><tr><td data-row=""3""><strong>Nombre de joueurs</strong></td><td data-row=""3"">1 à 4</td></tr><tr><td data-row=""4""><strong>Monnayeur</strong></td><td data-row=""4"">FREE</td></tr><tr><td data-row=""5""><strong>Consommation électrique (jeu)</strong></td><td data-row=""5"">360 W – 1,5 A – 240 V</td></tr><tr><td data-row=""6""><strong>Consommation électrique (veille)</strong></td><td data-row=""6"">70 W – 0,3 A – 240 V</td></tr><tr><td data-row=""7""><strong>Date de sortie</strong></td><td data-row=""7"">2019</td></tr><tr><td data-row=""8""><strong>Dimensions</strong></td><td data-row=""8"">L 145 x P 71 x H 195 cm</td></tr></tbody></table><p><br></p>";310;372;;;Non;0;Oui;location-flipper-stranger-things;Flipper Stranger Things à louer – ESIL EVENTS Paris & Île-de;Location flipper Stranger Things pour événements à Paris, 75, Yvelines et Île-de-France avec ESIL EVENTS. Animation originale et immersive pour tous !; location flipper événementiel YVELINES 78, location jeux de café évènement PARIS 75, animation soirée entreprise PARIS 75, location jeux vintage versailles 78, evenementiel geek paris, location flipper paris 75, jeux et animation évènementiel IDF , location matériel évènementiel Yvelines 78,Agence événementiel en ile de France ,location flipper Paris, location flipper 75, location flipper Yvelines, ESIL EVENTS, flipper Stranger Things à louer, flipper événementiel Ile-de-France, animation originale pour soirée, flipper professionnel à louer, jeu rétro années 80;;07/05/2025
0971fc1c-dc8e-4a79-a6a9-3023191359fe;Location jeu de fléchette électronique Cyberdine ;Jeu de Fléchettes Cyberdine ;jeux;jeux-sportifs;jeu-de-flechettes;"<h2><strong style=""color: rgb(153, 51, 255);"">Caractéristiques techniques</strong></h2><table><tbody><tr><td data-row=""1"">Caractéristique</td><td data-row=""1"">Détail</td></tr><tr><td data-row=""2"">Joueurs</td><td data-row=""2"">Jusqu’à 8 joueurs</td></tr><tr><td data-row=""3"">Écran</td><td data-row=""3"">LED clair et coloré</td></tr><tr><td data-row=""4"">Structure</td><td data-row=""4"">Robuste et stable avec éclairage intégré</td></tr><tr><td data-row=""5"">Modes de jeu</td><td data-row=""5"">25+ jeux et variantes (01 Games, Cricket, Shanghai…)</td></tr><tr><td data-row=""6"">Fonctionnalités</td><td data-row=""6"">Monnayeur ou freeplay, réglages volume, temps, crédits</td></tr><tr><td data-row=""7"">Particularités</td><td data-row=""7"">Effets lumineux et sonores, fixation murale ou support autonome</td></tr></tbody></table><h3><br></h3>";204.17;245;;;Non;0;Oui;jeu-de-flechettes-cyberdine;Location Fléchettes Électronique Cyberdine – 8 Joueurs;Location Jeu de Fléchettes Électronique Cyberdine à Paris, 75 et Yvelines. Animation interactive pour soirées, événements et jeux séminaire entreprise.;location jeu de fléchettes Cyberdine paris , location fléchettes événement en IDF, jeu de fléchettes professionnel location france, tarif location fléchettes Cyberdine événement paris, prix location fléchettes région parisienne 75 , location animation jeux de café événementiel, animation team building fléchettes IDF, location jeu de fléchettes haut de gamme pour soirées entreprise , location jeu de fléchettes pour soirée  CE sur paris 75, location jeu de fléchettes pour anniversaire Yvelines 78,location fléchettes électronique, location jeu de fléchettes, location jeu sportif, location baby-foot, jeux séminaire entreprise, animation interactive, location jeu événementiel, Cyberdine, fléchettes professionnelles, animation entreprise, ESIL EVENTS, location fléchettes Paris, location fléchettes 75, location fléchettes Yvelines, jeu convivial, animation soirée;;07/05/2025
a383c464-a7e6-4d34-8603-8f6229270c57;Location Jeu de Fléchettes électronique ;Jeu de Fléchettes ;jeux;jeux-sportifs;jeu-de-flechettes;"<h2><strong style=""color: rgb(153, 51, 255);"">Caractéristiques techniques</strong></h2><table><tbody><tr><td data-row=""1"">Caractéristique</td><td data-row=""1"">Détail</td></tr><tr><td data-row=""2"">Dimensions</td><td data-row=""2"">241 x 103 x 258 cm</td></tr><tr><td data-row=""3"">Poids</td><td data-row=""3"">235 kg</td></tr><tr><td data-row=""4"">Joueurs</td><td data-row=""4"">1 à 8 joueurs</td></tr><tr><td data-row=""5"">Écran</td><td data-row=""5"">LED clair et coloré</td></tr><tr><td data-row=""6"">Modes de jeu</td><td data-row=""6"">Plus de 25 jeux avec variantes (Cricket, Shanghai, 01 Games…)</td></tr><tr><td data-row=""7"">Particularités</td><td data-row=""7"">Effets lumineux et sonores, monnayeur ou freeplay, fixation murale ou support autonome</td></tr></tbody></table><h3><br></h3>";165.83;199;;;Non;0;Oui;jeu-de-flechettes;Location Arcade Fléchettes Électronique – 8 Joueurs;Location Arcade Fléchettes Électronique à Paris, 75 et Yvelines. Animation interactive pour soirées, événements et jeux séminaire entreprise.;location jeu de fléchettes événement paris , location jeu de fléchettes professionnel 75, tarif location jeu de fléchettes esil-events yvelines 78, prix location jeu de fléchettes événementiel, location jeu de fléchettes région parisienne, jeu de fléchettes animation événement, location jeux de café événement IDF , location jeux de loisirs entreprise, location jeu de fléchettes team building, location jeu de fléchettes soirée privée 75;;07/05/2025
fa914fdf-5f66-4158-a2e0-b04abc11ed5e;"Location Jeu de Fléchettes électronique BITRONIC 22""";Jeu de Fléchettes BITRONIC 22 pouces;jeux;jeux-sportifs;jeu-de-flechettes;"<h2><strong style=""color: rgb(153, 51, 255);"">Caractéristiques techniques</strong></h2><table><tbody><tr><td data-row=""1"">Caractéristique</td><td data-row=""1"">Détail</td></tr><tr><td data-row=""2"">Dimensions</td><td data-row=""2"">L 60 x P 47 x H 200 cm</td></tr><tr><td data-row=""3"">Poids</td><td data-row=""3"">80 kg</td></tr><tr><td data-row=""4"">Joueurs</td><td data-row=""4"">1 à 8 joueurs</td></tr><tr><td data-row=""5"">Type de fléchettes</td><td data-row=""5"">Pointe plastique</td></tr><tr><td data-row=""6"">Monnayeur</td><td data-row=""6"">Électronique inclus, freeplay possible</td></tr><tr><td data-row=""7"">Composition</td><td data-row=""7"">Meuble acier, câble d’alimentation inclus</td></tr></tbody></table><h3><br></h3>";229.17;275;;;Non;0;Oui;jeu-de-flechettes-bitronic-22-pouces;"Location Fléchettes Électronique Bitronic 22"" – 8 Joueurs";"Location Jeu Fléchettes Électronique Bitronic 22"" à Paris, 75 et Yvelines. Animation interactive pour soirées, événements et jeux séminaire entreprise.";location jeu de fléchettes bitronic paris , animation événement île-de-france, jeux de café événementiel paris, location jeux entreprise 75, jeu de fléchettes professionnel location, animation soirée entreprise idf, location fléchettes bitronic 22 pouces, location jeux et animation événementiel, location jeux de café paris, animation événementielle ile de france,location jeu de fléchettes 75,location jeu de fléchettes events paris ,location jeu de fléchettes yvelines 78,location jeu de fléchettes en IDF ,location fléchettes électronique, location jeu de fléchettes, location jeu sportif, jeux séminaire entreprise, animation interactive, location jeu événementiel, Bitronic, fléchettes professionnelles, animation entreprise, ESIL EVENTS, location fléchettes Paris, location fléchettes 75, location fléchettes Yvelines, jeu convivial, animation soirée;;07/05/2025
30765d69-d8cd-4ccc-a72b-a2db60fbc1d8;Location Jeu Gonflable Baby Foot Humain ;Jeu Gonflable Baby Foot Humain ;technique;coupe-du-monde-football;animation-football;<p>Venez vivre l'expérience unique du Baby Foot version géante avec notre Jeu Gonflable Baby Foot Humain ! Ce jeu spectaculaire réunit 12 joueurs dans une version géante et interactive du célèbre jeu de baby-foot. Chaque joueur, attaché à une barre gonflable, devra se déplacer de gauche à droite pour contrôler le ballon et marquer des buts tout en s’amusant dans un cadre sécurisé. Parfait pour vos événements en entreprise, soirées entre amis, fêtes de famille ou team-building, le Jeu Gonflable Baby Foot Humain transforme n'importe quel événement en un moment inoubliable, avec rires et compétitions à l’horizon. Une expérience ludique, conviviale et idéale pour toutes les générations !</p>;295.83;355;;;Non;0;Oui;jeu-gonflable-baby-foot-humain;Location Baby Foot Humain Gonflable - Animation Événementielle Fun;Louez un Baby Foot Humain gonflable pour un événement inoubliable ! Idéal team building, fêtes, entreprises. Location premium partout en France. Devis rapide !;location baby foot humain, location baby foot humain gonflable, baby foot humain gonflable prix, tarif location baby foot humain, animation événementielle baby foot humain, jeu gonflable baby foot humain entreprise, location baby foot humain région parisienne, baby foot humain gonflable team building, location structures gonflables événement, location jeux gonflables professionnels;;07/05/2025
304ed74f-e647-4d6b-a111-7f6de7896b6d;location la Paire d'enceinte Opera Reevo 212 - DB Technologie;location la Paire d'enceinte Opera Reevo 212 - DB Technologie;technique;sonorisation;enceinte;"**Transformez votre événement en Île-de-France avec l'Opera Reevo 212 !** L'excellence sonore signée ESIL-events pour des moments inoubliables. Mariages anniversaires, séminaires percutants ou soirées mémorables, cette enceinte DB Technologie de 1050W RMS et 133dB SPL Max offre un son pur et puissant.

Sa conception 3 voies assure une clarté exceptionnelle. Imaginez-la sublimée par nos jeux de lumière et la maîtrise de nos régisseurs son, créant une ambiance sur mesure pour vos événements en région parisienne. Compacte et performante, elle s'intègre parfaitement à votre décor.

Que vous soyez un particulier, une entreprise ou une institution en Île-de-France, l'Opera Reevo 212 s'adapte à tous vos besoins. Combinez-la avec nos solutions d'éclairage et nos services d'animation pour une expérience immersive.

Confiez votre projet à ESIL-events, expert en sonorisation en Île-de-France. Contactez-nous pour une location sur mesure et donnez vie à vos événements dans le 75, 77, 78, 91, 92, 93, 94 et 95 !";120.83;145;;;Non;0;Oui;location-la-paire-denceinte-opera-reevo-212-db-technologie;Location Paire Enceinte Opera Reevo 212 - | ESIL-events;location enceintes de sonorisation sur paris 75, ile de France, pour mariage, concert, fêtes de fin d'année. location enceinte amplifié chez esil-events.fr;location enceinte Opera Reevo 212, location enceinte sonorisation ile de france, location sonorisation événementielle paris , location enceinte sono Paris, location enceinte sonorisation Île-de-France, matériel sonorisation yvelines, location matériel événementiel, location enceinte professionnelle, location enceinte sonorisation pour mariage, location enceinte sonorisation conférence, location événementiel paris, ;;28/05/2025
b6fca08c-8d71-4277-9e48-397b531d0d75;location La paire Enceinte active  DB Technologie INGENIA IG3TR;location La paire Enceinte active DB Technologie INGENIA IG3TR;technique;sonorisation;enceinte;"**Transformez vos événements en Île-de-France avec un son d'exception !**

La paire d'enceintes actives DB Technologie INGENIA IG3TR, disponible à la location chez ESIL-events, propulse votre son vers de nouveaux sommets. Dotée de deux woofers néodyme 10"" et d'un tweeter à compression 1.4"", cette enceinte offre une clarté et une puissance inégalées pour vos DJs, concerts, fêtes de la musique et événements d'entreprise. Son design unique, couplé à une technologie infrarouge intelligente, garantit une couverture acoustique optimale, même en configuration double.

Que vous organisiez un mariage féérique en Seine-et-Marne (77), un séminaire d'entreprise dans les Yvelines (78) ou un événement institutionnel à Paris (75), l'INGENIA IG3TR s'adapte à tous vos besoins. Imaginez-la combinée à nos jeux de lumière et à nos consoles de mixage pour une expérience immersive totale. Sa compatibilité RDNet et Aurora Net vous offre un contrôle à distance précis et intuitif.

Louez dès maintenant votre paire d'enceintes INGENIA IG3TR chez ESIL-events et offrez à vos invités une expérience sonore inoubliable en Île-de-France. Contactez-nous pour une solution audio sur mesure, que vous soyez dans l'Essonne (91), les Hauts-de-Seine (92), la Seine-Saint-Denis (93), le Val-de-Marne (94) ou le Val-d'Oise (95) !";141.67;170;;;Non;10;Oui;location-la-paire-enceinte-active-db-technologie-ingenia-ig3tr;location enceintes active Ingenia sur paris 75,78,95,92.;Location enceintes de sonorisation active  sur Paris et région parisiennes pour les djs, les concerts, les fêtes de nouvel An, les mariages, anniversaire.;location enceinte active paris 75, location enceintes sono paris, locations enceintes pour concert paris ,location enceintes sonorisation ile de France ,location enceintes sono pour mariage ,location enceintes sono pour anniversaire ile de france,location enceintes sono pour dj ,location enceintes de sonorisation sur paris ,location enceintes de sonorisation pour mariage sur paris 75,location enceintes sonorisation pour lenouvel An;;11/07/2025
a51498aa-c0a8-4577-8efb-f5365e041c84;location la Paire Enceinte Active Montarbo B108 ;location la Paire Enceinte Active Montarbo B108 ;technique;sonorisation;enceinte;"**Sonorisez vos événements en Île-de-France avec brio !**

La paire d'enceintes Montarbo B108 offre une qualité audio exceptionnelle pour mariages, séminaires, ou événements institutionnels. Compactes (8,5kg), puissantes (200W RMS), elles s'adaptent à toutes les sources (Combo, XLR, jack, Bluetooth 5.0). Les filtres FIR garantissent un son clair, idéal pour une conférence en Seine-et-Marne (77) ou une fête dans les Yvelines (78).

Imaginez une ambiance musicale parfaite à Paris (75) ou une présentation impeccable en Essonne (91). Combinez ces enceintes avec nos tables de mixage et micros pour une expérience ESIL-events complète.

Besoin d'un son de qualité en Hauts-de-Seine (92), Seine-Saint-Denis (93), Val-de-Marne (94) ou Val-d'Oise (95) ? Contactez ESIL-events pour la location de votre paire Montarbo B108 et sublimez vos événements en Île-de-France !

Attention, la tarification est de 115€TTC pour les dates suivantes : 31 décembre, 21 juin et 14 juillet.";79.17;95;;;Non;0;Oui;location-la-paire-enceinte-active-montarbo-b108;Location Paire Enceinte Montarbo B108 Paris pour DJ;location sonorisation pour mariage, anniversaire,DJ en Île-de-France! Louez les d'enceintes Montarbo B108. Enceint Bluetooth, facile à installer sur paris 75;location paire enceinte active Montarbo B108, location enceinte Paris, location sono événementiel Île-de-France, location matériel sonorisation 75, location enceinte Bluetooth mariage, sonorisation professionnelle événement, location enceinte Montarbo, ESIL-events sonorisation, location enceinte active 92, location matériel événementiel;;28/04/2025
8ba0c80f-e21a-4691-922b-3576d84bd49d;location la Paire Enceinte Active Montarbo B112 ;location la Paire Enceinte Active Montarbo B112 ;technique;sonorisation;enceinte;"**Transformez vos événements en Île-de-France avec un son exceptionnel!**

La paire d'enceintes actives Montarbo B112 est la solution idéale pour sonoriser vos événements, des mariages intimes aux séminaires d'entreprise. Avec 400W de puissance et un SPL de 129dB, elles offrent un son clair et puissant, parfait pour les événements de taille moyenne en région parisienne. Leur design robuste et leur connectivité Bluetooth facilitent l'installation et l'utilisation, quel que soit votre niveau d'expertise.

Profitez d'une qualité sonore premium grâce au woofer de 12"" et au haut-parleur à compression de 1,35"", optimisés par un DSP avancé. Que vous organisiez un événement dans le 77, le 78 ou le 92, ces enceintes s'adaptent à tous les espaces. Combinez-les avec nos services de régie son et lumière pour une expérience immersive inoubliable.

Chez ESIL-events, nous vous aidons à créer des moments uniques en Île-de-France. Contactez-nous pour la location de votre paire d'enceintes Montarbo B112 et donnez vie à vos projets!";91.67;110;;;Non;0;Oui;location-la-paire-enceinte-active-montarbo-b112;location enceinte amplifiée Montarbo paris en ile de france;Location enceintes de sonorisation pour mariage, fêtes de la musique, nouvel an, sur paris 75, ile de France. pour dj orchestre, mariage ,anniversaire.;location enceinte active Montarbo B112 paris , location enceinte événement ile de France , location sonorisation pour événement paris 75, location matériel sonore ile de france , location enceintes pour dj , location enceinte Bluetooth,location enceintes pour mariage ile de france,location sono anniversaire 78 75 paris,Location enceintes montarbo pour nouvel An ,Location enceintes montarbo active pour evenements sonore ;;28/04/2025
6dd3542b-1799-478a-a42b-db70dd8719a6;location la Paire Enceinte Active Montarbo B115 - 600W RMS;location la Paire Enceinte Active Montarbo B115 - 600W RMS;technique;sonorisation;enceinte;"**La Paire d'Enceintes Actives Montarbo B115 (600W RMS) : L'excellence sonore pour vos événements en Île-de-France.**

Transformez vos événements en expériences immersives grâce à la puissance et la clarté exceptionnelles de la paire d'enceintes Montarbo B115. Particuliers, professionnels ou institutions en Île-de-France, profitez d'un son riche et précis (600W RMS, 130 dB SPL) pour vos mariages, séminaires, ou événements d'entreprise. Le woofer de 38 cm et le DSP avancé garantissent une diffusion sonore optimale dans tous les départements (75, 77, 78, 91, 92, 93, 94, 95).

Imaginez ces enceintes associées à nos consoles de mixage pour un contrôle audio parfait, ou à nos solutions d'éclairage pour une ambiance inoubliable. Faciles à installer et robustes, elles s'adaptent à tous vos besoins. Connectivité Bluetooth, entrées micro/ligne... La Montarbo B115 est la solution idéale pour un son impeccable.

ESIL-events, votre partenaire événementiel en Île-de-France, vous propose cette solution audio de pointe. Contactez-nous dès aujourd'hui pour réserver votre paire d'enceintes Montarbo B115 et offrez à vos invités une expérience sonore mémorable.";108.33;130;;;Non;0;Oui;location-la-paire-enceinte-active-montarbo-b115-600w-rms;Location Paire Enceintes amplifiée 600w  paris 75;Location enceintes de sonorisation pour prestation de mariage, anniversaire, concert, fête de la musique, nouvel an , sur paris 75, Yvelines 78.;location enceinte Active Montarbo B115 paris , Location Enceinte ile de France , Sonorisation Événementielle, Location Sono, Événementiel, 600W RMS, Location Matériel Son, Région Parisienne, Île-de-France, Livraison France entière, Location Sonorisation Paris, Sonorisation Mariage, Sonorisation Séminaire, ESIL-events;;28/05/2025
23077d8f-901e-4413-8d2d-c03d3d601997;location la paire enceinte inpulse 10 BA active ;location la paire enceinte inpulse 10 BA active ;technique;sonorisation;enceinte;"**Transformez Vos Événements en Expériences Sonores Inoubliables en Île-de-France !**

ESIL-events vous propose la location de la paire d'enceintes actives INPULSE 10 BA, la solution audio idéale pour sublimer vos événements, des mariages intimes aux séminaires d'entreprise. Avec une puissance de 400W et un DSP intégré offrant 4 modes (Music, Live, Speech, DJ), ces enceintes garantissent un son clair et puissant, parfaitement adapté à chaque ambiance. Leur connectivité étendue (XLR/Jack, RCA, mini jack, Bluetooth 5.2) assure une flexibilité maximale.

Que vous soyez un particulier organisant une fête d'anniversaire dans le 78, un professionnel préparant un lancement de produit dans le 92, ou une institution organisant un événement culturel dans le 75, les enceintes INPULSE s'adaptent à tous vos besoins. Imaginez-les combinées avec notre service de régie son et lumière pour une immersion totale.

Disponibles à Mantes-la-Ville, à seulement 30 minutes de Paris, ces enceintes offrent jusqu'à 11 heures d'autonomie. Ne laissez pas le son être un frein à la réussite de votre événement. Contactez ESIL-events pour réserver votre paire d'enceintes et profitez d'une qualité sonore exceptionnelle en Île-de-France.";75;90;;;Non;10;Oui;location-la-paire-enceinte-inpulse-10-ba-active;Location Paire Enceinte 200 w Active Paris 75,78.;Son exceptionnel pour vos événements en Île-de-France ! Louez la paire d'enceintes Inpulse 10 BA active (400W) chez ESIL-events. Qualité premium garantie. Deman;location paire enceinte inpulse 10 BA active paris, location enceinte active île-de-france, location sono événementielle paris, location enceinte mariage paris, location matériel son événement paris, location enceinte professionnelle 75, location enceinte soirée 78, location enceinte événement 92, location enceinte bluetooth événementiel, location enceinte Mantes-la-Ville;;11/07/2025
6c0f0dfc-16e3-400e-900e-ba00daaaef12;Location machine à Coup de Pied / Soccer Machine;SOCCER MACHINE;jeux;jeux-forains;machine-a-coup-de-pied;"<h2><strong style=""color: rgb(153, 51, 255);"">Caractéristiques techniques</strong></h2><table><tbody><tr><td data-row=""1"">CaractéristiqueDétail</td><td data-row=""1"">Détail</td></tr><tr><td data-row=""2"">Dimensions</td><td data-row=""2"">H 180 x L 100 x P 105 cm</td></tr><tr><td data-row=""3"">Poids</td><td data-row=""3"">150 kg</td></tr><tr><td data-row=""4"">Alimentation</td><td data-row=""4"">110 / 220 V</td></tr><tr><td data-row=""5"">Consommation électrique</td><td data-row=""5"">150 W</td></tr><tr><td data-row=""6"">Mode de jeu</td><td data-row=""6"">Coup de pied et coup de poing</td></tr><tr><td data-row=""7"">Utilisation</td><td data-row=""7"">Intérieur / extérieur</td></tr></tbody></table><h3><br></h3>";349;418.8;;;Non;0;Oui;location-machine-coup-de-pied-soccer;Location machine à coup de pied soccer – jeu forain;Location machine à coup de pied soccer à Paris et IDF. Animation sportive interactive idéale pour événements, soirées et jeux séminaire entreprise.;location machine à coup de pied, location soccer machine, location jeu sportif, animation sportive, jeux séminaire entreprise, location jeu forain, animation entreprise, location machine de force, animation événementielle, location jeu événementiel, ESIL EVENTS, location Paris, location 75, location Yvelines, animation team building;;02/03/2026
c359ba1f-24d3-42dc-9b0a-3260fdcc0474;Location Machine à Pince - Rétro-Games;Machine à Pince en Location - Rétro-Games;jeux;jeux-forains;machine-a-pince;"<h2><strong style=""color: rgb(153, 51, 255);"">Caractéristiques techniques</strong></h2><table><tbody><tr><td data-row=""1"">Caractéristique</td><td data-row=""1"">Détail</td></tr><tr><td data-row=""2"">Dimensions</td><td data-row=""2"">L 620 x P 680 x H 1900 mm</td></tr><tr><td data-row=""3"">Poids</td><td data-row=""3"">130 kg</td></tr><tr><td data-row=""4"">Alimentation</td><td data-row=""4"">220 V</td></tr><tr><td data-row=""5"">Type de jeu</td><td data-row=""5"">Jeu d’adresse / machine à pince</td></tr><tr><td data-row=""6"">Compatibilité</td><td data-row=""6"">Boules, peluches, porte-clés</td></tr><tr><td data-row=""7"">Installation</td><td data-row=""7"">Livrée avec installation, explication et démontage</td></tr></tbody></table><h2><br></h2>";255;306;;;Non;0;Oui;machine-a-pince-en-location-retro-games;Location Machine à Pince Rétro boules peluches IDF;Louer notre machine à pince rétro en location en IDF et France . Animation fun garantie pour mariages, séminaires et événements sur des salons professionnelles ;location machine à pince rétro Paris, location machine à pince Île-de-France, animation événement rétro, jeux de café et loisirs événementiel IDF , location jeux événement Paris, machine à pince mariage 78 , animation séminaire entreprise Paris 75, location borne arcade vintage Paris, jeux animation événementiel ,location machine à pince pour salon paris 75,location machine à pince events versailles 78,location machine à pince IDF,Agence événementiel paris 75;;07/05/2025
e41cfb1b-ddea-477f-b0bd-b2435c10e1ed;Location Machine à pince XL;Machine à pince XL;jeux;jeux-forains;machine-a-pince;"<h2><strong style=""color: rgb(153, 51, 255);"">Caractéristiques techniques</strong></h2><table><tbody><tr><td data-row=""1"">Caractéristique</td><td data-row=""1"">Détail</td></tr><tr><td data-row=""2"">Dimensions</td><td data-row=""2"">H 210 cm / L 81 cm / P 70 cm</td></tr><tr><td data-row=""3"">Poids</td><td data-row=""3"">130 kg</td></tr><tr><td data-row=""4"">Alimentation</td><td data-row=""4"">220 V</td></tr><tr><td data-row=""5"">Type de jeu</td><td data-row=""5"">Jeu d’adresse forain</td></tr><tr><td data-row=""6"">Compatibilité</td><td data-row=""6"">Peluches, porte-clés, lots divers</td></tr><tr><td data-row=""7"">Installation</td><td data-row=""7"">Livrée avec installation et démontage inclus</td></tr></tbody></table><h3><br></h3>";279;334.8;;;Non;0;Oui;machine-a-pince-xl;Location Machine à Pince XXL Location IDF et France ;Louer notre machine à pince XXL pour boules ou peluches, Animation événementielle inoubliable pour entreprises ou sur des salons professionnelles IDF ou France ;location machine à pince XXL paris 75, animation événementielle île de france, jeux de café événementiel 78, location jeux géants paris, animation entreprise paris, machine à pince pour agence événementiel , location jeux de kermesse IDF, jeux & animation,location machine à pince XXL paris 75,location machine à pince XXL Yvelines 78,location machine à pince XXL pour sémnaire  paris 75,location machine à pince XXL entreprise  paris 75,location machine à pince peluches  paris 75,location machine à pince pour boules paris 75,Agence événementiel paris 75,Agence événementielle paris 75;;10/08/2025
26f3be0d-488c-4a57-b426-68cab26c2d71;Location Mailloche Foraine;Mailloche Forraine;jeux;jeux-forains;mailloche-forraine;"<h2><strong style=""color: rgb(153, 51, 255);"">Caractéristiques techniques</strong></h2><table><tbody><tr><td data-row=""1"">Caractéristique</td><td data-row=""1"">Détail</td></tr><tr><td data-row=""2"">Dimensions</td><td data-row=""2"">H 210 cm / L 70 cm / P 120 cm</td></tr><tr><td data-row=""3"">Poids</td><td data-row=""3"">120 kg</td></tr><tr><td data-row=""4"">Type de jeu</td><td data-row=""4"">Jeu de force forain</td></tr><tr><td data-row=""5"">Public</td><td data-row=""5"">Adolescents et adultes</td></tr><tr><td data-row=""6"">Installation</td><td data-row=""6"">Intérieur ou extérieur couvert</td></tr><tr><td data-row=""7"">Utilisation</td><td data-row=""7"">Animation libre ou encadrée</td></tr></tbody></table><h3><br></h3>";299.03;358.84;;;Non;0;Oui;mailloche-forraine;Location Mailloche Foraine  Jeux Forains  IDF - France;Louez notre belle mailloche foraine pas chère pour vos événements. jeu idéale pour tous vos événements en ile de France et sur toute la France ambiance garantie;location mailloche foraine paris 75, location jeu forain IDF, mailloche foraine Yvelines78 , tarif location mailloche Paris75, location jeux kermesse entreprise 78, location jeux forains région parisienne, mailloche foraine animation événementielle IDF, location mailloche foraine professionnelle, jeux forains pour CE en ile de France,Agence événementiel paris 75, location jeu forain pour fête de fin d'année IDF;;07/05/2025
783664e4-66d6-41b2-876f-c8c5b88466ec;Location Molkky - jeux extérieur;Mölkky;jeux;jeux-d-exterieur;petanque;"<h2><strong style=""color: rgb(153, 51, 255);"">Caractéristiques techniques</strong></h2><table><tbody><tr><td data-row=""1"">Caractéristique</td><td data-row=""1"">Détail</td></tr><tr><td data-row=""2"">Type de jeu</td><td data-row=""2"">Jeu d’extérieur / jeu de lancer</td></tr><tr><td data-row=""3"">Joueurs</td><td data-row=""3"">2 à 6 joueurs</td></tr><tr><td data-row=""4"">Matériau</td><td data-row=""4"">Bois naturel robuste</td></tr><tr><td data-row=""5"">Dimensions pièces</td><td data-row=""5"">12 cm de diamètre environ (quilles)</td></tr><tr><td data-row=""6"">Poids</td><td data-row=""6"">2,5 kg</td></tr><tr><td data-row=""7"">Utilisation</td><td data-row=""7"">Extérieur, jardin, parc, plage</td></tr></tbody></table><h3><br></h3>";8.35;10.02;;;Non;0;Oui;location-molkky-jeux-quille-exterieur;Location Mölkky – Jeu d’extérieur convivial;Location Mölkky à Paris et Île-de-France. Jeu d’extérieur convivial pour animations, team building, séminaires et fêtes en plein air.;location Mölkky, jeu extérieur, jeu d’adresse, animation plein air, jeu de lancer, location jeu d’extérieur, animation team building, jeux séminaire entreprise, location jeu convivial, jeu de jardin, ESIL EVENTS, location Paris, location 75, location Yvelines, animation entreprise, activité outdoor;;02/03/2026
a41c0f60-6a58-4101-9eff-7b62f05322f1;Location Panier de Basket ;Panier de Basket;jeux;jeux-sportifs;panier-de-basket;"<h2><strong style=""color: rgb(153, 51, 255);"">Caractéristiques techniques</strong></h2><table><tbody><tr><td data-row=""1"">Caractéristique</td><td data-row=""1"">Détail</td></tr><tr><td data-row=""2"">Dimensions</td><td data-row=""2"">L 2,50 m x l 1,00 m x H 2,50 m</td></tr><tr><td data-row=""3"">Poids</td><td data-row=""3"">200 kg</td></tr><tr><td data-row=""4"">Alimentation</td><td data-row=""4"">220 V</td></tr><tr><td data-row=""5"">Nombre de joueurs</td><td data-row=""5"">1 à 2 joueurs</td></tr><tr><td data-row=""6"">Tranche d’âge</td><td data-row=""6"">Adolescents et adultes</td></tr><tr><td data-row=""7"">Installation</td><td data-row=""7"">Intérieur ou extérieur couvert</td></tr></tbody></table><h3><br></h3>";475;570;;;Non;0;Oui;panier-de-basket;Location Arcade Panier de Basket - Evénement entreprise;Location Arcade Panier de Basket XXL à Paris, 75 et Yvelines. Animation sportive interactive pour événements, soirées et jeux séminaire entreprise.;location panier de basket événementiel paris , location jeu de basket pour soirée 75 , tarif location panier basket entreprise IDF , prix location panier de basket événement Yvelines, location jeux forains événement Versailles , location panier de basket région parisienne, location panier basket animation événementielle, location panier de basket arcade  professionnel sur la France, location jeux d'arcade événement, location animations sportives événement;;07/05/2025
37a2f78a-b0fb-437f-affa-a480e4f0249c;Location Panier de basket électronique - To Tha Net  ;Panier de basket To Tha Net ;jeux;jeux-sportifs;panier-de-basket;"<h2><strong style=""color: rgb(153, 51, 255);"">Caractéristiques techniques</strong></h2><table><tbody><tr><td data-row=""1"">Caractéristique</td><td data-row=""1"">Détail</td></tr><tr><td data-row=""2"">Dimensions</td><td data-row=""2"">241 x 103 x 258 cm</td></tr><tr><td data-row=""3"">Poids</td><td data-row=""3"">235 kg</td></tr><tr><td data-row=""4"">Joueurs</td><td data-row=""4"">1 à 2 joueurs</td></tr><tr><td data-row=""5"">Alimentation</td><td data-row=""5"">220 V</td></tr><tr><td data-row=""6"">Écran</td><td data-row=""6"">LCD 65 pouces intégré</td></tr><tr><td data-row=""7"">Particularités</td><td data-row=""7"">4 modes de jeu, 3 niveaux de difficulté, multijoueurs jusqu’à 16 machines</td></tr></tbody></table><h3><br></h3>";537.5;645;;;Non;0;Oui;panier-de-basket-to-tha-net-video;Location Panier Basket électronique - To Tha Net;Location panier de basket électronique à Paris, 75 et Yvelines. Animation interactive et sportive, idéale pour soirées, événements et jeux séminaire entreprise.;location arcade panier de basket evenementiel, animation evenement ile de france, jeux de cafe et loisirs location, panier basket to tha net avec écran vidéo paris , location jeux evenement corporate, animation baske paris 75, location jeux evenement 75, location animation sportive paris, panier basket evenementiel 92, location jeux entreprise idf,location arcade panier de basket pour salons paris,location arcade panier de basket xxl IDF,location arcade panier de basket Géant france,location arcade panier de basket Yvelines 78,location arcade panier de basket pour foires en france,location arcade panier de basket pour events IDF;;10/08/2025
673562fe-dfac-453e-a522-5b86048748e5;Location Pince de fixation (lot de 3) pour praticable Deck750 ;Location Pince de fixation (lot de 3) pour praticable Deck750;technique;scene;scene-interieure-exterieure;"**La sécurité avant tout : Fixez solidement vos scènes avec les pinces Deck750 !** (Île-de-France)

Assurez la stabilité de vos événements avec ce lot de 3 pinces de fixation pour praticables Deck750. Indispensables pour une installation professionnelle et sécurisée, ces pinces en aluminium léger et robuste garantissent une connexion fiable entre vos plateformes. Que vous soyez un particulier organisant une réception, un professionnel préparant un séminaire en Seine-et-Marne (77) ou une institution montant une scène dans le Val-d'Oise (95), ces pinces vous offrent une tranquillité d'esprit inégalée.

Fabriquées en Europe, ces pinces garantissent une fixation efficace et durable. Leur conception intuitive permet une installation rapide et facile, vous faisant gagner un temps précieux lors de la préparation de votre événement. Combinez-les avec nos praticables Deck750 et nos services de régie son & lumière pour une scène impeccable et professionnelle, que ce soit à Paris (75) ou dans les Yvelines (78).

Optimisez la sécurité de vos scènes en Île-de-France avec ce lot de 3 pinces de fixation Deck750. Contactez ESIL-events pour la location de matériel scénique de qualité, disponible dans toute la région, des Hauts-de-Seine (92) à l'Essonne (91) en passant par la Seine-Saint-Denis (93) et le Val-de-Marne (94).";4.17;5;;;Non;0;Oui;location-pince-de-fixation-lot-de-3-pour-praticable-deck750;Location Pince Fixation Deck750 - Lot 3 pinces  Location IDF;Louez pinces de fixation Deck750 (lot de 3) pour une scène stable . Idéales pour l'événementiel. Avec esil-events.fr. Livraison en Île-de-France et France.;location de Pince fixation Deck750, location matériel scène 78  yvelines, fixation praticable paris 75 , location scène événementiel ile de france, matériel événementiel professionnel, location matériel événementiel Paris, location matériel événementiel Île-de-France, montage scène sécurisé, location événementiel France;;24/04/2025
65162167-f929-44eb-b377-ff647f294e0a;Location Piste de dance Lumineuse paris;Location Piste de dance  paris;technique;eclairage;piste-de-dance-lumineuse;"Illuminez vos événements en Île-de-France avec la Piste de Danse Lumineuse ESIL-events!** Transformez vos soirées en spectacles inoubliables grâce à notre piste de danse lumineuse avec effet miroir. cette prestation sera idéale pour les entreprises, institutions diverses,des soirées disco, années 80 ,ou pour des présentations de produits ,et défilés de mode  offrez à vos invités une expérience disco futuriste!

Notre piste de danse LED, avec ses motifs 3D et sa finition miroir haut de gamme, crée une ambiance spectaculaire. Idéale pour mariages, soirées d'entreprise ou événements institutionnels en Île-de-France (75, 77, 78, 91, 92, 93, 94, 95). Location au m² (65€/m²).

Imaginez : une piste scintillante, synchronisée avec la musique, sublimant votre événement. Complétez avec nos solutions de régie son et lumière pour une immersion totale. Prêt à faire briller votre événement en Île-de-France  Contactez ESIL-events pour une location sur mesure.
Tarifs en IDF des divers dimensions comprenant : la livraison - l'installation - le démontage - le transport retour  : Dimensions 10m2 ( 1788 €TTC )  
15M2 ( 2148€ TTC )  -  20M2 ( 2508 € TTC )  -  25M2€ ( 2988 €TTC )  - 30M2 ( 3348 €TTC )  -  35M2 ( 3708 €TTC )  -  40M2 ( 4068 €TTC ) ";54.17;65;;;Non;0;Oui;location-piste-de-dance-lumineuse-paris;Location Piste de Danse Lumineuse pas chère IDF et France ;Louer votre piste de danse lumineuse LED pas chère pour soirées disco d'entreprise pour séminaire  mariage, anniversaire en Île-de-France et France entière. ;Location piste de danse paris 75 , location piste de danse lumineuse 75, location piste de danse pour mariage Yvelines 78, location piste de danse lumineuse  Yvelines, location piste de danse lumineuse ile de France, location piste de danse lumineuse pour mariage, location piste de danse lumineuse pour anniversaire, location piste de danse lumineuse soirée entreprise , location piste de danse lumineuse soirée dansante paris, location piste de danse lumineuse séminaire ile de france, location piste de danse lumineuse 78, location piste de danse lumineuse disco paris, location piste de danse lumineuse soirée disco 75, location piste de danse paris , location piste de danse pour mariage en IDF ,Location piste de danse,Location dalle piste de danse éclairée ,Location parquet de danse paris 75,Agence evenementielle paris 75, location piste de danse lumineuse pour fêtes de fin d'année,Location dalle piste de danse ,Location dalle de danse 75,Location dalle de danse 78,Location dalle de danse ile de France ,Location piste de danse pour Bar Mitzvah,Lumière pour Bar Mitzvah PARIS,Location lumière Bar Mitzvah 75,location piste de danse lumineuse pour soirée entreprise 75;;11/05/2025
f1e8286b-d25f-4ae5-8087-bb1a81ada158;Location pupitre lumineux réactif;Pupitre Quiz;jeux;danse-quiz;quizz;"<h2>Pupitre Réactif (sans buzzer) – Location avec ESIL EVENTS à Paris, 75, Yvelines et Île-de-France</h2><p><br></p><p>Ajoutez une dimension interactive et visuelle à vos <strong>animations et quizz</strong> avec notre <strong>Pupitre Réactif (sans buzzer)</strong>, disponible à la <strong>location chez ESIL EVENTS à Paris, dans le 75, les Yvelines et toute l’Île-de-France</strong>. Ce pupitre change de couleur en fonction des réponses des joueurs, offrant un retour visuel immédiat et rendant vos animations plus dynamiques et captivantes.</p><p>Parfait pour <strong>quizz, tournois ou jeux interactifs</strong>, le pupitre s’allume en blanc lorsqu’un joueur prend la main, en vert pour une réponse correcte et en rouge pour une réponse incorrecte, créant ainsi une expérience ludique et engageante pour tous vos participants.</p><p><br></p><h3><strong style=""color: rgb(153, 51, 255);"">Caractéristiques</strong></h3><table><tbody><tr><td data-row=""1"">Caractéristique</td><td data-row=""1"">Détail</td></tr><tr><td data-row=""2""><strong>Dimensions</strong></td><td data-row=""2"">108 x 28 x 28 cm</td></tr><tr><td data-row=""3""><strong>Usage</strong></td><td data-row=""3"">Pupitre réactif pour quizz et jeux interactifs</td></tr><tr><td data-row=""4""><strong>Couleurs</strong></td><td data-row=""4"">Blanc = prise de main, Vert = bonne réponse, Rouge = mauvaise réponse</td></tr><tr><td data-row=""5""><strong>Connexion</strong></td><td data-row=""5"">Nécessite un contrôleur pour fonctionnement</td></tr><tr><td data-row=""6""><strong>Type</strong></td><td data-row=""6"">Pupitre interactif, sans buzzer</td></tr></tbody></table><p>Ce pupitre est<strong> compact, robuste et visuel, et </strong>s’intègre facilement à vos animations pour créer une ambiance compétitive et interactive. Idéal pour <strong>team-building, soirées privées, événements scolaires ou anniversaires</strong>, il permet de dynamiser les jeux et stimuler l’interaction entre les participants.</p><p><br></p><h3><strong style=""color: rgb(153, 51, 255);"">Location du Pupitre Réactif avec ESIL EVENTS</strong></h3><p><br></p><p>Avec <strong>ESIL EVENTS</strong>, bénéficiez d’une <strong>location clé en main à Paris, 75, Yvelines et Île-de-France</strong>, incluant livraison, installation et mise en service si nécessaire. Ce pupitre réactif est parfait pour améliorer vos<strong> quizz et jeux interactifs</strong>, tout en offrant un retour visuel clair et attractif pour vos participants.</p>";119;142.8;;;Non;0;Oui;pupitre-reactif-quiz;Pupitre Réactif à louer – ESIL EVENTS Paris IDF;Location Pupitre Réactif avec ESIL EVENTS à Paris, 75, Yvelines et Île-de-France. Pupitre interactif changeant de couleur selon les réponses pour quizz et jeux.;pupitre réactif, ESIL EVENTS, pupitre réactif à louer, pupitre quizz interactif, animation quizz Paris, location pupitre interactif 75, location pupitre interactif Yvelines, location pupitre interactif Île-de-France, pupitre sans buzzer, pupitre couleurs réponse, animation interactive, jeu interactif, animation soirée entreprise, animation team-building, animation anniversaire, animation scolaire, activité ludique, animation conviviale, animation compétitive, outil interactif, pupitre visuel;;24/02/2026
91bae9b1-0cd8-498d-a917-07e57328cd81;Location Set de 4 Pieds rond 30 cm avec roulette et frein pour praticable ;Location Set de 4 Pieds rond 30 cm avec roulette et frein pour praticable ;technique;scene;scene-interieure-exterieure;"**Pied Rond 30cm avec Roulettes pour Praticable Deck750 : La Stabilité Mobile pour vos Événements en Île-de-France**

Besoin de flexibilité pour votre scène en Île-de-France ? Ce pied rond de 30cm, spécialement conçu pour les praticables Deck750, combine robustesse et mobilité grâce à sa roulette intégrée avec frein. Parfait pour les mariages, séminaires, ou événements institutionnels, il offre une base stable et modulable. Sa fabrication européenne garantit une qualité irréprochable.

Sa hauteur de 30cm et sa capacité de charge de 750kg (set) en font un élément indispensable pour sécuriser vos installations scéniques. Facile à déplacer et à verrouiller, il s'adapte à toutes vos configurations. Imaginez-le associé à nos praticables Deck750 et nos éclairages de scène pour créer un espace événementiel unique et performant, que ce soit dans le 75, 78 ou le 92.

Optimisez l'agencement de vos espaces événementiels en Île-de-France avec ce pied polyvalent. Contactez ESIL-events pour une location sur mesure et transformez vos idées en réalité !";16.67;20;;;Non;0;Oui;location-set-de-4-pieds-rond-30-cm-avec-roulette-et-frein-pour-praticable;Location Set de 4 Pieds Roulette pour scène praticable;Louez chez esil-events. notre Set de 4 pieds pour praticable .Hauteur 30cm avec roulette et frein pour toutes vos scènes en Île-de-France et  en France. ;location pied praticable Deck750, pied roulette frein praticable location, location scene interieure, location pied scène pour mariage , tarif pied praticable evenement, location materiel scene region parisienne, location pied scene professionnel, location pied scene haut de gamme, installation praticable scène, location pied scene avec roulette France entiere;;24/04/2025
e48a834c-4f5d-46d6-8b95-1103f2e0064b;Location set de 4 Pieds Rond 40 cm  pour Praticable  ;Location set de 4 Pieds Rond 40 cm  pour Praticable ;technique;scene;scene-interieure-exterieure;"Location pieds de praticable.
 
**Stabilité Inébranlable pour Vos Événements en Île-de-France !** Optez pour la sécurité et la fiabilité avec notre Set de 4 Pieds Ronds 40 cm pour praticables Deck750. Conçus en acier robuste, ces pieds garantissent une base solide pour vos scènes intérieures et extérieures, supportant jusqu'à 750 kg par set. Parfaits pour les professionnels de l'événementiel en Île-de-France (75, 77, 78, 91, 92, 93, 94, 95) à la recherche de matériel durable et certifié TÜV.

Chaque pied est doté de protections plastiques pour préserver vos sols, assurant une installation sans souci. Leur hauteur fixe de 40 cm offre une uniformité idéale pour vos podiums, plateformes et scènes. Que ce soit pour un mariage intime, un séminaire d'entreprise ou un événement institutionnel, ces pieds ronds assurent une stabilité optimale.

Imaginez des scènes parfaitement stables pour vos artistes, des podiums élégants pour vos discours, ou des plateformes sécurisées pour vos expositions. Combinez ces pieds avec nos praticables Deck750 et nos solutions d'éclairage pour créer des espaces événementiels uniques en Île-de-France. Contactez ESIL-events pour une location sur mesure et donnez vie à vos projets !";16.67;20;;;Non;0;Oui;location-set-de-4-pieds-rond-40-cm-pour-praticable;Location set de 4 Pieds Rond 40cm Praticable; Location set de 4 pieds ronds 40cm pour praticables de scène pour mariage, séminaire, discours  . Location en Île-de-France et France entière. ESIL-Events ;location Pied Rond 40 cm Praticable, location Pieds de Scène 78 yvelines, Location Pieds Praticable 75 paris , Location Scène pour mariage , Technique Scène, Matériel Scène, Location de Podium ile de france, Location Podium, Location Événementielle, Organisation Événement, ESIL-Events;;24/04/2025
22b03dd7-940a-4b6e-8f1f-e02b84ff45e7;Location set de 4 Pieds rond 60 cm pour praticable Deck750;Location set de 4 Pieds rond 60 cm pour praticable Deck750;technique;scene;scene-interieure-exterieure;"**Transformez vos événements en Île-de-France avec la stabilité et la sécurité Deck750 !**

Besoin d'une scène fiable pour votre mariage, séminaire ou événement institutionnel en Île-de-France? Le set de 4 pieds ronds 60 cm pour praticable Deck750 offre une base solide et sécurisée. Fabriqués en Europe et certifiés TÜV, ces pieds en aluminium de 48mm supportent jusqu'à 750kg (le set), garantissant une plateforme stable et durable pour vos artistes ou orateurs.

Parfaits pour les professionnels de l'événementiel dans le 77, 78 ou le 91, ils protègent les sols grâce à leurs pieds en plastique. Imaginez une scène élégante pour un concert dans le 92, ou un podium stable pour une conférence dans le 75. Combinez ces pieds avec nos praticables Deck750 et nos solutions d'éclairage pour créer une ambiance inoubliable.

Optez pour la qualité et la sécurité ESIL-events pour vos événements en Île-de-France. Contactez-nous pour louer votre set de pieds Deck750 et donnez de la hauteur à vos projets dans le 93, 94 ou le 95 !";16.67;20;;;Non;0;Oui;location-set-de-4-pieds-rond-60-cm-pour-praticable-deck750;Location set de 4 pieds pour praticable de scène ;Louer chez esil-events.fr set de 4 pieds ronds 60cm Deck750 pour une scène stable et sécurisée. Location événementielle en Île-de-France et partout en France. ;Pied rond 60 cm Deck750, praticable Deck750, location pied scène, location scène, matériel événementiel, technique scène, organisation événement, événementiel Paris, location matériel événementiel Île-de-France, location France entière, Power Dynamics, ESIL-events;;24/04/2025
fec485c3-991c-4885-aa52-347e62d1bc1f;Location Simulateur Voiture Outrun - 1 joueur;Simulateur de course de voiture Outrun ;jeux;simulateurs;simulateur-voiture;"<h2><strong style=""color: rgb(153, 51, 255);"">Caractéristiques techniques</strong></h2><table><tbody><tr><td data-row=""1"">Caractéristique</td><td data-row=""1"">Détail</td></tr><tr><td data-row=""2"">Dimensions</td><td data-row=""2"">93 x 176 x 209 cm</td></tr><tr><td data-row=""3"">Poids</td><td data-row=""3"">130 kg</td></tr><tr><td data-row=""4"">Joueurs</td><td data-row=""4"">1 joueur</td></tr><tr><td data-row=""5"">Écran</td><td data-row=""5"">LCD HD 32 pouces</td></tr><tr><td data-row=""6"">Puissance</td><td data-row=""6"">250 W</td></tr><tr><td data-row=""7"">Alimentation</td><td data-row=""7"">220 V</td></tr></tbody></table><h3><br></h3>";325;390;;;Non;1;Oui;simulateur-de-course-de-voiture-outrun;Location Simulateur Arcade OutRun – Jeu de Course;Location simulateur arcade OutRun à Paris, 75 et Yvelines. Jeu de course rétro immersif pour événements, soirées et jeux séminaire entreprise. Demandez un devis;location simulateur voiture paris 75, simulateur course voiture événement paris , borne arcade location IDF, location jeux arcade événement Paris , prix location simulateur Outrun, tarif location borne arcade, location jeux de café événement entreprise Yvelines 78, location simulateur course région parisienne, simulateur voiture événement professionnel Versailles, location borne arcade rétro, location simulateur course haut de gamme Paris 75, location simulateur voiture france,Agence événementiel Paris 75,location simulateur arcade, location jeu de course arcade, location borne arcade voiture, location simulateur de conduite, location jeu arcade, jeux séminaire entreprise, animation gaming, animation rétro, location baby-foot, location jeu événementiel, location arcade Paris, location arcade 75, location arcade Yvelines, location arcade Île-de-France, animation entreprise, animation soirée;;16/05/2025
a660e01d-6ce2-4d89-8a11-419af68a2af1;location sonorisation portable Vonyx PSS302 ;location sonorisation portable Vonyx PSS302 ;technique;sonorisation;sono-portable;"**Transformez vos événements en Île-de-France avec la sonorisation portable Vonyx PSS302!**

Besoin d'un son puissant et clair pour votre événement en région parisienne ? Le Vonyx PSS302 est la solution triphonique idéale ! Que vous soyez un particulier organisant une fête, un professionnel préparant un séminaire, ou une institution planifiant une conférence, ce système portable s'adapte à toutes vos exigences. Facile à transporter et à installer, il comprend deux enceintes 10"", une table de mixage 8 canaux avec USB/SD/Bluetooth, un micro filaire, des pieds d'enceinte et une télécommande.

Profitez d'une connectivité complète (Jack, RCA, XLR) et d'une alimentation fantôme pour des performances optimales. Imaginez un mariage en Seine-et-Marne (77) sublimé par une ambiance musicale parfaite, ou un team-building dans les Yvelines (78) dynamisé par un son de qualité. Combinez-le avec nos jeux de lumière pour une soirée inoubliable.

Avec ESIL-events, louez dès maintenant votre sonorisation Vonyx PSS302 et assurez le succès de vos événements dans tout le Val-d'Oise (95), en Essonne (91), dans les Hauts-de-Seine (92), en Seine-Saint-Denis (93), dans le Val-de-Marne (94) et à Paris (75).";70.83;85;;;Non;0;Oui;location-sonorisation-portable-vonyx-pss302;Location Sono Portable Vonyx PSS302 200w;Louez la sono portable Vonyx PSS302 pour un son exceptionnel. Idéale pour vos événements en région parisienne et partout en France. Système USB, Bluetooth. ; sono portable paris , location sono ile de france , sonorisation événementielle paris , location matériel événementiel yvelines, événements professionnels, location sonorisation France, sono Bluetooth, sono USB, location sono region parisienne ;;28/04/2025
3121e265-1425-4169-b317-b864c2887c4d;Location Table de Jeu Pong;Table Pong - Jeux Rétro;jeux;jeux-d-arcades;borne-d-arcade;"<h2><strong style=""color: rgb(153, 51, 255);"">Caractéristiques</strong></h2><table><tbody><tr><td data-row=""1"">Caractéristique</td><td data-row=""1"">Détail</td></tr><tr><td data-row=""2""><strong>Dimensions</strong></td><td data-row=""2"">Hauteur : 80 cm, Largeur : 141 cm, Profondeur : 86 cm</td></tr><tr><td data-row=""3""><strong>Poids</strong></td><td data-row=""3"">120 kg</td></tr><tr><td data-row=""4""><strong>Alimentation</strong></td><td data-row=""4"">220 V</td></tr><tr><td data-row=""5""><strong>Nombre de joueurs</strong></td><td data-row=""5"">2 joueurs</td></tr></tbody></table><p><br></p>";295;354;;;Non;0;Oui;table-pong-jeux-retro;Location Table Pong Rétro - Animation Événementielle Inoubli;Animez vos événements avec la Table Pong rétro des années 80 avec une version 2025 . Idéale pour team building, fêtes d'entreprise et événements privés. ;location table pong événement paris 75, location jeux rétro événement Yvelines, table pong animation entreprise Paris , prix location table pong IDF, tarif location table pong événement ile de France, location borne arcade événementielle, location table pong région parisienne, location jeux de café entreprise, animation événementielle rétro, location table pong professionnelle,Location arcade Pong année 80 pour entreprise sur la France ;;07/05/2025
3aca966e-7172-449f-b6c8-34c246bf2207;Location Table de Ping Pong 4 Personnes ;Table de Ping Pong 4 Personnes ;jeux;jeux-d-exterieur;table-ping-pong;"<h2><strong style=""color: rgb(153, 51, 255);"">Caractéristiques techniques</strong></h2><table><tbody><tr><td data-row=""1"">Caractéristique</td><td data-row=""1"">Détail</td></tr><tr><td data-row=""2"">Type de jeu</td><td data-row=""2"">Table de <strong>tennis de table</strong></td></tr><tr><td data-row=""3"">Nombre de joueurs</td><td data-row=""3"">4 personnes</td></tr><tr><td data-row=""4"">Dimensions table ouverte</td><td data-row=""4"">274 x 169 x 76 cm</td></tr><tr><td data-row=""5"">Utilisation</td><td data-row=""5"">Intérieur / événementiel</td></tr><tr><td data-row=""6"">Animation idéale</td><td data-row=""6"">Entreprise, team building</td></tr></tbody></table><h3><br></h3>";145.83;175;;;Non;0;Oui;table-de-ping-pong-4-personnes;Location Table Ping Pong Événement - 4 Joueurs IDF;Animez vos événements avec notre table de ping pong 4 joueurs ! Location premium pour team building, séminaires & fêtes. Raquettes et balles incluses. ;location table ping pong événement, location table ping pong 4 joueurs, animation team building Paris 75, location jeux événement entreprise, tarif location table ping pong événement sur Paris , location table ping pong région parisienne, location table ping pong France entière, location table ping pong événement professionnel val d'Oise , table de ping pong pour événement haut de gamme Paris , comment animer un événement avec une table de ping pong, location table ping pong avec raquettes et balles Ile de France, location table ping pong mariage IDF, location table ping pong séminaire paris 75, location table ping pong ESIL events Yvelines 78;;07/05/2025
a94dc9ea-a6b9-4b1d-a7a1-81806a47f1f6;Location terrain de pétanque;Pétanque;jeux;jeux-d-exterieur;petanque;"<h2><strong style=""color: rgb(153, 51, 255);"">Caractéristiques techniques</strong></h2><table><tbody><tr><td data-row=""1"">Caractéristique</td><td data-row=""1"">Détail</td></tr><tr><td data-row=""2"">Dimensions</td><td data-row=""2"">H 90 x L 200 x P 800 cm</td></tr><tr><td data-row=""3"">Inclus</td><td data-row=""3"">Boules, cercle, cochonnet</td></tr><tr><td data-row=""4"">Accessoires</td><td data-row=""4"">4 transats, 1 bidon, 1 tableau noir</td></tr><tr><td data-row=""5"">Personnalisation</td><td data-row=""5"">Panneau de fond personnalisable</td></tr><tr><td data-row=""6"">Utilisation</td><td data-row=""6"">Extérieur / intérieur / événementiel</td></tr><tr><td data-row=""7"">Poids</td><td data-row=""7"">Variable selon montage</td></tr></tbody></table><h3><br></h3>";420;504;;;Non;0;Oui;location-terrain-petanque;Location Terrain de Pétanque – Intérieur et Extérieur;Location terrain de pétanque à Paris et Île-de-France. Animation conviviale pour team building, séminaires, fêtes, intérieur ou extérieur.;location terrain de pétanque, terrain de pétanque intérieur, jeu extérieur, animation pétanque, location jeu d’extérieur, team building, animation entreprise, jeux séminaire entreprise, activité plein air, animation conviviale, location pétanque Paris, location pétanque 75, location pétanque Yvelines, ESIL EVENTS, animation événementielle;;02/03/2026
e2b5f58a-bb51-4389-8f65-d1c5068d3bbe;Lyre  Led wash cobra 7x20 w;Lyre Led wash cobra 7x20 w;technique;eclairage;lyres;"**Lyre Led Wash Cobra 7x20W : Illuminez vos événements en Île-de-France avec ESIL-events !**

Besoin de créer une ambiance lumineuse spectaculaire pour votre événement en Île-de-France ? La lyre Led Wash Cobra 7x20W est la solution idéale ! Compacte et puissante, elle projette des dégradés de couleurs époustouflants, transformant n'importe quel espace en un lieu magique. Parfaite pour les DJ, groupes, clubs, et même les particuliers souhaitant un éclairage professionnel pour leurs fêtes.

Cette lyre LED compacte est facile à utiliser, en DMX, gestion audio ou autonome. Imaginez un mariage scintillant en Seine-et-Marne (77), un séminaire dynamique dans les Yvelines (78) ou une soirée d'entreprise inoubliable à Paris (75). Combinez-la avec nos jeux de lumière et machines à fumée pour un effet garanti.

ESIL-events vous offre la solution lumière idéale pour vos événements en Île-de-France. Contactez-nous pour une location facile et un éclairage qui fera sensation, de l'Essonne (91) au Val-d'Oise (95) en passant par les Hauts-de-Seine (92), la Seine-Saint-Denis (93) et le Val-de-Marne (94) !";33.33;40;;;Non;6;Oui;lyre-led-wash-cobra-7x20-w;Lyre Led Wash Cobra 7x20W - Location Lumière - IDF;Illuminez vos événements en Île-de-France avec la Lyre Led Wash Cobra 7x20W ! Effets spectaculaires garantis. Location premium, installation facile et rapide .;lyre led wash cobra 7x20w paris 75, location lyre led paris 75, location lyre wash évènementiel ile de France, eclairage evenementiel professionnel, jeux de lumiere evenement paris, location lumières mariage Yvelines 78, lyre wash dmx Yvelines 78, location lyre led  wash 7x20w IDF , lyre wash cobra;;15/07/2025
45dd6711-6509-47d3-b46b-321e4eb4a77b;Lyre LED Spot 120 W - IGNITE120 ;Lyre LED Spot 120 W - IGNITE120 ;technique;eclairage;lyres-spot;"**Transformez vos événements en Île-de-France avec la Lyre LED Spot 120W - IGNITE120 !**

Pour les particuliers, offrez un spectacle lumineux inoubliable à vos mariages et soirées. Professionnels, dynamisez vos séminaires et concerts. Institutions, sublimez vos événements avec un éclairage de pointe. Cette lyre compacte et puissante, avec sa LED blanche de 120W, ses gobos rotatifs, son prisme à 3 facettes et son effet Rainbow, créera des ambiances spectaculaires.

Sa polyvalence (DMX, Master/Slave, Stand-alone) et sa facilité d'installation en font un atout précieux. Combinez-la avec nos solutions de sonorisation et nos prestations d'animation ESIL-events pour un événement clé en main exceptionnel en région parisienne. Son focus motorisé et son dimmer électronique garantissent un contrôle précis de la lumière.

La IGNITE120 est l'alliée idéale pour des effets visuels saisissants en Seine-et-Marne, Yvelines, Essonne, Hauts-de-Seine, Seine-Saint-Denis, Val-de-Marne et Val-d'Oise. Contactez ESIL-events dès aujourd'hui pour illuminer vos événements dans toute l'Île-de-France et découvrez nos tarifs de location avantageux.";45.83;55;;;Non;0;Oui;lyre-led-spot-120-w-ignite120;Location Lyre LED 120W - Effets Lumière Pro pour Événements;Louez la lyre LED 120W IGNITE120 pour un éclairage dynamique et spectaculaire. Gobos, prisme, couleurs, DMX. Idéale concerts, mariages, événements concerts .;location lyre LED 120W paris 75, location lyre IGNITE120 IDF , location jeux de lumière événementiel Yvelines78 , location éclairage scène Paris, tarif location lyre LED, prix location lyre LED 120W, location lyre LED mariage IDF, location lyre LED concert pARIS 75, location lyre LED région parisienne, lyre LED professionnelle à louer, comment utiliser une lyre LED en événementiel, quel est le prix d'une location de lyre LED pour une soirée, location jeux de lumière professionnel France entière, location lyre LED haut de gamme;;05/05/2025
08070136-b76e-4d99-842d-fb7be9860a79;lyre spot IGNITE 300 w led;lyre spot  IGNITE 300 w led;technique;eclairage;lyres-spot;"**Lyre Spot IGNITE 300W LED : Illuminez vos événements en Île-de-France !**

Particuliers, professionnels ou institutions, la lyre IGNITE 300W LED transforme vos événements en spectacles lumineux ! Cette lyre spot puissante offre une palette d'effets aériens grâce à sa LED blanche 300W. Imaginez des projections dynamiques pour un mariage en Seine-et-Marne (77), un séminaire innovant dans les Hauts-de-Seine (92) ou une soirée d'entreprise mémorable à Paris (75). Prix HT : 54.17€ / Prix TTC : 65€.

Créez des ambiances uniques avec ses gobos et ses couleurs. Son contrôle DMX simple et intuitif la rend idéale pour tous vos besoins en éclairage en Île-de-France. Combinez-la avec nos services de régie son et lumière pour un impact maximal.

Envie d'illuminer votre prochain événement en Île-de-France ? Contactez ESIL-events pour la location de votre lyre spot IGNITE 300W LED.";54.17;65;;;Non;20;Oui;lyre-spot-ignite-300-w-led;Lyre Spot LED 300W IGNITE : Location Événementiel Paris;Illuminez vos événements à Paris et Île-de-France avec la lyre spot IGNITE 300W LED. Location premium, effets spectaculaires garantis. Contactez-nous .;Location lyre spot IGNITE 300 w led paris 75, location lyre spot Paris, location lyre spot événementiel Yvelines 78, éclairage événementiel Île-de-France, location lumière événementielle, lyre led 300w IDF , location lyre spot led, régie lumière événementiel Paris, location matériel éclairage événementiel, lyre spot pour mariage;;15/07/2025
61b47c8d-a9ad-4c29-ad60-f70bd7665815;lyre wash beam-z 19x40 led ;lyre wash beam-z 19x40 led ;technique;eclairage;lyres;"Voici une description optimisée pour votre lyre wash beam-z 19x40 LED, idéale pour séduire votre clientèle en Île-de-France:

**Illuminez vos événements en Île-de-France avec la Lyre Wash Beam-Z 19x40 LED : Effets spectaculaires garantis !**

Transformez l'atmosphère de vos soirées, mariages, séminaires ou événements institutionnels en Île-de-France avec cette lyre wash beam-z 19x40 LED. Dotée de 19 LEDs 40W 4-en-1 ultra-brillantes, elle offre une palette de couleurs infinie et des effets kaléidoscopiques époustouflants grâce à la gestion individuelle de chaque LED. Son zoom linéaire motorisé et ses moteurs silencieux permettent des mouvements rapides et précis, créant une ambiance immersive et dynamique.

Imaginez un mariage féérique dans les Yvelines (78), un séminaire d'entreprise percutant en Seine-Saint-Denis (93) ou une soirée club inoubliable à Paris (75). Cette lyre, combinée à nos services de régie son & lumière, garantit un spectacle visuel exceptionnel.

Parfaite pour les DJ, les organisateurs d'événements et les salles de spectacle en Île-de-France, cette lyre est un investissement sûr pour des prestations de qualité. Contactez ESIL-events pour illuminer vos événements dans le Val-de-Marne (94) et toute l'Île-de-France.";54.17;65;;;Non;8;Oui;lyre-wash-beam-z-19x40-led;Lyre Wash Led Beam-Z 19x40 LED Location Paris75 IDF;Illuminez vos événements à Paris avec la lyre Wash Beam-Z 19x40 LED ! Effets spectaculaires garantis. Location premium et régie technique. Contactez ESIL Events;lyre wash beam-z 19x40 led location PARIS 75, location lyre wash paris 75, eclairage evenementiel paris, lumiere evenementielle location, location materiel evenementiel ile-de-france, lyre wash beam-z 19x40 led prix, location lyre led paris 75, location lyre evenementiel YVELINES78, lyre wash beam-z 300W LED PARIS 75, location lyre wash paris 75 pour mariage, location lyre wash pour mariage Yvelines 78;;15/07/2025
67d1b211-c3d1-4196-b07d-a736762cdedc;lyre Wash IGNITE120- 19x12 w led;lyre Wash IGNITE120- 19x12 w led;technique;eclairage;lyres;"**Illuminez vos événements en Île-de-France avec la Lyre Wash IGNITE120 !**

La lyre Wash IGNITE120 LED BeamZ MHL1912 transforme vos soirées en spectacles grandioses. Dotée de 19 LEDs 12W RGBW, elle offre un contrôle précis sur 3 sections individuelles, créant des effets lumineux personnalisés. Son zoom motorisé (8° à 30°) adapte l'intensité pour mariages intimes, séminaires d'entreprise ou événements institutionnels d'envergure dans le 75, 78 ou le 92.

Imaginez des ambiances dynamiques pour vos pistes de danse, des jeux de lumière subtils pour vos discours, ou des projections colorées pour mettre en valeur votre marque. Facile à utiliser avec DMX, programmes automatiques et mode maître/esclave, cette lyre est parfaite pour les professionnels et les particuliers.

Combinez la lyre Wash IGNITE120 avec nos solutions audio et nos structures scéniques pour un événement clé en main. ESIL-events vous accompagne dans la création d'événements inoubliables en Île-de-France. Contactez-nous pour une location et sublimez vos projets dans le 93, 94 ou 95!";45.83;55;;;Non;10;Oui;lyre-wash-ignite120-19x12-w-led;Lyre Wash IGNITE120 LED - Location Lumière Événementiel IDF;Sublimez vos événements en Île-de-France avec la lyre Wash IGNITE120 ! Effets lumineux spectaculaires garantis. Location pro et rapide. Devis gratuit !;location lyre Wash IGNITE120 LED IDF, location lyre wash Paris 75, lumière événementiel Île-de-France, location projecteur événementiel Yvelines 78, éclairage scène professionnel, location lyre LED 120 w Led RGBW Paris 75, location matériel éclairage 75, location lumiere evenementielle 92, lyre wash ignite 120 prix IDF, location lyre mariage IDF;;15/07/2025
08e22820-5495-41a2-a132-9ca896aaee83;lyres de la série Cobra 100 w Led ;lyres de la série Cobra ;technique;eclairage;lyres-spot;"**Transformez vos événements en Île-de-France avec les lyres Cobra 100W LED !**

Les lyres Cobra, projecteurs intelligents par excellence, apportent une dimension spectaculaire à tous vos événements. Que vous soyez un particulier organisant un mariage inoubliable en Seine-et-Marne (77), un professionnel préparant un séminaire percutant à Paris (75), ou une institution planifiant une cérémonie d'envergure dans les Yvelines (78), ces lyres transforment l'atmosphère.

La série Cobra 100W LED offre une puissance lumineuse intense et une flexibilité exceptionnelle pour créer des ambiances personnalisées. Imaginez des faisceaux dynamiques illuminant votre piste de danse, des jeux de lumière sophistiqués sublimant votre scène, ou encore un éclairage architectural valorisant votre espace événementiel en Île-de-France. Combinez ces lyres avec nos services de régie son et lumière pour une expérience immersive complète.

Faciles à installer et à utiliser, les lyres Cobra sont parfaites pour illuminer vos événements dans le Val-d'Oise (95), l'Essonne (91), les Hauts-de-Seine (92), la Seine-Saint-Denis (93) et le Val-de-Marne (94). Contactez ESIL-events pour illuminer vos projets événementiels en Île-de-France!";33.33;40;;;Non;0;Oui;lyres-de-la-serie-cobra-100-w-led;Lyres Led Cobra LED 100W en  Location Île-de-France;Illuminez vos événements avec les lyres Cobra 100W LED ! Location premium en Île-de-France. Créez des ambiances spectaculaires. Demandez un devis personnalisé !;location lyres cobra 100w led, lyres led événementiel paris, éclairage événementiel île-de-france, location lumière scène paris, projecteurs intelligents location, location lyres mariage île-de-france, régie lumière événementiel, technique lumière événementiel paris, location lyres Led pas chère Yvelines 78 , éclairage spectacle paris;;05/08/2025
804af191-70ea-404c-8484-949866b5db92;Machine à brouillard Fazer 2000 W  H2000;Fazer 2000 W, DMX - H2000;technique;eclairage;effets-speciaux;"**Machine à Brouillard Fazer 2000W H2000 : Sublimez vos événements en Île-de-France !**

Créez une atmosphère unique avec la machine à brouillard Fazer 2000W H2000. Parfaite pour les mariages féériques, les séminaires d'entreprise dynamiques ou les événements institutionnels mémorables en Île-de-France, elle transforme l'ordinaire en extraordinaire. Son brouillard subtil met en valeur vos jeux de lumière, intensifiant l'ambiance et captivant vos invités.

Cette machine à brouillard Fazer 2000W DMX – H2000, de la catégorie ""technique > lumière > effets-speciaux"", est un atout indispensable pour vos événements. Imaginez un bal digne d'un conte de fées en Seine-et-Marne (77) ou une soirée électrisante dans les Yvelines (78) ! Combinez-la avec nos projecteurs et notre régie son & lumière pour une expérience immersive totale.

Besoin d'un effet spécial saisissant pour un lancement de produit dans le 92 ou un spectacle grandiose dans le 93 ? La Fazer 2000W H2000 est la solution. Contactez ESIL-events pour une location simple et rapide en Île-de-France et donnez vie à vos visions les plus audacieuses !
Ps Location sans liquide 
";37.5;45;;;Non;0;Oui;machine-a-brouillard-fazer-2000-w-h2000;Location machine à brouillard Fazer 2000W H2000  ;Sublimez vos événements en Île-de-France avec notre machine à brouillard  Fazer 2000W H2000. Brouillard parfait pour mariages, séminaires & spectacles. ;machine à brouillard Fazer 2000W H2000 location, location effets spéciaux événementiel Paris, location machine à fumée Île-de-France,location machine à brouillard  professionnel Yvelines, location matériel lumière événementiel, effets spéciaux mariage Paris, animation lumière événement entreprise, location machine à brouillard DMX,location machine à brouillard  professionnel Yvelines pour mariage,location machine à brouillard  pour lancement de produits  ;;02/12/2025
6a6d100f-4e1f-4ad6-98c6-b0ffef80f4b3;Machine à brouillard FOS Haze Touring;Machine à brouillard;technique;eclairage;effets-speciaux;"**Machine à Brouillard FOS Haze Touring : Sublimez vos événements en Île-de-France !**

Transformez l'atmosphère de vos événements avec la machine à brouillard FOS Haze Touring. Cet effet spécial lumière discret magnifie chaque faisceau lumineux, créant une ambiance immersive pour mariages enchanteurs, séminaires professionnels dynamiques ou événements institutionnels mémorables en Île-de-France.

La FOS Haze Touring, discrète mais performante, sublime votre éclairage. Idéale pour révéler la puissance de nos projecteurs et lyres, elle apporte une dimension visuelle unique à vos soirées privées ou événements d'entreprise dans les Yvelines (78) ou en Seine-Saint-Denis (93).

Imaginez l'effet combiné avec nos jeux de lumière et notre régie son pour une fête inoubliable en Val-de-Marne (94) ! Contactez ESIL-events pour une location réussie de votre machine à brouillard en Île-de-France (75, 77, 91, 92, 95)

Location sans liquide ";54.17;65;;;Non;0;Oui;machine-a-brouillard-fos-haze-touring;Location Machine à Brouillard FOS Haze Touring - Paris IDF;Sublimez vos événements en Île-de-France avec notre machine à brouillard FOS Haze Touring  pour mariages ,soirées d'entreprise, spectacle, concert sur scène .;Location machine à brouillard FOS Haze Touring , location machine à brouillard Paris, location effet lumière événementiel IDF, brouillard événementiel professionnel, location matériel lumière Paris, effet spécial mariage Paris, FOS Haze Touring , location machine à fumée légère, location machine à brouillard yvelines, location machine à brouillard pour concert Paris;;02/12/2025
c044d01d-9749-449f-9dd8-65221ac9dfe8;Machine à bulles double  B1500;Machine à bulles double  B1500;technique;eclairage;effets-speciaux;"**Machine à Bulles Double B1500 : Sublimez vos événements en Île-de-France**

Transformez votre événement en un spectacle féérique avec la machine à bulles double B1500 d'ESIL-events ! Que vous organisiez un mariage de rêve, un séminaire d'entreprise dynamique ou une réception institutionnelle prestigieuse en Île-de-France, cette machine à bulles apportera une touche de magie inoubliable. Imaginez des milliers de bulles scintillantes créant une ambiance festive et joyeuse, captivant vos invités dans un univers enchanteur.

La machine à bulles double B1500, c'est l'assurance d'un effet visuel spectaculaire. Son double système de production garantit un débit impressionnant de bulles, parfait pour les grands espaces et les événements d'envergure. Facile à utiliser, elle s'intègre harmonieusement à tous les décors. Pour un mariage, combinez-la avec nos jeux de lumière pour une danse des mariés inoubliable. Pour un séminaire, elle dynamisera vos pauses et surprendra vos collaborateurs.

ESIL-events, votre partenaire événementiel de confiance en Île-de-France, vous propose cette machine à bulles double pour une expérience immersive et mémorable. Contactez-nous dès aujourd'hui pour réserver votre machine à bulles et donnez à votre événement une dimension féérique. Location disponible sur toute l'Île-de-France (75, 77, 78, 91, 92, 93, 94, 95)

Sans le liquide ";37.5;45;;;Non;0;Oui;machine-a-bulles-double-b1500;Location Machine à Bulles Double PRO  B1500 en IDF ;Ambiance pour vos événements  Location machine à bulles double B1500 en Île-de-France. Effet féérique garanti pour mariages et séminaires. Demandez un devis !;location machine à bulles double B1500 , location machine à bulles Île-de-France, Location machine à bulles événementiel Paris, effets spéciaux , location matériel événementiel technique, bulle party location, spectacle bulles lumineux, ambiance féérique événement, location machine à bulles professionnelle,location machine à bulles yvelines,location machine à bulles pour mariages,location machine à bulles 75;;02/12/2025
b52509ea-3aea-40c9-bd44-37958a74794e;Machine à bulles double B1500 Beamz;Machine à bulles double B1500 Beamz;technique;eclairage;effets-speciaux;"Machine à Bulles Double B1500 Beamz ( location sans produit ) 

Transformez votre événement en un spectacle féérique avec la machine à bulles double B1500 Beamz. Particuliers, professionnels ou institutions en Île-de-France, offrez à vos convives un moment inoubliable. Cette machine à bulles projette un volume impressionnant de bulles, créant une atmosphère festive et enchanteresse.

Imaginez un mariage romantique avec une pluie de bulles étincelantes, un séminaire d'entreprise dynamisé par un effet visuel original, ou un événement institutionnel illuminé par une touche de magie. La machine à bulles B1500 Beamz est l'accessoire idéal pour sublimer vos célébrations. Combinez-la avec nos jeux de lumière et nos services d'animation pour une expérience complète et personnalisée en Île-de-France.

Créez des souvenirs mémorables avec ESIL-events. Contactez-nous pour la location de votre machine à bulles double B1500 Beamz et illuminez vos événements dans toute l'Île-de-France (Paris, Seine-et-Marne, Yvelines, Essonne, Hauts-de-Seine, Seine-Saint-Denis, Val-de-Marne, Val-d'Oise).";20.83;25;;;Non;0;Oui;machine-a-bulles-double-b1500-beamz;Location Machine à Bulles B1500 Beamz en Île-de-France;Louer notre machine à bulles B1500 Beamz  Effet féérique pour mariage , anniversaire , soirée entreprise . Ambiance garanti. Location  en Île-de-France;location machine à bulles double B1500 Beamz, location machine à bulles paris, location effets spéciaux lumière île-de-france, location machine à bulles pour mariage paris, location machine à bulles événementiel, machine à bulles professionnelle, effets spéciaux événement île-de-france, location matériel lumière événementiel, animation lumière événement paris, location machine à  bulles IDF, location machine à  bulles pas chère IDF, location machine à  bulles Yvelines , location machine à  bulles 75 ;;04/11/2025
853c5292-b051-453d-a272-e8974a8f5e8b;Machine à Bulles Médium - B500  ;Machine à Bulles Médium - B500  ;technique;eclairage;effets-speciaux;"**Machine à Bulles Médium - B500 : Créez la Magie en Île-de-France !**

Transformez vos événements en Île-de-France avec la Machine à Bulles B500 d'ESIL-events ! Offrez une ambiance féérique et mémorable à vos invités, idéale pour mariages, anniversaires ou soirées d'entreprise. Imaginez des milliers de bulles scintillantes illuminant votre piste de danse, un effet visuel saisissant garanti !

Cette machine compacte (210 x 235 x 250 mm, 3kg) est facile à installer grâce à son étrier de montage. Elle fonctionne sur secteur (220-240VAC) et propose un mode manuel simple d'utilisation. Parfaite en complément de notre régie son & lumière pour une immersion totale, la B500 rendra votre événement inoubliable en Île-de-France, que ce soit dans le 77, 78, 91 ou 92.

Laissez ESIL-events sublimer vos événements. Contactez-nous pour une location facile en Île-de-France et faites pétiller vos moments précieux !  Location sans liquide ";12.5;15;;;Non;0;Oui;machine-a-bulles-medium-b500;Location Machine à Bulles B500 Location Île-de-France  ;Illuminez vos événements en Île-de-France avec la machine à bulles B500 d'ESIL Events ! Ambiance féérique garantie. Location facile, . Contactez esil-events.fr;location machine à bulles médium B500 Île-de-France, machine à bulles événementiel Paris, effets spéciaux lumière mariage, location machine à bulles  78 Yvelines, ambiance féérique événement entreprise, location matériel lumière événementiel paris , machine à bulles professionnelle location, location machine à bulles pas cher Yvelines, animations lumineuses mariage IDF, location machine à bulles anniversaire;;05/05/2025
2db646ba-fecb-492b-8320-774ad8f7a233;Machine A Etincelles SPARK 700S;Machine A Etincelles SPARK 700S;technique;eclairage;effets-speciaux;"

Illuminez vos événements en Île-de-France avec notre machine à étincelles froides : durée 2 x 2 minutes environ 

Transformez chaque instant en un spectacle inoubliable avec la machine à étincelles froide  SPARK 700S. Cet effet spécial lumineux sublimera vos mariages, séminaires d'entreprise ou événements institutionnels en Île-de-France. Imaginez l'émerveillement de vos invités devant cette cascade d'étincelles scintillantes, créant une ambiance magique et festive.

La SPARK 700S, un incontournable pour des effets spéciaux saisissants, est idéale pour les professionnels de l'événementiel en 75, 77, 78, 91, 92, 93, 94 et 95. Son utilisation simple et sécurisée garantit un rendu spectaculaire pour vos clients. Combinez-la avec nos jeux de lumière et notre régie son pour une expérience immersive totale.

Sans le produits Tarif du produit pour 2 minutes 10 € TTC
Hauteur du jet 3.50M

Que ce soit pour un lancement de produit à Paris, un mariage féérique dans les Yvelines ou une soirée d'entreprise en Seine-Saint-Denis, la SPARK 700S apportera une touche d'exception. Contactez ESIL-events pour la location de cet effet spécial et faites briller vos événements en Île-de-France !";45.83;55;;;Non;0;Oui;machine-a-etincelles-spark-700s;Location Machine à Étincelles froide pas chère  Paris - IDF ;"Location de machine à étincelles froide, pour mariages, fête privées, soirée d'entreprise. aucun risque de flames ,idéale pour un lancement de produits .
";Location machine a étincelles spark 700s  paris, location machine etincelles evenementiel ile de france, effets speciaux lumineux mariage paris, location étincelles froides évènement entreprise 75, location machine a étincelles  froide Yvelines, effet pyrotechnique évènementiel , location materiel lumiere evenementiel paris, machine a etincelles seche location ile de france,Location machine a étincelles pour mariage 78,Location machine a étincelles pour mariage 75,Location machine a étincelles pour mariage IDF;;04/11/2025
173893e9-81fe-4c5c-979f-1cb80b2095bf;Machine à fumée 550 W ;Machine à fumée 550 W;technique;eclairage;effets-speciaux;"**Transformez vos événements en Île-de-France avec notre Machine à Fumée 550W !**

Créez une atmosphère immersive et mémorable avec la machine à fumée S550 d'ESIL-events ! Que vous soyez un particulier organisant une fête, un professionnel préparant un séminaire ou une institution planifiant un événement d'envergure en Île-de-France, cette machine à fumée professionnelle de 550W sublimera vos espaces. Son temps de chauffe rapide de 30 secondes et son thermostat électronique garantissent une production de fumée dense et constante, idéale pour mettre en valeur vos jeux de lumière.

La S550 est conçue pour une utilisation simple et efficace. Son réservoir de 0,25 litre, sa télécommande sans fil et sa fenêtre de visualisation du niveau de liquide vous offrent un contrôle total. Imaginez l'ambiance spectaculaire qu'elle apportera à votre concert, soirée dansante ou spectacle en région parisienne. Sa sortie maximale de 50 m³ par minute assure un effet saisissant.

Complétez votre installation avec nos projecteurs et jeux de lumière pour un rendu exceptionnel. Pour vos événements en Seine-et-Marne (77), dans les Yvelines (78) ou encore dans l'Essonne (91), la S550 est un atout indispensable. Contactez ESIL-events dès aujourd'hui pour la location de votre machine à fumée et faites de votre événement un moment inoubliable en Île-de-France.";20.83;25;;;Non;0;Oui;machine-a-fumee-550-w;Machine à Fumée 550W Location Île-de-France  ESIL-évents;Illuminez vos événements ! ✨ Louez la machine à fumée 550W pour une ambiance spectaculaire en Île-de-France. Effets spéciaux garantis. Devis rapide et personnal;machine à fumée 550w location, location machine à fumée paris, effets spéciaux événementiel île-de-france, location lumière événementielle, ambiance lumineuse soirée, machine à fumée concert, location matériel événementiel technique, machine à fumée professionnelle, location machine à fumée 77, location machine à fumée 91;;02/05/2025
324b2799-0a2e-4d16-b564-0d53bfb6e688;Machine à fumée 700W avec effet flamme LED Ambre – S700-LED ;Machine à fumée 700W avec effet flamme LED Ambre – S700-LED ;technique;eclairage;effets-speciaux;"**Machine à fumée 700W avec effet flamme LED Ambre – S700-LED : Illuminez vos événements en Île-de-France !**

Transformez vos soirées, concerts ou événements professionnels en un spectacle inoubliable avec la machine à fumée S700-LED ! Créez une ambiance spectaculaire grâce à son effet flamme ambre unique. Parfaite pour les DJ, les organisateurs d'événements et les collectivités en Île-de-France, elle projette jusqu'à 75 m³ de fumée par minute.

Facile à utiliser avec sa télécommande filaire et son temps de chauffe rapide de 3,5 minutes, cette machine à fumée professionnelle est idéale pour les mariages, les séminaires ou les événements institutionnels. Son réservoir de 0,4L vous offre une autonomie optimale. Combinez-la avec nos jeux de lumière et nos systèmes de sonorisation pour une expérience immersive totale en région parisienne (75, 77, 78, 91, 92, 93, 94, 95).

Envie d'un effet spécial qui marquera les esprits ? Louez dès maintenant la machine à fumée S700-LED et donnez une dimension exceptionnelle à vos événements en Île-de-France avec ESIL-events !";29.17;35;;;Non;0;Oui;machine-a-fumee-700w-avec-effet-flamme-led-ambre-s700-led;Machine à Fumée Effet Flamme LED - Location IDF Premium;Illuminez vos événements en Île-de-France! Louez la machine à fumée 700W S700-LED avec effet flamme ambre. Effet spectaculaire garanti. Devis rapide et gratuit!;machine à fumée effet flamme LED, location machine à fumée Paris, machine à fumée événementiel IDF, location effets spéciaux lumière Yvelines, machine à fumée 700W, location machine à fumée mariage, machine à fumée professionnelle Paris, ambiance événementielle Paris,Location machine à fumée pour mariage 78;;02/05/2025
7db8f33d-998b-4606-96d5-55c604c6a652;Machine à fumée lourde 2000W - MFL 2000;Machine à fumée lourde 2000W - MFL 2000;technique;eclairage;effets-speciaux;"**Transformez vos événements en Île-de-France avec la MFL 2000 : L'effet ""fumée lourde"" professionnel à portée de main !**

Créez une ambiance magique et inoubliable avec la machine à fumée lourde MFL 2000. Que vous soyez un particulier organisant un mariage de rêve, un professionnel préparant un lancement de produit spectaculaire ou une institution planifiant un événement d'envergure en Île-de-France, cette machine est votre alliée. Sa puissance de 2000W, combinée à un système de refroidissement unique, génère un épais brouillard au sol qui sublimera vos éclairages et décorations.

Facile à utiliser avec son écran tactile et sa télécommande, la MFL 2000 se préchauffe en seulement 3-4 minutes. Son contrôle DMX permet une intégration parfaite à votre régie lumière. Imaginez un premier bal de mariage féérique en Seine-et-Marne (77), un défilé de mode hypnotique à Paris (75) ou une présentation d'entreprise percutante dans les Hauts-de-Seine (92).

Avec sa capacité de réservoir d'eau de 8L et de liquide à brouillard de 1,2L, profitez d'une autonomie prolongée. Combinez-la avec nos projecteurs LED et nos jeux de lumière pour un effet garanti. Envie de créer un événement exceptionnel dans le Val-d'Oise (95) ou dans l'Essonne (91)? **Contactez ESIL-events dès aujourd'hui pour la location de votre MFL 2000 en Île-de-France !**";91.67;110;;;Non;0;Oui;machine-a-fumee-lourde-2000w-mfl-2000;Machine à Fumée Lourde Pro 2000W - Location Île-de-France;Créez un effet fumée lourde spectaculaire ! Location machine à fumée 2000W MFL 2000 en Île-de-France. Mariages, événements : sublimez vos moments. Contactez-nou;location machine fumée lourde paris, machine à fumée lourde 2000w, location effets spéciaux île-de-france, fumée au sol mariage 78 , location matériel événementiel IDF, MFL 2000, machine à fumée pro 75, location machine à fumée lourde essonne, animation événementielle paris, location machine fumée lourde IDF ;;02/05/2025
80223d1d-3098-4ed4-bd4e-8deddf8176c2;Machine à fumée lourde BT-H2FOG COMPACT 2;BT-H2FOG COMPACT 2;technique;eclairage;effets-speciaux;"**Machine à Fumée Lourde BT-H2FOG COMPACT 2 : Un nuage de magie pour vos événements en Île-de-France !**

Sublimez vos événements en Île-de-France avec la BT-H2FOG COMPACT 2 ! Cette machine à fumée lourde transforme mariages, soirées d'entreprise et événements institutionnels en spectacles inoubliables. Imaginez un effet ""nuage au sol"" féérique qui captivera vos invités. Compacte, performante et facile à utiliser, elle apporte une dimension spectaculaire à tous vos événements en région parisienne (75, 77, 78, 91, 92, 93, 94, 95).

Créez une ambiance unique pour votre mariage, lancement de produit ou gala. La fumée lourde, combinée à nos jeux de lumière et à notre service de régie son & lumière, offre une immersion totale. L'équipe ESIL-events, votre partenaire événementiel en Île-de-France, vous guide pour une expérience sur-mesure.
Location sans le liquide .

Transformez votre vision en réalité. Contactez ESIL-events dès aujourd'hui pour magnifier votre prochain événement en Île-de-France !";82.5;99;;;Non;0;Oui;machine-a-fumee-lourde-bt-h2fog-compact-2;Location Machine à Fumée Lourde  BT-H2FOG  - en  IDF;A la location ,Sublimez vos événements en Île-de-France avec notre machine à fumée lourde BT-H2FOG COMPACT 2 .Effet nuage au sol garanti installation facile.   ;location machine fumée lourde Paris, machine à fumée lourde BT-H2FOG COMPACT 2, location effets spéciaux Île-de-France, location matériel événementiel Paris, machine à fumée lourde mariage, location machine à fumée corporate,location machine fumée lourde 75,location machine fumée lourde Yvelines ,location machine fumée lourde IDF,location machine fumée lourde effet spéciaux paris ,location machine fumée lourde pour Mariages,location machine fumée lourde pour tournage de films paris ;;19/11/2025
f5408ce3-385a-49ee-9ded-ce163cdcefe9;Machine à fumée lourde dans un flightcase ;Machine à fumée lourde dans un flightcase ;technique;eclairage;effets-speciaux;"**Transformez vos événements en Île-de-France avec notre machine à fumée lourde, l'effet ""wow"" garanti!**

La LF1500 crée une ambiance féérique sans glace carbonique. Idéale pour mariages, séminaires ou événements institutionnels en Île-de-France, elle diffuse un brouillard au sol spectaculaire. Contrôle DMX précis, flightcase robuste avec roulettes, et utilisation simple avec eau et liquide à fumée standard. Dimensions : 630x350x480mm, poids 25.6kg.

Imaginez une première danse de mariage inoubliable, un lancement de produit spectaculaire ou une présentation institutionnelle sublimée. Combinez-la avec nos jeux de lumière pour un effet saisissant. Facile à transporter et installer dans tous les lieux d'Île-de-France, du 75 au 95.

Prêt à donner une dimension magique à votre prochain événement en Île-de-France? Contactez ESIL-events pour la location de cette machine à fumée lourde et découvrez nos solutions d'éclairage et d'animation.";70.83;85;;;Non;0;Oui;machine-a-fumee-lourde-dans-un-flightcase;Location Machine à Fumée Lourde - Événementiel Île-de-France;Sublimez vos événements en Île-de-France! Louez notre machine à fumée lourde en flightcase. Effet spectaculaire garanti pour mariages & séminaires. ;location machine à fumée lourde paris, machine fumée lourde événementiel ile de france, effet speciaux mariage paris, location effet fumée scène 78 , brouillard au sol événement Yvelines, location machine fumée lourdeIDF, materiel evenementiel professionnel paris, location machine fumée lourde dmx, ambiance mariage ile de france, location materiel evenementiel 95;;02/05/2025
88af23d4-2983-4532-a9cc-b98a2c5a5bdf;Machine à neige - SNOW1800 ;Machine à neige - SNOW1800 ;technique;eclairage;effets-speciaux;"**Transformez votre événement en un conte de fées hivernal en Île-de-France avec la Machine à Neige SNOW1800 !** (SEO : événement, Île-de-France)

Créez une ambiance magique et féerique pour vos mariages, soirées à thème ou événements d'entreprise en Île-de-France. La SNOW1800 projette des flocons légers, transformant n'importe quel lieu en un paysage hivernal enchanteur. Son réservoir de 3.1L garantit un effet neige durable et sans résidus, idéal pour vos événements en région parisienne (75, 77, 78, 91, 92, 93, 94, 95).

Facile à utiliser grâce à sa télécommande filaire et son mode DMX, la SNOW1800 s'adapte à tous vos besoins. Imaginez l'effet spectaculaire combiné à notre régie lumière pour un concert inoubliable ou pour illuminer votre stand lors d'un salon professionnel. Ses dimensions compactes (470 x 255 x 270 mm) et sa lyre de montage facilitent son installation.

Offrez à vos invités une expérience unique et mémorable. Contactez ESIL-events pour la location de votre machine à neige SNOW1800 et créez l'événement dont vous rêvez en Île-de-France !";45.83;55;;;Non;0;Oui;machine-a-neige-snow1800;Location machine à Neige Pro en Île-de-France  esil-events;Créez un hiver féerique ! Louez la machine à neige SNOW1800 pour un événement inoubliable en Île-de-France. Effet garanti, installation facile. Contactez-nous !;machine à neige location Île-de-France, location machine à neige Paris, machine à neige événementiel, effets spéciaux événement, neige artificielle location, SNOW1800 location, location machine à neige mariage, location matériel événementiel Paris, lumière événementielle Île-de-France, location effets spéciaux neige;;05/05/2025
7af7aea8-62c0-49b0-b97b-077b26bc4776;Machine à Neige Grand Volume 1500W - SNOW5000;Machine à Neige Grand Volume 1500W - SNOW5000;technique;eclairage;effets-speciaux;"**Transformez vos événements en Île-de-France en paysages hivernaux féériques !** La Machine à Neige Grand Volume SNOW5000 d'ESIL-events est l'outil ultime pour créer une ambiance magique. Imaginez un mariage inoubliable en Seine-et-Marne (77) sous une douce neige artificielle, un spectacle éblouissant dans le Val-d'Oise (95), ou un lancement de produit spectaculaire à Paris (75).

Cette machine professionnelle, avec son réservoir de 20 litres et son tuyau de 10 mètres, projette une neige réaliste, idéale pour les concerts, tournages, et événements d'envergure en Île-de-France. Contrôlez l'intensité du blizzard grâce aux modes automatiques, DMX ou manuel. Son flightcase à roulettes assure un transport aisé dans toute la région, du 92 au 94.( SANS LIQUIDE ) 

Combinez la SNOW5000 avec nos projecteurs LED pour un éclairage féérique ou nos effets pyrotechniques pour un show inoubliable. ESIL-events, votre partenaire pour des événements spectaculaires en Île-de-France. Contactez-nous pour une location et faites de votre événement un moment unique !";82.5;99;;;Non;0;Oui;machine-a-neige-grand-volume-1500w-snow5000;Location Machine à Neige 5000W Paris  Effets Spéciaux Pro;Illuminez vos événements en Île-de-France avec la SNOW5000 ! Effet neige garanti pour mariages, tournages, concerts. Location simple, livraison rapide. Demandez;location machine PRO à neige grand volume paris 75, machine à neige 5000w location ile de france, effets spéciaux neige évènementiel 78, location snow 5000, machine à neige professionnelle paris, location machine à neige mariage 75, location effets spéciaux hiver IFD, effets neige artificielle ile de france, machine a neige dmx location, location matériel évènementiel neige Yvelines;;05/05/2025
1e504781-4dda-41ea-902b-561387f4006a;Mat Éclairage Buffet LED sur Batterie ;Mat Éclairage Buffet LED sur Batterie ;technique;eclairage;projecteur-sur-batterie;"**Illuminez vos événements en Île-de-France avec une touche de magie sans fil !** Le Mat Éclairage Buffet LED d'ESIL-events sublime vos buffets et espaces. Sa flexibilité et son autonomie de 14,5h transforment mariages intimistes, séminaires d'entreprise et réceptions institutionnelles en moments inoubliables, partout en Île-de-France.

Ce projecteur sur batterie, avec bras pivotant et filtres magnétiques, permet une personnalisation totale de l'ambiance. Sa base stable, sa hauteur réglable et son contrôle DMX offrent une facilité d'utilisation inégalée, idéale pour les événements dans les Yvelines (78) ou l'Essonne (91).

Imaginez-le combiné à nos nappages de luxe et notre mobilier design pour un mariage féérique en Seine-et-Marne (77) ou un séminaire élégant dans les Hauts-de-Seine (92). Contactez ESIL-events pour illuminer vos événements en Île-de-France !";56.25;67.5;;;Non;0;Oui;mat-eclairage-buffet-led-sur-batterie;Pieds  Éclairage pour Buffet LED - Location Île-de-France;Sublimez vos buffets en Île-de-France Louez nos pieds d'éclairage LED sur batterie pour un événement inoubliable. Autonomie 14h, installation rapide et facile. ;Mat Éclairage Buffet LED sur Batterie paris 75, location éclairage buffet LED Paris, éclairage événementiel sans fil, projecteur sur batterie événement, location matériel éclairage Île-de-France, éclairage mariage Île-de-France, éclairage séminaire entreprise, location projecteur LED DMX, éclairage buffet événementiel Yvelines 78,Mat Éclairage Buffet LED sur Batterie pour traiteur ,Mat Éclairage Buffet LED sur Batterie pour traiteur paris 75,pieds Éclairage Buffet LED sur Batterie yvelines78 ,Pieds Éclairage  LED sur Batterie pour traiteur Yvelines 78;;06/05/2025
ce0bfcc4-1fd2-4ff4-bf22-697f28619e52;Méga Pack Karaoké ;Méga Pack Karaoké ;technique;nos-packs;packs-karaoke;"MÉGA PACK KARAOKÉ ESIL-EVENTS : L'ambiance sur mesure en Île-de-France

Transformez vos événements en shows inoubliables avec le Méga Pack Karaoké ESIL-events ! Particuliers, entreprises, institutions, offrez à vos invités un divertissement mémorable. 2 micros HF, 2 enceintes 2x250W, 2 pieds, 2 projecteurs LED, écran 2.50x2m et vidéoprojecteur 3500 Lumens : tout pour une ambiance survoltée ! Installation facile en 20 minutes.

Idéal pour mariages en Seine-et-Marne (77), séminaires dans les Yvelines (78) ou anniversaires à Paris (75), ce pack s'adapte à tous vos besoins. Amplifiez l'expérience avec notre régie son et lumière pour un spectacle grandiose. Imaginez l'émotion et le plaisir partagés en Île-de-France.

Le Méga Pack Karaoké d'ESIL-events, c'est la garantie d'une soirée réussie. Contactez-nous pour une location simple et rapide dans les Hauts-de-Seine (92), en Seine-Saint-Denis (93), dans le Val-de-Marne (94) ou dans le Val-d'Oise (95). Faites vibrer l'Essonne (91) avec ESIL-events !";175;210;;;Non;0;Oui;mega-pack-karaoke;Location Mega Pack Karaoké ;Location Méga Pack Karaoké chez ESIL-events pour des événements en IDF comme un mariage, anniversaire ,fête de société. Installation facile en 20 minutes. ;Location Méga Pack Karaoké 78, location karaoké 75 , pack karaoké événementiel région parisienne, animation karaoké 78 , soirée karaoké yvelines, Location matériel karaoké paris 75, location matériel événementiel ile de france,Location matériel sono pour karaoké 78,Location matériel sono pour karaoké yvelines,Location matériel sono pour karaoké 75;;05/05/2025
3db042ab-95b6-45ac-b421-c31db0767166;Micro électret col de cygne  JTS GML-5218;Micro électret col de cygne  JTS GML-5218;technique;sonorisation;micros-et-pieds-de-micros;"**Pour des prises de parole impeccables en Île-de-France !**

Le micro col de cygne JTS GML-5218, disponible chez ESIL-events, est l'allié idéal pour vos conférences, séminaires et discours. Sa clarté vocale exceptionnelle, ses 3 capsules interchangeables et son col flexible garantissent une captation sonore optimale, quel que soit l'environnement. Profitez d'un son professionnel pour vos événements dans le 75, 78 ou le 92 !

Ce micro électret, alimenté par fantôme ou pied DMS-5, s'adapte à toutes les configurations. Son filtre Low Cut élimine les bruits parasites pour une qualité audio irréprochable. Particuliers, entreprises ou institutions en Île-de-France, offrez à vos orateurs le meilleur équipement. Imaginez-le combiné à nos systèmes de sonorisation pour un impact maximal !

Avec sa connectique XLR et son PAD -10 dB, le GML-5218 s'intègre facilement à votre installation. La LED témoin assure un fonctionnement fiable. Optimisez vos événements dans le 91, 93, 94 ou 95 avec un son clair et précis. Pour une location de matériel audio réussie en Île-de-France, pensez ESIL-events !";25;30;;;Non;0;Oui;micro-electret-col-de-cygne-jts-gml-5218;Micro col de cygne  JTS GML-5218 - Location événementielle ;Louez le micro électret col de cygne JTS GML-5218 pour vos événements. capsules interchangeables et design premium. Parfait pour conférences et discours .;location micro électret col de cygne paris , JTS GML-5218, location micro événementiel, sonorisation événement yvelines,micros  conférence, discours ile de france , location matériel son region parisienne ,location micro pour seminaire paris ;;28/04/2025
cf907bb1-5ac1-4733-ba3f-a7403f6bdda6;Moteur Électrique pour Boule à Facettes 20 cm à 50 cm ;Moteur Électrique pour Boule à Facettes 20 cm à 50 cm ;technique;eclairage;boule-a-facette;"**Illuminez vos soirées en Île-de-France !** Transformez chaque événement en un spectacle étincelant avec notre moteur électrique pour boule à facettes (20 à 50 cm). Créez une ambiance disco inoubliable, que ce soit pour un mariage féérique ou une soirée d'entreprise mémorable.

Simple d'utilisation, ce moteur convient aux particuliers et aux professionnels. Sa vitesse d'1 tour/minute garantit un effet lumineux optimal, parfait pour des soirées dansantes, des anniversaires pétillants ou des événements institutionnels dynamiques. Imaginez l'impact visuel dans le 77, le 92 ou le 95 !

Sublimez vos événements en Île-de-France en l'associant à nos jeux de lumière et nos services d'installation ESIL-events. Boostez l'ambiance dans le 78, le 91, le 93 et le 94 avec cet accessoire indispensable. Seulement 5€ HT !

Prêt à créer une atmosphère magique pour votre prochain événement en région parisienne ? Contactez ESIL-events pour une location facile et rapide !";5;6;;;Non;0;Oui;moteur-electrique-pour-boule-a-facettes-20-cm-a-50-cm;Moteur Boule à Facettes Paris Location Événementiel Premium;Illuminez vos événements en Île-de-France ! Louez notre moteur électrique pour boule à facettes (20-50cm) et créez une ambiance disco inoubliable. Contactez ESI;moteur électrique boule à facettes location, location boule à facettes Paris, location matériel lumière événementiel Île-de-France, animation soirée disco Paris, location moteur boule à facettes 20cm, location moteur boule à facettes 50cm, location matériel événementiel premium, location lumiere événementielle Paris, ESIL-events location lumiere, location boule à facettes événementiel;;05/05/2025
daa5a450-1108-4bf1-9f76-c0793322c19c;Moteur Électrique pour Boule à Facettes 75 cm;Moteur Électrique pour Boule à Facettes 75 cm;technique;eclairage;boule-a-facette;"**Illuminez vos soirées en Île-de-France avec l'éclat disco!** Ce moteur électrique pour boule à facettes 75 cm transforme tout événement en spectacle. Imaginez une pluie d'étoiles scintillantes, idéale pour mariages, soirées d'entreprise ou anniversaires. Facile d'utilisation, il convient aux pros comme aux particuliers en quête d'une ambiance festive unique.

Sa compatibilité assure une installation simple. Vitesse : 1 tour/minute. Créez une atmosphère magique en Seine-et-Marne (77), Yvelines (78) ou à Paris (75)! Parfait avec nos jeux de lumière ESIL-events pour une immersion totale.

Impressionnez vos invités en Île-de-France (91, 92, 93, 94, 95). Contactez ESIL-events pour la location et un événement inoubliable!";8.33;10;;;Non;0;Oui;moteur-electrique-pour-boule-a-facettes-75-cm;Moteur Boule à Facettes 75cm - Location Lumière Événementiel Paris;Illuminez vos événements en Île-de-France !  Louez notre moteur électrique premium pour boule à facettes 75cm. Ambiance disco garantie. Contactez ESIL-events .;moteur électrique boule à facettes 75cm Yvelines 78, location lumière événementiel Paris, boule à facette 75cm location IDF , location matériel éclairage Île-de-France, Location moteur boule disco Paris 75, éclairage événementiel 75, location boule à facette mariage, location boule à facette soirée entreprise, ESIL-events location lumière, location moteur boule à facette professionnel;;05/05/2025
deaf49f3-f3b5-4d3b-85dc-1797ee1c8d21;PACK Coupe du Monde - Ecran géant Match Football;PACK Coupe du monde;technique;coupe-du-monde-football;diffusion-match-football;"<p>Offrez une véritable expérience immersive à votre public avec notre Pack Coupe du Monde, conçu pour les événements à forte affluence et les retransmissions premium.</p><p><br></p><p>Grâce à son vidéoprojecteur courte focale haute luminosité 5000 lumens, ses enceintes puissantes et son écran géant 2 x 3 m, ce pack transforme votre espace en véritable fan zone digne des plus grands stades.</p><p>Parfait pour les entreprises, collectivités, événements publics, bars, restaurants ou grandes soirées football, le Pack Coupe du Monde garantit un confort de visionnage exceptionnel et une ambiance spectaculaire.</p><p><br></p><p>Le pack comprend :</p><ol><li data-list=""bullet""><span class=""ql-ui"" contenteditable=""false""></span>Vidéoprojecteur courte focale 5000 lumens</li><li data-list=""bullet""><span class=""ql-ui"" contenteditable=""false""></span>Écran géant 2 x 3 m</li><li data-list=""bullet""><span class=""ql-ui"" contenteditable=""false""></span>Système audio avec enceintes</li></ol><p><br></p><p>👉 Le choix idéal pour vibrer au rythme des plus grands matchs dans une ambiance grand format.</p>";475;570;;;Non;0;Oui;pack-coupe-du-monde-ecran-geant-match-football;Location Écran Géant Match Football Paris | Pack Coupe du Monde;Créez une fan zone d'exception ! Louez notre pack écran géant 2x3m + son haute qualité. Idéal entreprises et bars à Paris & IDF. Devis en ligne gratuit !;;;21/05/2026
b306bb36-c796-4a9c-a04c-e107a5373f01;Pack de 2 Black Gun 400W ;Pack de 2 Black Gun 400W ;technique;nos-packs;packs-eclairage;"**Pack 2 Black Gun 400W : Votre Nuit Fluo Inoubliable en Île-de-France !**

Transformez vos soirées en expériences UV spectaculaires avec notre pack de 2 Black Gun 400W. Parfait pour illuminer mariages fluo en Seine-et-Marne (77), soirées d'entreprise dynamiques dans les Yvelines (78) ou événements institutionnels en région parisienne (75). Optimisé pour 100m² (50 personnes), il sublime maquillage UV, vêtements fluo et accessoires lumineux.

Ce pack est idéal pour créer une ambiance électrisante lors de vos événements en Île-de-France. Imaginez l'impact visuel dans une discothèque, un bowling ou même un court de tennis de nuit ! Ajoutez des pieds en T (en option) pour une diffusion de lumière optimale. Compatible avec tous vos accessoires fluo.

ESIL-events vous accompagne pour créer des moments mémorables en Île-de-France (91, 92, 93, 94, 95). Contactez-nous pour la location de votre pack Black Gun 400W et illuminez vos événements !";62.5;75;;;Non;0;Oui;pack-de-2-black-gun-400w;Pack 2 Black Gun 400W - Location Lumière UV  Île-de-France;Nuit Fluo Inoubliable ! ✨ Louez notre pack 2 Black Gun 400W pour un événement UV spectaculaire en Île-de-France. Illuminez vos soirées ! Contactez-nous.;location Pack 2 Black Gun 400W  yvelines 78, location lumière noire événementiel paris 75, location projecteur UV Paris, soirée fluo Île-de-France, éclairage événementiel UV, location matériel événementiel fluo, Black Gun 400W prix, location lumière noire 77;;05/05/2025
bef1e7d1-8fa7-42de-9b65-6e3189c33acd;PACK Fan Zone - Ecran géant Match Football;PACK Fan Zone;technique;coupe-du-monde-football;diffusion-match-football;"<p>Créez une ambiance conviviale et immersive pour la diffusion de vos matchs avec notre Pack FAN ZONE, la solution idéale pour les petits et moyens événements.</p><p>Ce pack comprend un vidéoprojecteur 3500 lumens, deux enceintes amplifiées et un écran séminaire de 1,80 x 2 m pour profiter des rencontres dans d’excellentes conditions visuelles et sonores.</p><p>Parfait pour les soirées privées, événements d’entreprise, bars, associations ou espaces indoor, ce pack vous permet de réunir vos invités autour des plus grands matchs dans une atmosphère chaleureuse et festive.</p><p><br></p><p>Le pack comprend :</p><ol><li data-list=""bullet""><span class=""ql-ui"" contenteditable=""false""></span>Vidéoprojecteur 3500 lumens</li><li data-list=""bullet""><span class=""ql-ui"" contenteditable=""false""></span>Écran séminaire 1,80 x 2 m</li><li data-list=""bullet""><span class=""ql-ui"" contenteditable=""false""></span>2 enceintes sonorisation</li></ol><p><br></p><p>👉 Une solution simple, efficace et accessible pour vivre pleinement les émotions du football.</p>";175;210;;;Non;0;Oui;pack-fan-zone-ecran-geant-match-football;Location Pack Fan Zone & Écran Géant Match Football Paris IDF;Vibrez pour le foot ! Louez notre Pack Fan Zone avec écran géant et sono à Paris & en France. Idéal pro & privé. Installation premium par ESIL. Réservez !;location pack fan zone football paris, écran géant match de foot ile-de-france, diffusion coupe du monde football entreprise lyon, location matériel fan zone marseille, vidéoprojecteur match football bar bordeaux, pack sonorisation événement sportif lille, installation technique fan zone professionnelle, matériel audiovisuel coupe du monde france, location écran séminaire match football paris, prestataire technique football événementiel;;21/05/2026
b49ab88e-6170-470c-a89a-73aa64110264;Pack Karaoké;Pack Karaoké;technique;nos-packs;packs-karaoke;"Transformez vos soirées en shows mémorables avec le Pack Karaoké ESIL-events, disponible en Île-de-France 

Le Pack Karaoké ESIL-events est la solution idéale pour enflammer vos événements, des fêtes de famille aux animations d'entreprise en Île-de-France. Facile à installer en 20 minutes, il comprend une enceinte amplifiée 300W, un pied pour une diffusion optimale et deux micros HF sans fil pour des duos endiablés. Sa compatibilité ordinateur/USB et ses 11 DVD de karaoké inclus garantissent une ambiance festive pour tous les goûts.

Ce pack est parfait pour animer un mariage en Seine-et-Marne (77), un anniversaire dans les Yvelines (78), ou un séminaire d'entreprise à Paris (75). Imaginez : combinez-le avec nos jeux de lumière pour une ambiance discothèque ! Les professionnels de l'événementiel dans le Val-d'Oise (95) apprécieront sa simplicité et sa robustesse. Créez des souvenirs inoubliables dans l'Essonne (91) ou les Hauts-de-Seine (92) !

Avec ESIL-events, la qualité professionnelle est à portée de main. Prêt à devenir la star de votre prochaine soirée ? Contactez-nous pour la location de votre Pack Karaoké en Île-de-France !";70.83;85;;;Non;0;Oui;pack-karaoke;Location matériel Pack Karaoké IDF;Louez un pack karaoké complet pour animer vos soirées, comme pour un mariages et événements d'entreprise, un anniversaire. Son puissant, avec micros sans fil ;location pack karaoké Yvelines, location karaoké 75, location matériel  karaoké mariage, prix location karaoké, pack karaoké à louer région parisienne, location karaoké professionnel IDF, location karaoké soirée privée 78, comment organiser une soirée karaoké réussie, pack karaoké animation mariage prix, location matériel karaoké haut de gamme paris ;;06/05/2025
46e57efe-cab5-4372-b54c-db83154ca7a5;Pack Premium sonorisation et éclairage ;Premium;technique;nos-packs;packs-sonorisation-et-eclairage;"**Pack Premium Sonorisation & Éclairage : Sublimez vos événements en Île-de-France !**

Transformez vos soirées et événements professionnels en Île-de-France avec notre Pack Premium Sonorisation & Éclairage. Idéal pour mariages, séminaires ou événements institutionnels, ce pack garantit une ambiance inoubliable. Profitez d'un son puissant et clair grâce à 2 enceintes actives 2x600W RMS (Bluetooth, Ordinateur, Portable), accompagnées de 2 micros HF pour une communication parfaite.

La pack Premium Esil Events comprend  :
- 2 Enceintes Active (Bluetooth, Ordinateur, Portable.) 2x600W RMS avec pieds
- 2 Barre de 4 jeux Lumière LED avec pieds Lumière
- 1 Machine a Fumée
- 2 Micros HF
- 1 Câble RCA-Dock 3.5 Ordinateur
- 1 Câbles XLR/XLR
- 4 Câbles alimentation

Location du vendredi au lundi.

*Attention tarif promotionnel non applicable sur les périodes du 21 juin, 13 juillet et 31 décembre.

Optimisez l'atmosphère de vos événements dans le 75, 77, 78, 91, 92, 93, 94, et 95.

Louez ce pack du vendredi au lundi et profitez d'une qualité sonore et visuelle exceptionnelle. Pour une expérience encore plus personnalisée, combinez-le avec nos options d'animation DJ. **Contactez ESIL-events pour un devis sur mesure en Île-de-France !** ";125;150;;;Non;0;Oui;pack-premium-sonorisation-et-eclairage;Pack Premium Sonorisation & Éclairage - Location Île-de-France;Sublimez vos événements avec notre Pack Premium sonorisation et éclairage ! Son puissant, lumières LED et ambiance garantie en Île-de-France. Devis personnalisé;pack premium sonorisation eclairage location, location sonorisation eclairage evenementiel ile de france, location materiel evenementiel premium paris, sonorisation mariage ile de france, eclairage evenementiel professionnel, location pack sono lumiere, pack sono lumiere mariage, location machine a fumee, animation evenement ile de france, esil events;;21/11/2025
e2bcd0b6-ca7e-4256-a261-7af563a0b4e7;Pack Projecteur  Led Ambiance sur Batterie x6 ;Pack Projecteur Led  Ambiance sur Batterie x6 ;technique;nos-packs;packs-eclairage;"**Illuminez vos événements en Île-de-France avec une féérie sans fil !** Le Pack Projecteur LED Ambiance sur Batterie x6 d'ESIL-events transforme vos espaces en un écrin de lumière. Parfait pour un mariage romantique en Essonne (91), un séminaire créatif dans les Hauts-de-Seine (92) ou une réception privée à Paris (75).

Profitez de 8h d'autonomie pour une ambiance unique et modulable. Facile à installer, ce pack s'adapte à tous vos événements, des fêtes intimes en Seine-Saint-Denis (93) aux galas prestigieux dans le Val-de-Marne (94). Sa lumière douce sublime vos décors et met en valeur chaque détail, sans contrainte de câbles.

Imaginez un éclairage personnalisé pour votre événement en Seine-et-Marne (77) ou des jeux de lumière sophistiqués pour votre soirée d'entreprise dans les Yvelines (78). Combinez ce pack avec notre régie son et lumière pour une expérience immersive dans le Val-d'Oise (95). Location à partir de 62.5€ HT.

Créez l'événement de vos rêves en Île-de-France. Contactez ESIL-events pour illuminer vos instants précieux !";62.5;75;;;Non;0;Oui;pack-projecteur-led-ambiance-sur-batterie-x6;Location Pack de 6 Projecteurs Ambiance sur Batterie IDF;Location Pack de 6 Projecteurs à Led sur Batterie . Pour mariages, soirées d'entreprise séminaire , soirée disco. Installation facile . Location Île-de-France ;Pack Projecteur Ambiance sur Batterie x6 yvelines 78, location projecteur ambiance sur batterie paris 75, éclairage événementiel, location matériel événementiel, régie son lumière, location projecteur ambiance sur batterie pour mariage Yvelines 78, location projecteur ambiance sur batterie pour décoration de salle;;06/05/2025
be87c02d-9f4a-4d62-ba9f-555ece41d9bc;Pack Projecteur Ambiance sur Batterie x12 ;Pack Projecteur Ambiance sur Batterie x12 ;technique;nos-packs;packs-eclairage;"**Illuminez vos événements en Île-de-France avec le Pack Projecteur Ambiance sur Batterie x12 !** Transformez chaque lieu en un espace féérique. Que ce soit pour un mariage romantique en Seine-et-Marne (77), une soirée privée dans les Yvelines (78) ou un événement d'entreprise à Paris (75), ce pack est la solution d'éclairage idéale.

Ces projecteurs LED sans fil offrent 8h d'autonomie et une installation simplifiée. Imaginez une ambiance douce sublimant votre salle de réception en Essonne (91), sans contraintes de câblage. Parfaits pour particuliers et professionnels, ils se combinent à merveille avec nos jeux de lumière pour un spectacle inoubliable.

Valorisez l'espace de votre événement en Île-de-France et offrez à vos invités une expérience unique. Faciles à installer et à utiliser, ces projecteurs d'ambiance mettront en valeur chaque détail. Contactez ESIL-events dès aujourd'hui pour illuminer votre prochaine réception en Île-de-France !";120.83;145;;;Non;0;Oui;pack-projecteur-ambiance-sur-batterie-x12;Location Pack 12 Projecteurs ambiance sur Batterie  ;Illuminez vos événements avec notre Pack de 12 Projecteur à Led sur Batterie. Ambiance unique sans câbles pour toutes sortes de prestations ,mariage, séminaire.;Pack Projecteur Ambiance sur Batterie x12, location projecteur LED ambiance 78, éclairage événementiel sur paris, location éclairage sans fil yvelines, Location projecteur LED batterie 78, ambiance lumineuse mariage IDF, location matériel événementiel Yvelines , location événementiel Île-de-France, location pack éclairage paris 75, projecteur ambiance sur batterie séminaire;;06/05/2025
6ab201db-72b6-453f-a8a7-1ae9013d5f2e;Pack Projecteur Led sur Batterie x8 ;Pack Projecteur Led sur Batterie x8 ;technique;nos-packs;packs-eclairage;"**Illuminez vos événements en Île-de-France : le Pack Projecteur LED sur Batterie x8, la clé d'une ambiance féérique et sans contraintes !**

Transformez votre mariage, séminaire ou soirée en un spectacle lumineux inoubliable. Ces projecteurs LED offrent 8h d'autonomie, une installation simplifiée sans câbles, et une flexibilité totale pour créer l'atmosphère idéale. Imaginez-les sublimant votre réception en Seine-et-Marne (77), dynamisant un événement d'entreprise dans les Hauts-de-Seine (92), ou illuminant une cérémonie institutionnelle à Paris (75).

Parfaits pour une ambiance chaleureuse, ces projecteurs s'adaptent à tous vos besoins en Île-de-France. Leur éclairage doux et accueillant est idéal pour des mariages, anniversaires, ou bals. Combinez ce pack avec notre régie son et lumière pour une expérience immersive. Facile à installer, il est un atout majeur pour vos événements dans le Val-d'Oise (95), l'Essonne (91) ou les Yvelines (78).

ESIL-events, votre expert en éclairage événementiel en Île-de-France, vous propose une solution modulable et performante. N'hésitez pas à nous contacter pour illuminer vos événements et découvrir comment ce pack peut transformer votre prochain événement en un moment magique!";82.5;99;;;Non;0;Oui;pack-projecteur-led-sur-batterie-x8;Location Pack de 8 Projecteurs Led  Batterie en IDF;Illuminez vos événements avec notre Pack de 8 Projecteurs Led sur batteries. Idéale pour mariages, soirées d'entreprise, éclairage  pour salle de réception.;Location Pack Projecteur Ambiance sur Batterie 8, location projecteur ambiance paris 75, Location éclairage événementiel IDF,Location éclairage sans fil Yvelines 78, location matériel événementiel ile de france, ambiance lumineuse pour mariage IDF, éclairage soirée entreprise 75;;06/05/2025
28ba32cb-8018-4ceb-81bc-866525a776f0;Pack son TERMINATOR - 4000W  ;PACK TERMINATOR;technique;nos-packs;packs-sonorisation;"**Île-de-France : Libérez la Puissance Sonore avec le Pack TERMINATOR 4000W !**

Particuliers, pros, institutions : vivez une expérience sonore immersive avec le Pack TERMINATOR. Ses 4000W, délivrés par 2 enceintes Opera Reevo 212 et 2 subs PDY218SA, transforment mariages, séminaires et événements corporate en moments inoubliables en Île-de-France. La clarté exceptionnelle de l'Opera Reevo 212 sublime chaque note, des basses profondes aux aigus cristallins.

Idéal pour sonoriser vos événements en Seine-et-Marne (77), dans les Yvelines (78) ou à Paris (75), ce système compact s'adapte à tous les espaces. Imaginez l'impact d'un son impeccable lors d'une conférence, d'un concert ou d'une soirée dansante ! Le Pack TERMINATOR, c'est l'assurance d'un son puissant et précis.

Amplifiez l'ambiance de vos événements dans le 91, 92, 93, 94 et 95. Combinez le TERMINATOR avec nos jeux de lumière et notre mobilier design pour créer une atmosphère unique. Contactez ESIL-events, votre partenaire événementiel de confiance en Île-de-France, pour une location adaptée à vos besoins.";165.83;199;;;Non;0;Oui;pack-son-terminator-4000w;Pack Son 4000W TERMINATOR - Location Événementiel Île-de-France;Son exceptionnel pour vos événements en Île-de-France ! Louez le pack TERMINATOR 4000W pour une expérience immersive. Mariages, séminaires, soirées.;pack son 4000w location, location pack sono île-de-france, sonorisation événementielle paris, location enceinte active paris, pack son terminator, location matériel sonorisation événement, location sono mariage île-de-france, location sono séminaire paris, location matériel événementiel 75, location système son puissant;;21/11/2025
6411304a-4e0b-4157-ba1b-0711da38ea6b;Pack Son XTREM - 6000W ;Pack XTREM;technique;nos-packs;packs-sonorisation;"**Pack Son XTREM : L'excellence sonore ESIL-events en Île-de-France !**

Transformez vos événements en expériences immersives avec le Pack Son XTREM 6000W. Particuliers, entreprises, institutions : profitez d'une qualité audio inégalée en Île-de-France pour vos mariages, séminaires, soirées ! Ses 2 enceintes Opera Reevo 212 et 4 subwoofers 18"" garantissent un son exceptionnel.

L'Opera Reevo 212 offre une clarté impressionnante. Imaginez ce système combiné à nos jeux de lumière pour sublimer vos événements en Seine-et-Marne (77) ou dans les Yvelines (78). Compact et puissant, idéal pour un mariage mémorable ou une conférence impactante dans le Val-d'Oise (95).

Pour une soirée d'entreprise réussie dans le 75, associez le Pack Son XTREM à nos services de régie et d'animation. ESIL-events, votre partenaire événementiel de confiance en Île-de-France. Contactez-nous pour la location de votre Pack Son XTREM et donnez vie à vos projets en région parisienne !";215.83;259;;;Non;0;Oui;pack-son-xtrem-6000w;Pack Son XTREM 6000W Location Paris | ESIL Events Premium;Son XTREM pour un événement inoubliable en Île-de-France ! Location Pack Son 6000W premium pour mariages, soirées d'entreprise. Qualité et puissance garanties. ;Pack Son XTREM 6000W, location pack sono Paris, sonorisation événementielle Île-de-France, location sono mariage 77, location matériel sonorisation professionnel, location sono soirée entreprise, location enceinte active Paris, location subwoofers événementiel, ESIL Events sonorisation, pack son 6000W professionnel;;21/11/2025
e8d9163d-706c-47da-90b3-9a6c6fdd0af8;Pack VIP PRO Sono et Éclairage  ; Pack VIP PRO Sono et Éclairage  ;technique;nos-packs;packs-sonorisation-et-eclairage;"**Transformez vos événements en Île-de-France avec le Pack VIP PRO Sono et Éclairage !**

Le Pack VIP PRO Sono et Éclairage est la solution clé en main pour des événements inoubliables de 20 à 80 personnes. Sonorisation puissante (2x400W RMS), jeux de lumière LED dynamiques et machine à fumée Fog 800 s'associent pour créer une ambiance festive inégalée. 

Facile à installer, il comprend : 
- 2 Enceintes Active  (Bluetooth, Ordinateur, Portable.) 2x200W RMS avec pieds
- 2 Barre de 4 jeux Lumière LED avec pieds Lumière
- 1 Machine a Fumée
- 2 Micros HF
- 1 Câble RCA-Dock 3.5 Ordinateur
- 1 Câbles XLR/XLR
- 4 Câbles alimentation

Location du vendredi au lundi.

Attention tarif promotionnel non applicable sur les périodes du 21 juin, 13 juillet et 31 décembre

Particuliers, illuminez vos anniversaires et mariages! Professionnels d'Île-de-France, dynamisez vos séminaires et soirées d'entreprise! Imaginez ce pack associé à notre service de location de mobilier pour un événement clé en main en Seine-et-Marne (77), dans les Yvelines (78) ou à Paris (75).

Ne laissez plus le hasard gâcher vos événements. Louez le Pack VIP PRO Sono et Éclairage chez ESIL-events et offrez une expérience sonore et visuelle exceptionnelle à vos invités, partout en Île-de-France !";99.17;119;;;Non;0;Oui;pack-vip-pro-sono-et-eclairage;Location pas chère Pack VIP PRO Sono & Lumière ;Louez chez esil-events notre Pack VIP PRO  sono - éclairage complet pour soirées de  mariages ,anniversaire soirée entreprise .installation facile et rapide . ;Location Pack VIP PRO 78, Sono et Lumière mariage yvelines, Location matériel événementiel 75, Location Éclairage événementiel, Sonorisation événementielle IDF, Location Pack sono mariage 78, Louer Pack lumière soirée entreprise ;;06/05/2025
ee30215a-4bde-4cf2-bdab-cba62f0b2719;Pack VIP Sono et Éclairage – Kit Complet pour Soirée, Mariage, Concert;Pack VIP;technique;nos-packs;packs-sonorisation-et-eclairage;"Le Pack VIP Sono et Éclairage est la solution idéale pour animer vos événements, qu'il s'agisse d'un anniversaire, d'un mariage, ou de tout autre événement entre 20 et 80 personnes. Ce kit tout-en-un comprend deux enceintes amplifiées, un ensemble de lumières LED pour créer une ambiance dynamique, et plusieurs accessoires pour vous permettre de diffuser un son cristallin et une lumière éclatante. Facile à installer, il convient aussi bien aux particuliers qu'aux professionnels.

Les enceintes, d'une puissance totale de 2 x 200W RMS, offrent une qualité sonore exceptionnelle, tandis que les jeux de lumière LED (dont un projecteur LED Disco, un jeu de lumière LED Devil, et un jeu de lumière Derby) illuminent la piste de danse avec des effets visuels spectaculaires.

Le Pack VIP est conçu pour répondre à toutes vos exigences en matière de sonorisation et d’éclairage pour une soirée réussie. N’hésitez pas à demander des conseils d’installation à nos experts pour maximiser votre expérience.

Facile à installer, il comprend : 
- 2 Enceintes Active  (Bluetooth, Ordinateur, Portable.) 2x200W RMS avec pieds
- 1 Barre de 4 jeux Lumière LED avec pieds Lumière
- 1 Micro HF
- 1 Câble RCA-Dock 3.5 Ordinateur
- 1 Câbles XLR/XLR
- 3 Câbles alimentation

Location du vendredi au lundi.

*Attention tarif promotionnel non applicable sur les périodes du 21 juin, 13 juillet et 31 décembre.";70.83;85;;;Non;0;Oui;pack-vip-sono-et-eclairage-kit-complet-pour-soiree-mariage-concert;Pack Sono & Lumière VIP | Location Événement Paris & France;Louez le Pack VIP Sono et Éclairage pour une soirée, un mariage ou un concert inoubliable ! Kit complet premium, facile à installer. Livraison en Île-de-France et partout en France. Demandez un devis !;Pack Sono Éclairage, Location Sono, Location Lumière, Kit Sono Mariage, Éclairage Événementiel, Pack VIP, Location Paris, Location Île-de-France, Soirée Réussie, Concert Privé, Location France, ESIL-events, Événementiel Premium;;06/05/2025
0390c855-5211-4ab4-8c85-33d3d5336d5c;Panneau 24 LEDs UV de 3W;Panneau 24 LEDs UV de 3W;technique;eclairage;projecteur-uv;"**Illuminez vos soirées en Île-de-France avec le Panneau UV 24 LEDs ESIL-events !** Transformez vos événements en expériences inoubliables avec cet éclairage UV puissant. Son design incurvé maximise la couverture, parfait pour soirées fluo, concerts, ou même plateaux TV grâce à sa fréquence de 4kHz. Particuliers, professionnels, institutions : créez l'ambiance idéale en un instant.

Ce projecteur UV 3W, contrôlable en DMX, son actif, automatique et maître/esclave, offre une flexibilité inégalée. Dimensions compactes (230 x 353 x 122 mm) et support de suspension inclus pour une installation facile. Poids : 2,3 kg. Intensité réglable (gradateur 0-100%) et stroboscope variable pour des effets personnalisés.

Imaginez un mariage éclatant en Seine-et-Marne (77), un séminaire d'entreprise dynamique dans les Hauts-de-Seine (92), ou une animation institutionnelle marquante à Paris (75). Combinez-le avec nos machines à fumée pour un effet spectaculaire. Besoin d'une ambiance unique en Île-de-France ? Contactez ESIL-events pour une location facile et un événement réussi !";29.17;35;;;Non;0;Oui;panneau-24-leds-uv-de-3w;Panneau LED UV 3W - Location Lumière Événementiel Paris;location projecteur UV  24 LEDs 3W. Effets spectaculaires garantie.facile et rapide à installer pour vos prestations de soirée disco, bal, soirée d'entreprise.;Location panneau 24 LEDs UV 3W paris 75, location projecteur UV Paris, éclairage événementiel Île-de-France, location lumière noire événement, location matériel lumière UV, soirée fluo Paris IDF, projecteur UV DMX location Yvelines 78, animation UV événementiel, lumière noire 3W location;;05/05/2025
e0aa6bed-bed0-46c0-8738-8f36eb3adca7;Panneau à LED UV 36x3W ;Panneau à LED UV 36x3W ;technique;eclairage;projecteur-uv;"**Illuminez vos événements en Île-de-France avec l'intensité UV d'ESIL-events !**

Le Panneau à LED UV 36x3W transforme vos soirées en expériences lumineuses inoubliables. Doté de 36 LEDs UV de 3W, ce projecteur offre une lumière noire puissante, idéale pour révéler les couleurs fluo et créer une ambiance immersive. Particuliers, professionnels, institutions : dynamisez vos événements, des mariages aux séminaires d'entreprise en passant par les soirées étudiantes dans le 75, 77, 78, 91, 92, 93, 94, et 95 !

Facile à intégrer grâce à ses 4 modes (DMX, son, auto, maître/esclave), ce projecteur s'adapte à toutes vos configurations. Imaginez-le associé à nos machines à fumée et jeux de lumière pour une ambiance clubbing incomparable. Dimensions : 370 x 90 x 260 mm, poids : 3,5 kg. Parfait pour sublimer vos événements en Île-de-France.

Besoin d'une touche fluorescente pour votre prochain événement en Île-de-France ? Contactez ESIL-events pour la location de votre panneau LED UV et faites briller vos soirées !";37.5;45;;;Non;0;Oui;panneau-a-led-uv-36x3w;Panneau LED UV 36x3W  Location Événementiel IDF ;Illuminez vos événements en Île-de-France avec notre panneau LED UV  très puissant .Facile et rapide à installer .ambiance garantie. Faites briller vos soirées;location panneau LED UV 36x3W paris 75, location projecteur UV Ile-de-France, Location lumière noire événementiel Paris, location matériel éclairage événementiel, projecteur UV soirée fluo Yvelines 78, location lumière UV 75, animation lumière noire mariage, location éclairage événementiel 92, projecteur UV professionnel IDF , Location effet lumière événementiel;;05/05/2025
019eb8a4-5207-42ad-95ce-fa5cb8a06119;PAR COB UV 150W;PAR COB UV 150W;technique;eclairage;projecteur-uv;"**Transformez vos événements en expériences UV inoubliables en Île-de-France !**

Le PAR COB UV 150W d'ESIL-events, c'est la puissance de la lumière noire nouvelle génération. Particuliers, professionnels, institutions : créez une ambiance fluo spectaculaire pour vos soirées, concerts, ou événements d'entreprise. Sa LED COB de 150W offre un rendu lumineux intense et uniforme, surpassant les anciennes lampes halogènes tout en consommant moins.

Avec ses modes DMX, contrôle sonore, programme intégré et maître-esclave, ce projecteur UV s'adapte à toutes vos configurations, des petites soirées privées aux grands événements en Seine-et-Marne (77) ou dans les Yvelines (78). Dimensions : 270 x 320 x 320 mm. Poids : 6,5 kg.

Imaginez : mariages fluorescents en Essonne (91), team buildings éclatants dans les Hauts-de-Seine (92), ou soirées étudiantes mémorables en Seine-Saint-Denis (93). Combinez-le avec nos machines à fumée et nos jeux de lumière pour un impact maximal. Contactez ESIL-events pour illuminer vos événements dans le Val-de-Marne (94) et le Val-d'Oise (95). Location facile et rapide à Paris (75) et dans toute l'Île-de-France !";37.5;45;;;Non;0;Oui;par-cob-uv-150w;Location PAR COB UV 150W - Éclairage Événementiel  (Paris);Louez le PAR COB UV 150 W pour un éclairage UV intense! Idéal soirées fluo, concerts, événements disco. Location en Île-de-France  rapide à installer .;Location PAR COB UV 150W paris 75, projecteur UV yvelines 78, lumière noire pour soirée disco paris 75, location éclairage événementiel, soirée fluo paris 75, éclairage scène, location matériel événementiel,location  projecteur UV Yvelines 78 , projecteur UV IDF ;;05/05/2025
1f0b6ce8-eb38-446f-a66b-b39c3c85b1a8;Photobooth selfie 360° pour votre événement;Photobooth  selfie 360;jeux;bornes-photos;photobooth;"**Photobooth Selfie 360° : L'animation immersive qui enflamme vos événements en Île-de-France .

Offrez à vos invités une expérience unique avec notre photobooth selfie 360° ! Capturez des vidéos spectaculaires jusqu'à 3 personnes simultanément pendant 4h. Idéal pour mariages féériques en Essonne (91), séminaires dynamiques dans les Yvelines (78) ou événements institutionnels prestigieux à Paris (75). Notre opérateur assure l'installation, la prestation et le démontage.

Imaginez des souvenirs originaux et partagés, boostant l'ambiance de vos soirées en Seine-et-Marne (77) ou vos célébrations familiales dans le Val-d'Oise (95). Le photobooth 360° sublime tous vos événements dans le Val-de-Marne (94) et la Seine-Saint-Denis (93)! Combinez-le avec notre régie son et lumière pour un effet ""waouh"" garanti !

Créez des souvenirs mémorables en Île-de-France avec ESIL-events. Contactez-nous pour une animation inoubliable !

Tarif sans Livraison et reprise (  prestation avec opérateur en Sup demandé un devis ) 
";430;516;;;Non;0;Oui;photobooth-selfie-360-pour-votre-evenement;Location Photobooth selfie 360°  en ile de France et France ;Location Photobooth selfi360° avec opérateur  durée de 3h00 en IDF installation - Prestation - Démontage pour mariage, anniversaire ,fête d'entreprise.;location photobooth selfie 360 location Île-de-France, borne selfie photo 360 Paris 75 , animation événementielle entreprise yvelines 78 , location photobooth mariage Versailles 78 , location borne selfie photos 92, photobooth 360 professionnel, location photobooth 360 événement, photobooth 360° pour votre événement 75 paris ,Location machine pour photos sur plateau tournant paris 75, location photobooth 360 pour soirée entreprise en ile de france, location photobooth 360 pour mariage, location photobooth 360 pour soirée à thème ;;18/05/2025
9a08f71a-223a-485c-a807-cbd3d246cc92;Pied d'enceintes/éclairage Gravity LS 431B;Pied enceintes ;technique;sonorisation;pied-d-enceinte;"**ESIL-events : Votre Son & Lumière, Stable et Élégant en Île-de-France !**

Le pied Gravity LS 431B, disponible à la location chez ESIL-events, est l'allié idéal pour vos événements en Île-de-France. Sa base carrée en acier assure une stabilité inégalée pour vos enceintes et éclairages, même les plus imposants (jusqu'à 20 kg). Particuliers, professionnels, institutions : sa hauteur réglable (1,42m à 2,42m) s'adapte à tous vos besoins, que ce soit pour un mariage intime en Seine-et-Marne (77) ou un séminaire d'entreprise dans les Hauts-de-Seine (92).

Ce pied robuste, doté d'un tube de 35mm et de taraudages M10/M20, est conçu pour une utilisation intensive. Imaginez-le sublimant votre éclairage lors d'une soirée dans le Val-de-Marne (94), ou soutenant vos enceintes pour un son optimal lors d'une conférence en Essonne (91). Sa finition noire discrète s'intègre parfaitement à tout type de décor.

Combinez le Gravity LS 431B avec nos enceintes et projecteurs pour une expérience immersive complète. Facilitez l'installation de votre matériel audio et lumière en louant ce pied d'enceinte stable et fiable. Contactez ESIL-events dès aujourd'hui pour illuminer vos événements en région parisienne (75) et dans tout le Val-d'Oise (95) !";12.5;15;;;Non;0;Oui;pied-denceinteseclairage-gravity-ls-431b;Location Pied Enceinte ou Éclairage Gravity  ESIL-Events;Location pieds à treuil  pour sonorisation ou éclairage pour vos événements. robuste et réglable. Location en Île-de-France et partout en ile de France. ;location Pied enceinte à treuil  Gravity LS 431B, location pied éclairage à treuil paris 75, location pied enceinte à treuil yvelines, location pied éclairage à treuil ile de france, location matériel sonorisation, location matériel événementiel,Location pieds à treuil pour events , événementiel professionnel, événementiel particulier;;24/04/2025
6692c37b-3808-46bb-95c1-2287cfb95096;Pied enceinte à treuil ;pied enceinte;technique;sonorisation;pied-d-enceinte;"**Dominez le son de vos événements en Île-de-France avec une stabilité inégalée !**

Le pied d'enceinte à treuil ESIL-events, référence en matière de sonorisation professionnelle, offre une sécurité et une flexibilité maximales. Son mécanisme d'enroulement et son verrouillage automatique garantissent un réglage précis et sécurisé, idéal pour mariages, séminaires ou événements institutionnels en Île-de-France. En acier robuste, il supporte jusqu'à 70 kg et s'adapte à toutes les enceintes grâce à son insert 35 mm.

De 134 à 205 cm, ajustez la hauteur pour une diffusion sonore optimale. Particuliers, professionnels, institutions, profitez d'une installation facile et d'une stabilité à toute épreuve. Imaginez-le combiné à nos jeux de lumière pour une ambiance inoubliable !

Louez dès aujourd'hui ce pied d'enceinte indispensable pour un son parfait lors de vos événements en Île-de-France (75, 77, 78, 91, 92, 93, 94, 95).";10;12;;;Non;0;Oui;pied-enceinte-a-treuil;Location Pied Enceinte à treuil pour DJ orchestre ;Louez un pied d'enceinte à treuil robuste (jusqu'à 70kg) pour sonorisation ou éclairage . Réglable et sécurisé. Location en Île-de-France et partout en France. ;location Pied enceinte paris , location pied enceinte à treuil ile de france , pieds à treuil  pour sonorisation événementielle, location matériel sonorisation, pied enceinte professionnel, événementiel Paris, location matériel événementiel, location matériel audio, pied d'enceinte pro, location pied enceinte Île-de-France;;24/04/2025
788d8f49-f751-4ab4-8605-1aa74e9b228a;Pied micro, avec perche;Pied micro;technique;sonorisation;micros-et-pieds-de-micros;"**Pied Micro Pro avec Perche : L'Élégance Sonore à Portée de Main en Île-de-France**

Besoin d'une solution audio fiable et adaptable pour votre événement en Île-de-France ? Le pied micro professionnel Vonyx, avec sa perche réglable, offre une stabilité et une flexibilité inégalées. Idéal pour les mariages intimistes en Seine-et-Marne (77), les séminaires d'entreprise dans les Hauts-de-Seine (92), ou les événements institutionnels à Paris (75), il garantit une prise de son impeccable. Sa hauteur ajustable (1.1m à 2.3m) et sa pince micro sécurisée s'adaptent à tous les besoins.

Ce pied micro est conçu pour faciliter vos performances et enregistrements. Son adaptateur fileté universel assure une compatibilité maximale. Léger (1.75kg) et compact une fois replié (900 x 90 x 70mm), il est facile à transporter et à installer. Imaginez-le combiné à nos micros sans fil Shure pour une conférence percutante dans le Val-d'Oise (95) ou à nos enceintes amplifiées pour un concert mémorable dans l'Essonne (91).

Que vous soyez un particulier organisant une fête de famille dans les Yvelines (78) ou un professionnel préparant un lancement de produit en Seine-Saint-Denis (93), ce pied micro est l'accessoire indispensable. Il apporte une touche de professionnalisme à chaque prestation. Disponible à la location chez ESIL-events, il est la garantie d'un son clair et précis pour tous vos événements dans le Val-de-Marne (94).";4.17;5;;;Non;0;Oui;pied-micro-avec-perche;Pied Micro Pro avec Perche - Location Son Île-de-France;Louez un pied micro pro avec perche Vonyx pour un son impeccable en Île-de-France. Stabilité, flexibilité & élégance. Devis rapide ! Idéal mariages & événements;pied micro avec perche, location pied micro Paris, pied micro professionnel, location matériel son Île-de-France, location pieds à micro conférence, location pieds à micro événementiel, location pied micro réglable, location micro mariage, installation son événementiel;;24/04/2025
85da9642-364d-4830-a9af-18af6f14694e;Platine laser Pioneer CDJ 900  ;Platine laser Pioneer CDJ 900 ;technique;sonorisation;tables-de-mixage-et-platines;"**Platine Pioneer CDJ-900 : Sublimez vos événements en Île-de-France !**

Offrez à vos soirées le son professionnel qu'elles méritent avec la platine laser Pioneer CDJ-900. Parfaite pour mariages, séminaires ou événements institutionnels en Île-de-France, elle offre une qualité sonore exceptionnelle et une compatibilité étendue (CD, USB, MP3, etc.). Sa compatibilité Rekordbox™ et la fonction ""Pro DJ Link"" optimisent vos sets.

Compacte (305x385x115,6mm) et légère (3,9kg), la CDJ-900 s'intègre facilement à votre installation, que ce soit à Paris (75) ou dans les Yvelines (78). Imaginez-la combinée à nos jeux de lumière et systèmes de sonorisation pour une ambiance inoubliable dans le Val-d'Oise (95) ou en Seine-Saint-Denis (93)!

Louez cette platine Pioneer CDJ-900 pour un événement réussi dans le Val-de-Marne (94) ou en Essonne (91). Contactez ESIL-events pour une solution clé en main en Seine-et-Marne (77) et Hauts-de-Seine (92).";37.5;45;;;Non;0;Oui;platine-laser-pioneer-cdj-900;Location platine laser Pioneer CDJ 900 IDF ;Louez le Pioneer DJ - CDJ 900, la platine laser professionnelle pour une sonorisation d'exception. Idéal pour vos événements, disponible en location.  ;location platine laser Pioneer CDJ 900 paris ,location platine laser Pioneer CDJ 900 ile de france, location platine laser Pioneer CDJ 900 region parisienne , platine laser Pioneer CDJ 900  pour dj , location platine laser Pioneer CDJ 900 pour DJ professionnel, location matériel son paris 75;;24/04/2025
484a3693-0070-4d36-91b0-f3bf07b59783;Platine Laser Sony DVP SR760H;Platine Laser Sony DVP SR760H;technique;video;videoprojecteur;"**Transformez vos événements en expériences HD inoubliables en Île-de-France !**

La platine laser Sony DVP SR760H, disponible à la location chez ESIL-events, sublime vos projections vidéo. Particuliers, professionnels, institutions : profitez d'une qualité d'image exceptionnelle grâce à sa conversion 1080p. Idéale pour soirées cinéma, séminaires en 77, présentations en 92, ou événements privés dans le 75.

Compatible DVD et USB, elle simplifie l'accès à vos contenus. Sa connexion HDMI unique garantit une installation rapide et une qualité optimale. Son prix attractif, 10€ HT, en fait un choix parfait pour vos événements en Île-de-France.

Besoin d'un vidéoprojecteur ? Combinez-la avec notre gamme complète pour une solution audiovisuelle complète. Contactez ESIL-events pour une location réussie dans toute l'Île-de-France (78, 91, 93, 94, 95).";16.67;20;;;Non;0;Oui;platine-laser-sony-dvp-sr760h;Location Platine Laser Sony HD pour Événements IDF;Location chez  esil-event platine laser Sony DVP SR760H Haute Définition avec qualité vidéo exceptionnelle lors de vos événements pour entreprise, ou mariage.  ;Location Platine Laser Sony DVP SR760H, Location platine laser 75, Location matériel vidéo paris 75, Location matériel événementiel yvelines , Location Platine Laser Sony Soirée cinéma 78,;;06/05/2025
37fb2a6c-03be-4972-a065-00e3d7950b7c;"Power Dynamics PD412A - Enceinte Active 12"", 1400 Watts, Bi-Amplifiée, Bluetooth ";Power Dynamics PD412A;technique;sonorisation;enceinte;"**Transformez vos événements en Île-de-France avec la puissance du son !**

L'enceinte active Power Dynamics PD412A (1400W) est la solution idéale pour un son clair et puissant. Particuliers, professionnels, institutions : profitez d'une bi-amplification classe D/AB, d'un DSP intégré et du Bluetooth pour une diffusion optimale. Son moteur de compression titane 1,35"" garantit une qualité sonore exceptionnelle.

Cette enceinte polyvalente s'adapte à tous vos besoins : mariages inoubliables, séminaires dynamiques, événements institutionnels impeccables. Facile à installer grâce à son insert 35mm, elle se combine parfaitement avec nos jeux de lumière et tables de mixage pour une ambiance sur mesure en Île-de-France.

Imaginez un son parfait pour votre événement dans le 75, 78 ou le 92. La PD412A est robuste, légère et performante. N'attendez plus, contactez ESIL-events pour une location réussie en Île-de-France et faites de votre événement un moment unique !";37.5;45;;;Non;0;Oui;power-dynamics-pd412a-enceinte-active-12-1400-watts-bi-amplifiee-bluetooth;Location Enceinte 300 W pour mariage anniversaire DJ ;Son exceptionnel pour vos événements en Île-de-France ! Louez l'enceinte Power Dynamics PD412A (1400W). Bluetooth, bi-amplifiée. Contactez ESIL-Events dès maint;location enceinte active Power Dynamics PD412A, location enceinte Bluetooth IDF, location sono événementiel Paris, location enceinte professionnelle 1400W, location enceinte sonorisation événement, location matériel son Île-de-France, location enceinte bi-amplifiée, Power Dynamics PD412A prix, sonorisation événementielle premium, location enceinte mariage IDF;;28/04/2025
4748403b-1c13-4648-9209-9add2c0285d9;"Power Dynamics PD615SA - Caisson de Basse Actif Professionnel 15"", 1000 Watts";Power Dynamics PD615SA;technique;sonorisation;sub;Le Power Dynamics PD615SA est un caisson de basse actif de 1000 Watts, idéal pour des événements tels que séminaires, conférences et concerts. Il délivre un son puissant avec un haut-parleur de 15 pouces et un SPL de 128 dB. Grâce à ses connectiques XLR et Jack 6,3 mm, il s’intègre facilement à des systèmes professionnels. Son insert pour pied d’enceinte de 35 mm permet une installation flexible. Avec une fréquence minimale de 35 Hz, il assure une couverture sonore optimale.;45.83;55;;;Non;0;Oui;power-dynamics-pd615sa-caisson-de-basse-actif-professionnel-15-1000-watts;Location Caisson Basse Actif Power Dynamics PD615SA - 1000W;Louez le caisson de basse Power Dynamics PD615SA (1000W) pour un son puissant et premium. Idéal séminaires, concerts. Livraison rapide en Île-de-France et toute la France. Qualité ESIL-events.;Power Dynamics PD615SA, caisson de basse actif, location caisson de basse, sonorisation événementielle, location sono, 1000 Watts, événementiel professionnel, événementiel particulier, location matériel sonorisation, Région parisienne, Île-de-France, Livraison France entière, ESIL-events, location matériel événementiel;;28/04/2025
6ba4f1d8-12e3-4469-8e66-02d8d9f92b40;Praticable 200 x 100 cm Hexa - Deck750;Praticable 200 x 100 cm ;technique;scene;scene-interieure-exterieure;" Description du Praticable 200 x 100 cm Hexa - Deck750 par ESIL-events.fr  pour touts  Vos Événements en Île-de-France

**Besoin d'une scène robuste et adaptable en Île-de-France?** Le praticable Deck750 est la solution idéale pour tous vos événements, des mariages intimes aux séminaires d'entreprise. Sa conception européenne garantit une qualité irréprochable et une durabilité à toute épreuve.

Ce praticable de 200 x 100 cm supporte jusqu'à 750 kg/m², assurant une sécurité optimale. Son plateau en contreplaqué antidérapant convient aussi bien aux espaces intérieurs qu'extérieurs. Sa compatibilité avec divers types de pieds (48,3 mm, 50x50 mm, 60x60 mm) en fait un élément polyvalent pour créer des scènes sur mesure dans le 75, 77, 78 et au-delà.

Imaginez une scène élégante pour votre mariage en Seine-et-Marne, un podium stable pour votre conférence à Paris, ou une estrade sécurisée pour votre événement institutionnel dans le 92. Combinez ce praticable avec nos jeux de lumière et systèmes de sonorisation pour une expérience immersive. Contactez ESIL-events pour une location sur mesure en Île-de-France !";33.33;40;;;Non;50;Oui;praticable-200-x-100-cm-hexa-deck750;Location Praticable 200x100 Hexa Deck750 - Scènes ;Louez  praticable 200x100 Hexa Deck750 pour vos scènes événementielles Robuste (750kg/m²) facile à installer. Location en Île-de-France livraison en France.  ;Location Praticable 200x100 paris 75, Location Praticable Hexa Deck750 paris 75, Location praticable Yvelines 78, Location Scène événementielle, Location scène pour séminaire paris 75, Location Podium événementiel Ile de france, Location podium,Location scène Paris 75 , Location matériel événementiel,Location scène Yvelines 78,Location scène pour évènementiel ile de france;;24/04/2025
1649a150-2f62-49a6-8850-3da2128c1dd6;Profilé pour jupe de scène,  pour praticable;Profilé pour jupe de scène, pour praticable;technique;scene;scene-interieure-exterieure;"Sublimez Vos Scènes en Île-de-France avec le Profilé Jupe ESIL-events.fr

Offrez une finition impeccable à vos scènes avec notre profilé en aluminium pour jupes de praticables. Compatible avec les modèles Deck750, Spiderdeck et Deck750PL, ce système ingénieux garantit une installation rapide et sans outils, idéale pour les professionnels de l'événementiel en Île-de-France. Son design argenté discret s'intègre parfaitement à tout décor, assurant une esthétique soignée pour vos mariages, séminaires ou événements institutionnels.

Ce profilé de 1970 x 57 x 14 mm (2,6 kg) assure une fixation solide et sécurisée de vos jupes de scène. Imaginez un rendu professionnel pour vos spectacles à Paris, un habillage élégant pour vos conférences dans les Yvelines, ou une finition impeccable pour vos événements d'entreprise en Seine-et-Marne. Combinez-le avec nos praticables et jupes de scène pour un résultat spectaculaire.

ESIL-events, votre partenaire événementiel de confiance en Île-de-France, vous propose ce profilé à la location. Facilitez l'installation de vos scènes et créez des ambiances uniques dans toute la région. N'hésitez pas à nous contacter pour en savoir plus !";12.5;15;;;Non;0;Oui;profile-pour-jupe-de-scene-pour-praticable;Profilé Alu  Jupe de Scène 197cm - Location Praticable ;Louez un profilé premium pour jupe de scène (197cm) pour vos praticables. Fixation rapide . Idéal pour événements en région parisienne et toute la France.;Profilé pour jupe de scène, location scène, location matériel événementiel ile de france, événementiel Paris, événementiel Île-de-France, location praticable Yvelines, location matériel de scène Paris 75;;24/04/2025
3c7637ba-21ce-4999-9c8f-26c78adb9cb9;Profilé pour jupe de scène, 97 cm pour praticable;Profilé pour jupe de scène, 97 cm pour praticable;technique;scene;scene-interieure-exterieure;"**Transformez vos scènes en Île-de-France avec élégance et simplicité!**

Ce profilé en aluminium est la solution idéale pour fixer vos jupes de scène sur les praticables Deck750, Spiderdeck et Deck750PL. Son système de fixation à crochets et boucle permet une installation rapide et sans outils, parfait pour optimiser le temps de préparation de vos événements en région parisienne. Avec ses dimensions de 970 x 57 x 14 mm et un poids de seulement 1,6 kg, ce profilé allie robustesse et maniabilité.

Que vous organisiez un mariage féérique en Seine-et-Marne (77), un séminaire d'entreprise innovant dans les Yvelines (78) ou un événement institutionnel prestigieux à Paris (75), ce profilé assure une finition impeccable et professionnelle. Sa couleur argent s'intègre discrètement à tout décor.

Associez ce profilé à nos jupes de scène et à nos praticables pour créer des espaces scéniques modulables et sophistiqués, adaptés à vos besoins spécifiques. N'hésitez pas à nous contacter pour une solution personnalisée et une location facile en Île-de-France !";6.67;8;;;Non;0;Oui;profile-pour-jupe-de-scene-97-cm-pour-praticable;Profilé Alu Jupe de Scène 97cm - Location Praticable ;Louez notre profilé pour jupe de scène (97cm) pour praticable et sublimez vos événements ! Installation facile et sécurisée. Qualité premium. Location en région parisienne et livraison dans toute la France. Contactez-nous pour un événement inoubliable !;Profilé pour jupe de scène, Location jupe de scène 78,Location  praticable ile de france, location matériel scène, location matériel événementiel, technique scène, événementiel, location Paris, location Île-de-France, location matériel événementiel France, organisation événementielle Yvelines, événements premium, régie son lumière 78, installation événementielle 75;;24/04/2025
b7c95c05-b1c5-48d7-bdc8-b1356fbce647;projecteur  lumière Retro blinder rb 90 beam z;Retro blinder rb 90 beam z;technique;eclairage;vintage;"**Illuminez vos événements en Île-de-France avec un éclairage vintage et performant !**

Le Retro Blinder RB 90 Beam Z d'ESIL-events apporte une touche rétro unique à vos événements. Ce jeu de lumière vintage, disponible à la location en Île-de-France (75, 77, 78, 91, 92, 93, 94, 95), offre un effet ""beam"" percutant, idéal pour concerts, soirées privées ou événements d'entreprise. À partir de 20€ TTC, créez une ambiance inoubliable.

Parfait pour mettre en valeur des moments clés, ce blinder s'intègre à merveille avec notre régie son et lumière pour une expérience immersive. Imaginez-le sublimant un discours lors d'un séminaire en région parisienne ou dynamisant une piste de danse pour un mariage en Essonne.

ESIL-events, votre partenaire événementiel en Île-de-France, vous propose une location simple et rapide. Contactez-nous pour illuminer votre prochain événement !";12.5;15;;;Non;10;Oui;projecteur-lumiere-retro-blinder-rb-90-beam-z;Location Blinder Rétro RB90 Beam Z - Lumière Vintage Paris;Illuminez vos événements en Île-de-France avec le blinder rétro RB90 Beam Z ! Effet vintage garanti. Location pour des scènes raffinées et dynamique . ;location blinder rétro RB90 beam z Paris, location jeux de lumière vintage Île-de-France, location éclairage événementiel rétro, location lumière vintage 75, location blinder soirée entreprise, location matériel lumière événementiel, location beam z région parisienne, blinder led rétro paris 75, location lumière événementiel vintage yvelines 78;;16/07/2025
7dd41a40-0309-48cc-a270-3a99df2f7fc0;Projecteur Architectural à LEDStar Color 128 ;Star Color 128 ;technique;eclairage;projecteur-led;"**Illuminez vos événements en Île-de-France avec le Star Color 128!** Ce projecteur architectural LED RGBW transforme instantanément l'ambiance de vos soirées privées, séminaires d'entreprise ou installations institutionnelles. Sa puissance et son mélange de couleurs précis, grâce à ses 16 LED 8W, offrent un éclairage spectaculaire pour chaque événement en région parisienne.

Robuste et fiable, le Star Color 128 résiste aux intempéries (IP65) et s'adapte à tous vos besoins, en intérieur comme en extérieur, de Paris (75) à la Seine-et-Marne (77). Imaginez un éclairage dynamique pour un mariage en Essonne (91), une façade illuminée en Yvelines (78), ou un festival haut en couleurs en Seine-Saint-Denis (93). Effets stroboscopiques, interface intuitive, installation facile…

Combinez-le avec nos solutions de régie son & lumière pour une expérience immersive complète. Envie d'une touche lumineuse unique pour votre prochain événement dans le Val-de-Marne (94) ou le Val-d'Oise (95)? Contactez ESIL-events pour la location de votre Star Color 128 dans les Hauts-de-Seine (92) et toute l'Île-de-France!";20.83;25;;;Non;0;Oui;projecteur-architectural-a-ledstar-color-128;Projecteur LED Star Color 128 W  Location Événementiel Paris;Illuminez vos événements en Île-de-France avec le Star Color 128 ! Location de projecteurs architecturaux LED premium pour une ambiance inoubliable. ;projecteur architectural LED Star Color 128 Yvelines 78, location projecteur LED événementiel Paris, éclairage événementiel Île-de-France, location lumière événementielle, projecteur LED RGBW location, location projecteur événementiel 75, location projecteur extérieur IP65, projecteur LED  architectural location paris 75, location éclairage mariage Paris, location projecteur soirée entreprise;;05/05/2025
ca19bd79-7f28-4c87-8e73-53a41f35cbd4;Projecteur FAL BLUE STAGE PRO 1000;Projecteur FAL BLUE STAGE PRO 1000;technique;eclairage;decoupe-et-poursuite;"**Projecteur FAL BLUE STAGE PRO 1000 : Illuminez vos événements en Île-de-France avec précision !**

ESIL-events vous propose le projecteur FAL BLUE STAGE PRO 1000, l'outil idéal pour un éclairage scénique de qualité professionnelle. Que vous soyez un particulier préparant un mariage inoubliable, une entreprise organisant un séminaire percutant en région parisienne ou une institution planifiant un événement d'envergure, ce projecteur est votre allié. Compatible avec des lampes halogènes GX9,5 (650-1000W), il offre un faisceau réglable pour un contrôle parfait de la lumière.

Sa conception robuste en aluminium et acier garantit une durabilité à toute épreuve, même lors d'événements intensifs. La lyre de fixation incluse facilite son installation, assurant une mise en place rapide et sécurisée. Imaginez un éclairage ciblé pour mettre en valeur les mariés, des présentations dynamiques lors de vos conférences en Île-de-France, ou une ambiance immersive pour vos spectacles.

Combinez le projecteur FAL BLUE STAGE PRO 1000 avec nos consoles d'éclairage et nos services de régie son et lumière pour une expérience complète. Besoin d'un éclairage sur-mesure pour votre événement dans le 77, 78 ou 91 ? Contactez ESIL-events pour une location simple et efficace en Île-de-France !";12.5;15;;;Non;0;Oui;projecteur-fal-blue-stage-pro-1000;Location Projecteur Scénique FAL BLUE STAGE PRO 1000;Louez le projecteur FAL BLUE STAGE PRO 1000 pour un éclairage scénique puissant et précis. Idéal concerts, théâtre et événements.  installation professionnelle;location projecteur FAL BLUE STAGE PRO 1000 paris 75, location projecteur scène professionnel yvelines, prix location projecteur événementiel, tarif projecteur halogène GX9.5, location jeux de lumière Paris, location éclairage scénique région parisienne, location projecteur théâtre concert paris 75, projecteur professionnel location France, quel projecteur pour spectacle vivant, location projecteur puissant haut de gamme, location projecteur théâtre concert Yvelines 78 , location projecteur théâtre concert IDF;;30/04/2025
d2bc08d9-3e4d-4e34-be9a-40934045d874;Projecteur Fresnel à LED 100 W Blanc-Chaud 3200 K, Zoom Motorisé ;Projecteur Fresnel à LED 100 W Blanc-Chaud 3200 K, Zoom Motorisé ;technique;eclairage;decoupe-et-poursuite;"**Illuminez vos événements en Île-de-France avec une lumière d'exception !**

Le projecteur Fresnel LED 100W blanc chaud (3200K) avec zoom motorisé est l'outil idéal pour créer une ambiance chaleureuse et professionnelle. Son zoom motorisé (25°-65°) offre une précision inégalée, parfaite pour les mariages intimistes en Seine-et-Marne (77) comme pour les grands événements corporatifs à Paris (75). Son indice de rendu des couleurs (CRI) de 97 garantit une fidélité des couleurs exceptionnelle.

Ce projecteur compact et silencieux, livré avec volets, élingue et cadre de couleur, est conçu pour les professionnels de l'événementiel en Île-de-France. Que vous organisiez un séminaire en Essonne (91), un spectacle en Seine-Saint-Denis (93) ou un événement institutionnel dans les Yvelines (78), il vous assure une qualité d'éclairage irréprochable. Sa gestion thermique intelligente garantit un fonctionnement discret.

Imaginez : des mariés sublimés par une lumière douce et naturelle, des présentations captivantes lors de conférences, des performances artistiques mises en valeur avec précision. Combinez ce projecteur avec nos solutions de sonorisation et nos services d'installation pour un événement clé en main. Contactez ESIL-events pour illuminer vos projets en région parisienne (92, 94, 95) !";37.5;45;;;Non;0;Oui;projecteur-fresnel-a-led-100-w-blanc-chaud-3200-k-zoom-motorise;location Projecteur Fresnel LED 100W Location Paris ;Sublimez vos événements en Île-de-France avec notre projecteur Fresnel LED 100W. Qualité pro, zoom motorisé? Projecteur pour défilée de mode ,théâtre. ;projecteur fresnel led 100w location paris, location projecteur fresnel blanc chaud 3200k Yvelines 78, éclairage événementiel professionnel île-de-france, location lumière mariage paris 75, projecteur zoom motorisé événementiel, location matériel éclairage spectacle paris, projecteur fresnel led location IDF, location projecteur fresnel led evenementiel, location eclairage evenementiel paris, location projecteur fresnel led 100w;;30/04/2025
3e3a9ac9-9db9-4276-90ed-4130f4e0bfbe;Projecteur Fresnel à LED 2 X 50 W, Mini, Blanc-Chaud ;Projecteur Fresnel à LED 2 X 50 W, Mini, Blanc-Chaud ;technique;eclairage;decoupe-et-poursuite;"**Illuminez vos événements en Île-de-France avec l'excellence ESIL-events !**

Le projecteur Fresnel LED 2 x 50 W Mini, disponible à la location chez ESIL-events, est la solution d'éclairage compacte et puissante dont vous rêviez. Son zoom manuel (25°-90°) et sa température de couleur réglable (2700K-6500K) offrent une flexibilité inégalée. Particuliers, professionnels, institutions : créez l'ambiance parfaite pour vos mariages, séminaires ou événements officiels en Île-de-France.

Ce projecteur garantit un rendu des couleurs exceptionnel (CRI 95, TLCI 98) pour des photos et vidéos impeccables. Sa compatibilité DMX 16 bits assure un contrôle précis. Imaginez-le associé à nos systèmes de sonorisation pour une expérience immersive. Bénéficiez d'une installation simple grâce à son élingue, ses volets et son cadre couleur inclus.

Louez dès aujourd'hui ce projecteur Fresnel LED Mini et transformez vos événements en moments inoubliables. ESIL-events, votre partenaire lumière en Île-de-France (75, 77, 78, 91, 92, 93, 94, 95). Contactez-nous pour une location simple et rapide !";29.17;35;;;Non;0;Oui;projecteur-fresnel-a-led-2-x-50-w-mini-blanc-chaud;Projecteur Fresnel LED Mini Blanc-Chaud- blanc froid ;Illuminez vos défilée de mode ou pièce de théâtre  avec notre projecteur Fresnel LED Mini. Location premium à Paris & Île-de-France. Rendu exceptionnel garanti.;location projecteur fresnel led mini paris 75, projecteur fresnel led blanc chaud location IDF, location eclairage evenementiel ile-de-france, location projecteur led professionnel YVELINES 78, projecteur fresnel location pas cher région parisienne , location projecteur fresnel dmx IDF, location lumiere evenementiel paris, esil-events projecteur fresnel;;30/04/2025
bc2b5adf-74ce-4566-8183-c43a084ea91d;Projecteur Fresnel à LED 200 W Blanc-Chaud ;Projecteur Fresnel à LED 200 W Blanc-Chaud ;technique;eclairage;decoupe-et-poursuite;"**Projecteur Fresnel LED 200W : Illuminez vos événements en Île-de-France avec une lumière d'exception !**

Transformez vos événements en scènes inoubliables avec notre projecteur Fresnel LED 200W blanc chaud. Idéal pour les mariages intimes comme pour les grands séminaires en Île-de-France, ce projecteur offre un éclairage précis et chaleureux, sublimant chaque instant. Son zoom motorisé (15°-60°), son rendu couleur exceptionnel (CRI 97, TLCI 98) et son fonctionnement silencieux en font un allié de choix pour les professionnels de l'événementiel et les institutions.

Ce projecteur, livré avec volets, élingue et cadre de couleur, est parfait pour créer l'ambiance désirée. Imaginez une lumière douce et enveloppante pour une réception privée dans le 78, ou un éclairage puissant et ciblé pour une conférence dans le 92. Sa compatibilité DMX simplifie l'intégration à vos systèmes existants. Combinez-le avec nos solutions de régie son et lumière pour un événement clé en main en Île-de-France.

Que vous soyez un particulier, une entreprise ou une institution basée dans le 93, le 94 ou le 95, ce projecteur Fresnel LED 200W vous garantit une performance optimale et une qualité d'éclairage irréprochable. Sa longue durée de vie (50 000h) et son système de gestion thermique intelligent assurent une utilisation durable et fiable. Contactez ESIL-events pour une location simple et rapide en Île-de-France.";45.83;55;;;Non;0;Oui;projecteur-fresnel-a-led-200-w-blanc-chaud;Location Projecteur Fresnel LED 200W Location Paris;Sublimez vos événements en Île-de-France ! Louez un projecteur Fresnel LED 200W blanc chaud. Éclairage pro, rendu exceptionnel. Contactez ESIL-Events ;projecteur fresnel led 200w blanc chaud location paris 75, location projecteur fresnel led paris, location lumière événementielle île de france, éclairage scène led professionnel, location projecteur mariage paris, projecteur découpe led 200w yvelines78, location matériel éclairage événementiel, projecteur fresnel led haute qualité, projecteur fresnel led 200w dmx, location projecteur Fresnel led 200w pour théâtre paris 75 , projecteur Fresnel led 200w pour défilée de mode Yvelines 78;;30/04/2025
f3b1f6e0-076e-47f3-9bf5-b7c3906bbdd2;Projecteur Led  6 X 10 W sur batterie DNA  ;Projecteur Led  6 X 10 W sur batterie DNA  ;technique;eclairage;projecteur-sur-batterie;"**Éclairez vos événements en Île-de-France avec le Projecteur Led DNA 6 X 10 W sur batterie!**

Transformez instantanément l'atmosphère de vos événements, qu'il s'agisse d'un mariage intimiste, d'un séminaire professionnel ou d'une réception institutionnelle en Île-de-France. Ce projecteur LED sur batterie DNA offre une solution d'éclairage flexible et autonome, idéale pour sublimer chaque espace. Sa portabilité et sa facilité d'installation en font un atout majeur pour créer une ambiance unique, sans contrainte de câblage.

Parfait pour illuminer des zones spécifiques, créer des effets de lumière dynamiques ou simplement ajouter une touche d'élégance à votre décor. Imaginez-le associé à nos jeux de lumière, nos solutions audio ou notre mobilier design pour une expérience immersive inoubliable. Sa batterie intégrée vous assure une liberté totale, particulièrement appréciable pour les événements en extérieur ou dans des lieux atypiques en Île-de-France.

Optez pour la solution d'éclairage simple et efficace. Contactez ESIL-events dès aujourd'hui pour illuminer votre prochain événement en Île-de-France!";29.17;35;;;Non;0;Oui;projecteur-led-6-x-10-w-sur-batterie-dna;Projecteur LED  IP65  sur Batterie DNA Événementiel IDF ;A louer projecteur LED DNA sur batterie IP65 . Eclairage de façades, décoration extérieur, décoration de salle, éclairage très puissant .Durée éclairage 15h00 ;Location projecteur led sur batterie IP 65 PARIS 75, location projecteur evenementiel idf, éclairage IP 65  sans fil évènement paris 75, projecteur led dna 6x10w, location lumiere mariage ile-de-france, eclairage evenementiel autonome, projecteur led portable, location projecteur led pas cher, eclairage evenementiel professionnel,Location projecteur led sur batterie IP 65 Yvelines 78,Location projecteur led sur batterie IP 65 IDF;;06/08/2025
9c62feb9-11cb-483a-8d35-d7277934ff6c;Projecteur Led  BTI-CYCLO;Projecteur Led  BTI-CYCLO;technique;eclairage;projecteur-led;"**ESIL-events vous illumine en Île-de-France !** Le projecteur LED BTI-CYCLO transforme vos événements.

Ce projecteur LED BTI-CYCLO, solution d'éclairage technique de pointe, sublime l'ambiance de vos soirées, séminaires ou événements institutionnels en Île-de-France. Sa technologie LED offre un éclairage puissant et modulable, idéal pour créer des effets visuels saisissants. Parfait pour les mariages en Seine-et-Marne (77) ou les événements d'entreprise dans les Hauts-de-Seine (92).

Imaginez une ambiance chaleureuse pour votre mariage en Essonne (91) ou un éclairage dynamique pour une conférence en Seine-Saint-Denis (93). Combinez-le avec nos régies son et lumière pour un spectacle inoubliable.

Confiez votre événement à ESIL-events en Île-de-France. Contactez-nous pour illuminer votre projet !";45.83;55;;;Non;0;Oui;projecteur-led-bti-cyclo;Location Projecteur LED BTI-CYCLO IP 65 Paris IDF;Illuminez vos événements avec le projecteur LED BTI-CYCLO pro. Location  en Île-de-France. Effets saisissants garantis pour théâtre, conférence ,spectacle.;projecteur led bti-cyclo location Yvelines 78, location projecteur led événementiel paris, éclairage événementiel île-de-france, location lumière scène paris, projecteur led mariage 77 91 92 93, location matériel éclairage professionnel, location projecteur led pas cher, projecteur led événement corporate, location projecteur led conférence,Location Projecteur LED BTI-CYCLO  PARIS 75,Location Projecteur LED BTI-CYCLO Yvelines 78,Location Projecteur LED BTI-CYCLO Versailles 78;;06/08/2025
13188f94-d197-4ed2-b357-bef0496e6bfe;Projecteur Led à Gobos DNA;Projecteur Led à Gobo;technique;eclairage;projecteur-led;"**Transformez vos événements en Île-de-France avec le Projecteur LED à Gobos DNA !**

Sublimez vos soirées privées ou professionnelles avec le Projecteur LED à Gobos DNA d'ESIL-events. Créez des ambiances uniques et personnalisées grâce à ses projections spectaculaires. Idéal pour les mariages féériques en Yvelines (78), les lancements de produits percutants dans les Hauts-de-Seine (92) ou les séminaires dynamiques en Seine-Saint-Denis (93). Son prix attractif de 55€ TTC en fait un atout incontournable.

Ce projecteur métamorphose l'atmosphère de vos événements en Île-de-France. Imaginez des motifs projetés sur les murs de votre salle de réception en Essonne (91) ou des logos illuminant votre stand dans le Val-de-Marne (94). Combinez-le avec nos services de régie son et lumière pour une expérience immersive complète.

ESIL-events, votre créateur d'événements inoubliables en Île-de-France, vous propose une solution d'éclairage innovante et abordable. Contactez-nous pour louer le Projecteur LED à Gobos DNA et illuminez votre prochain événement à Paris (75), dans le Val-d'Oise (95) ou en Seine-et-Marne (77).";45.83;55;;;Non;0;Oui;projecteur-led-a-gobos-dna-1;Location Projecteur Gobos LED DNA  Événementiel IDF ;Illuminez vos événements en Île-de-France avec le projecteur LED à Gobos DNA ! Effets spéciaux spectaculaires pour mariages, séminaires, gobo de Noel .;Location projecteur gobo led dna paris 75, location projecteur gobo paris, location projecteur gobo ile de france, eclairage evenementiel led, effets speciaux evenementiel paris, location lumière évènementielle Yvelines 78, location projecteur Gobos mariage paris 75, location projecteur logo evenement, projecteur gobo personnalisable, location materiel eclairage paris;;06/08/2025
c23f8042-4ee8-4b15-adde-f9aa53fbda2f;Projecteur Led à Gobos DNA;Projecteur Led à Gobos DNA;technique;eclairage;effets-speciaux;"**Transformez vos événements en Île-de-France avec le Projecteur LED à Gobos DNA !**

Illuminez vos soirées et marquez les esprits avec le Projecteur LED à Gobos DNA d'ESIL-events. Cet éclairage d'effets spéciaux, puissant et polyvalent, métamorphose instantanément l'ambiance de vos événements, qu'ils soient privés (mariages, anniversaires) ou professionnels (séminaires, lancements de produits) en Île-de-France. Créez des projections personnalisées et des jeux de lumière uniques pour un rendu visuel spectaculaire.

Le Projecteur LED à Gobos DNA est idéal pour donner une dimension mémorable à vos événements. Imaginez des motifs projetés sur les murs de votre salle de réception en Seine-et-Marne (77), des logos d'entreprise illuminant votre stand lors d'un salon dans les Hauts-de-Seine (92), ou des ambiances féériques pour un mariage dans les Yvelines (78). Combinez-le avec nos solutions de régie son et lumière pour une expérience immersive complète.

ESIL-events, votre partenaire de confiance en Île-de-France, vous accompagne dans la création d'événements inoubliables. Contactez-nous pour découvrir comment le Projecteur LED à Gobos DNA peut sublimer votre prochain événement en Essonne (91), dans le Val-d'Oise (95) ou à Paris (75)!";45.83;55;;;Non;0;Oui;projecteur-led-a-gobos-dna;Location Projecteur Gobos LED DNA  Événementiel IDF ;Illuminez vos événements en Île-de-France avec le projecteur LED à Gobos DNA ! Effets spéciaux spectaculaires pour mariages, séminaires, gobo de Noel .;Location projecteur gobo led dna paris 75, location projecteur gobo paris, location projecteur gobo ile de france, eclairage evenementiel led, effets speciaux evenementiel paris, location lumière évènementielle Yvelines 78, location projecteur Gobos mariage paris 75, location projecteur logo evenement, projecteur gobo personnalisable, location materiel eclairage paris;;06/08/2025
6cc1046b-b591-45e2-96e3-03a8aeb5ea5c;Projecteur LED architectural IP65 240W, DMX ;STAR-COLOR 240;technique;eclairage;projecteur-led;"**Illuminez vos événements en Île-de-France avec le Projecteur LED STAR-COLOR 240 !**

Le STAR-COLOR 240 de BeamZ, disponible chez ESIL-events, transforme vos espaces en scènes spectaculaires. Ce projecteur architectural LED IP65 de 240W est idéal pour sublimer mariages, séminaires ou événements institutionnels en Île-de-France. Ses 24 LEDs 10W (rouge, vert, bleu, blanc) offrent une lumière puissante et adaptable, parfait pour mettre en valeur l'architecture de vos lieux. Contrôlable via DMX, il s’adapte à toutes vos envies.

Sa robustesse IP65 garantit une utilisation sereine en extérieur, même en cas d'intempéries. Imaginez un éclairage dynamique pour une réception en Seine-et-Marne (77) ou une mise en lumière élégante d'un bâtiment dans les Yvelines (78). Facile à installer et à utiliser, il est parfait pour créer une ambiance mémorable. Combinez-le avec nos systèmes de sonorisation pour une expérience immersive complète.

ESIL-events vous propose ce projecteur performant pour vos événements en région parisienne (75) et dans toute l'Île-de-France. Donnez vie à vos projets d'éclairage ! Contactez-nous pour une location sur mesure.";45.83;55;;;Non;0;Oui;projecteur-led-architectural-ip65-240w-dmx;Location Projecteur LED 240 w Architectural IP65 IDF;Louez le projecteur LED architectural IP65 STAR-COLOR 240 BeamZ LED Idéale  pour un éclairage très Performant idéal en extérieur  Livraison en Île-de-France ;Location Projecteur LED architectural IP65 paris 75, location STAR-COLOR 240 BeamZ  yvelines 78, location projecteur LED IDF, éclairage événementiel PARIS 75, location éclairage événementiel idf, location lumière, location jeux de lumière, éclairage architectural, location matériel événementiel, location matériel éclairage pour mariage , événementiel Paris, éclairage extérieur LED esil-events Yvelines 78, BeamZ;;02/05/2025
1e259bb7-21aa-437e-8ff3-d120539de17d;Projecteur led retro vintage Ball;Projecteur led retro vintage Ball;technique;eclairage;vintage;"**Projecteur LED Rétro Vintage Ball : Illuminez vos événements en Île-de-France avec une touche d'élégance intemporelle !**

Ce projecteur LED rétro vintage Ball, disponible chez ESIL-events, apporte un cachet unique à vos événements. Son design vintage évoque le glamour des années passées, idéal pour créer une ambiance chaleureuse et sophistiquée en Île-de-France. Technique, mais esthétique, il s'intègre parfaitement à vos décors.

Parfait pour les particuliers souhaitant un mariage original, les professionnels organisant un séminaire d'entreprise ou les institutions valorisant leur patrimoine, ce projecteur offre un éclairage LED performant dans un écrin rétro. Imaginez-le combiné à nos guirlandes lumineuses pour une réception champêtre en Seine-et-Marne (77) ou pour illuminer un cocktail d'entreprise dans les Hauts-de-Seine (92).

Ce projecteur Ball est plus qu'un simple éclairage, c'est un élément de décoration à part entière. Contactez ESIL-events pour illuminer votre prochain événement en Île-de-France!";37.5;45;;;Non;0;Oui;projecteur-led-retro-vintage-ball;Location Projecteur LED Rétro Vintage Ball  Paris - IDF;Illuminez vos événements en Île-de-France avec un  charme rétro! Location projecteur LED vintage Ball pour mariages, séminaires, soirée entreprise, concert.;location projecteur led retro vintage ball paris, location projecteur vintage 75, éclairage événementiel île-de-france, location lumiere retro mariage 78, projecteur led vintage corporate sur paris, location projecteur evenementiel vintage IDF, eclairage ambiance vintage paris, projecteur vintage ball location Yvelines, location matériel éclairage retro paris, projecteur led vintage pour concert paris ;;20/11/2025
ba0c2363-fc30-4df1-a008-42465e8b9d39;Projecteur LED sur batterie 4x10W 6-en-1 RGBWA-UV - BBP94 ;BBP94 ;technique;eclairage;projecteur-sur-batterie;"**Illuminez vos événements en Île-de-France avec le projecteur LED BBP94 : La liberté de la lumière sans fil !**

Le BBP94 est le projecteur LED sur batterie idéal pour créer une ambiance unique, où que vous soyez en Île-de-France. Doté de 4 LEDs 10W RGBWA-UV, il offre une palette de couleurs infinie pour sublimer vos mariages, séminaires ou événements institutionnels. Sa batterie longue durée (jusqu'à 9 heures) vous libère des contraintes de câblage, parfait pour des installations rapides et efficaces.

Compact et facile à utiliser, le BBP94 se contrôle via DMX, mode audio, auto ou télécommande. Son pied ajustable permet un positionnement précis. Imaginez-le combiné à nos machines à fumée pour un effet spectaculaire lors de vos soirées dans le 78 ou pour mettre en valeur un discours important dans le 92.

Besoin d'une solution d'éclairage flexible et performante pour votre prochain événement en Île-de-France ? Le BBP94 est le choix parfait. Contactez ESIL-events dès aujourd'hui pour une location sur mesure dans le 75, le 93 ou ailleurs en région parisienne.";10;12;;;Non;0;Oui;projecteur-led-sur-batterie-4x10w-6-en-1-rgbwa-uv-bbp94;Projecteur LED Batterie BBP94 - Location Événementiel Île-de-France;Illuminez vos événements avec le projecteur LED BBP94 ! Location premium sur batterie en Île-de-France. Autonomie 9h, contrôle DMX. Demandez votre devis gratuit;projecteur LED sur batterie location, location projecteur RGBWA-UV, éclairage événementiel sans fil Paris, BBP94 location Île-de-France, location lumière mariage, projecteur LED DMX, location projecteur événementiel, éclairage scène mobile, location projecteur autonome, projecteur sur batterie ESIL Events;;02/05/2025
876a28f2-79a7-443a-82f4-f451681762ac;Projecteur LED sur batterie 6x12W 6-en-1 RGBWA-UV ;BBP96 ;technique;eclairage;projecteur-sur-batterie;"**Illuminez vos événements en Île-de-France avec une liberté totale !**

Le projecteur LED BBP96 d'ESIL-events révolutionne l'éclairage événementiel. Ce PAR LED sans fil 6-en-1 RGBWA-UV offre une autonomie jusqu'à 16h, idéal pour mariages, séminaires ou événements institutionnels en extérieur. Imaginez sublimer votre lieu de réception dans le 78 ou dynamiser une soirée d'entreprise dans le 92, sans contrainte de câblage. Contrôlez l'ambiance à distance via DMX ou en mode autonome, et profitez d'un éclairage performant, sans scintillement, pour des photos et vidéos parfaites.

Avec son pied intégré et son récepteur DMX sans fil, le BBP96 s'adapte à toutes vos configurations, des galas prestigieux dans le 75 aux team buildings conviviaux dans le 91. Sa polyvalence vous permet de créer des ambiances uniques grâce à un large éventail de couleurs. Combinez-le avec nos jeux de lumière et machines à fumée pour un spectacle inoubliable.

Léger (2,85 kg) et facile à installer (135 x 135 x 200 mm), ce projecteur transforme n'importe quel espace en un lieu magique. Sa source LED 6-en-1 (Rouge, Vert, Bleu, Ambre, Blanc, UV) et son angle de faisceau de 22° vous offrent une maîtrise totale de l'éclairage. Simplifiez votre logistique événementielle en Île-de-France. Contactez ESIL-events pour une location sur mesure !";16.67;20;;;Non;0;Oui;projecteur-led-sur-batterie-6x12w-6-en-1-rgbwa-uv;location Projecteur LED sur Batterie RGBWA-UV Location Paris;Illuminez vos événements en Île-de-France sans contrainte ! Louez le projecteur LED BBP96 RGBWA-UV sans fil pour une ambiance magique. Devis rapide et gratuit !;Location projecteur LED sur batterie paris 75, location projecteur LED RGBWA-UV Paris 75 , projecteur événementiel sans fil en Île-de-France, location lumière événementielle autonome Yvelines 78, projecteur led 6 en 1 location, location BBP96, projecteur led batterie evenementiel, éclairage evenementiel sans fil,Location projecteur LED sur batterie paris 75,Location projecteur LED sur batterie en yvelines78 ;;02/05/2025
ed08b41a-b654-441b-98eb-e53eb9c517ed;Projecteur mini sur batterie 4 x 4 W 4-en-1 RGBW IP65 - BBP44 ;IP65 - BBP44 ;technique;eclairage;projecteur-sur-batterie;"**Illuminez Vos Événements en Île-de-France avec le Mini Projecteur BBP44!**

Créez une ambiance inoubliable avec le projecteur LED BBP44, la solution d'éclairage mobile par excellence en Île-de-France. Parfait pour les mariages romantiques, les concerts dynamiques ou les expositions professionnelles, ce projecteur compact et étanche (IP65) transforme n'importe quel espace. Profitez de 25 heures d'autonomie grâce à sa batterie rechargeable et d'un contrôle facile via télécommande.

Avec ses 4 LEDs RGBW de 4W, le BBP44 offre une performance lumineuse optimale et économe en énergie. Ses modes d’éclairage programmables et son dimmer électronique (0-100%) vous permettent de personnaliser l'ambiance lumineuse de votre événement. Sa lyre de montage facilite l'installation, tandis que son angle de faisceau de 25° assure une diffusion précise de la lumière. Idéal pour éclairer des façades, des pistes de danse ou des stands d'exposition, il sublimera vos événements dans le 75, le 77, le 78, le 91, le 92, le 93, le 94 et le 95.

Imaginez l'associer à nos jeux de lumière pour une soirée dansante mémorable, ou à nos fontaines de scène pour un spectacle époustouflant. Sa facilité d'utilisation et sa robustesse en font un allié précieux pour tous vos événements en Île-de-France. **Contactez ESIL-events dès aujourd'hui pour illuminer votre prochain événement !**";12.5;15;;;Non;0;Oui;projecteur-mini-sur-batterie-4-x-4-w-4-en-1-rgbw-ip65-bbp44;Projecteur Mini Batterie RGBW IP65 Location en IDF ;Illuminez vos événements en Île-de-France avec le projecteur BBP44. Location projecteur mini sur batterie premium pour mariages, soirées, salons. Autonomie 25h.;projecteur mini sur batterie location Paris, location projecteur RGBW IP65 Île-de-France, éclairage événementiel sans fil, location projecteur mariage Paris, projecteur LED autonome location, projecteur BBP44 location, éclairage événementiel batterie, location lumière événementielle premium, projecteur sans fil événement, mini projecteur location;;02/05/2025
05bdd5ea-df46-4368-8cc6-8afe63a5042a;Projecteur retro vintage led ;Projecteur retro vintage led ;technique;eclairage;vintage;"Voici une description détaillée et persuasive pour le projecteur rétro vintage LED :

**Illuminez vos événements en Île-de-France avec une touche d'élégance intemporelle !** Le projecteur rétro vintage LED d'ESIL-events apporte une ambiance unique à vos événements, qu'il s'agisse d'un mariage romantique en Seine-et-Marne (77), d'un séminaire d'entreprise en Hauts-de-Seine (92) ou d'une réception institutionnelle à Paris (75).

Ce projecteur allie le charme du design vintage à la performance de la technologie LED. Parfait pour créer une atmosphère chaleureuse et originale, il sublimera vos espaces et mettra en valeur vos moments forts. Imaginez-le combiné à nos guirlandes lumineuses pour un mariage champêtre ou à nos jeux de lumière sophistiqués pour une soirée d'entreprise mémorable.

Que vous soyez un particulier, une entreprise ou une institution en Île-de-France, le projecteur rétro vintage LED est l'accessoire idéal pour personnaliser votre événement. Contactez ESIL-events pour une location sur mesure dans les Yvelines (78), l'Essonne (91), la Seine-Saint-Denis (93), le Val-de-Marne (94) ou le Val-d'Oise (95) et donnez vie à vos projets !";45.83;55;;;Non;0;Oui;projecteur-retro-vintage-led;Location Projecteur Rétro Vintage à LED - Paris et IDF ;Illuminez vos événements d'entreprises, mariages, concerts, bals, avec nos projecteurs rétro vintage LED ! Ambiance unique garantie facile à installer .;location projecteur retro vintage led paris , location projecteur vintage led Yvelines 78, projecteur led vintage pour mariage 78, Location ambiance lumineuse mariage IDF , location matériel événementiel 75, Location éclairage retro vintage pour scène Paris ile de France , location projecteur Led retro versailles ,location projecteur retro vintage led pour soirée entreprise sur paris ,location projecteur  vintage à  led en IDF ,Location projecteurs led vintage pour scènes concert paris ;;19/11/2025
227dd545-3432-4124-89ce-8b5efe8436e3;Projecteurs  LED sur batterie DNA;Projecteurs  LED sur batterie DNA;technique;eclairage;projecteur-sur-batterie;"**Illuminez vos événements en Île-de-France avec les Projecteurs LED sur Batterie DNA d'ESIL-events !**

Les projecteurs LED sur batterie DNA offrent une solution d'éclairage flexible et performante, idéale pour sublimer vos événements en Île-de-France. Libérez-vous des contraintes de câblage et créez une ambiance unique, où que vous soyez. Parfaits pour les mariages intimistes dans le 77, les séminaires d'entreprise dans le 92 ou les événements institutionnels à Paris (75), ces projecteurs apportent une touche de magie et de professionnalisme.

Ces projecteurs LED sur batterie DNA représentent la solution lumière nomade par excellence. Imaginez une mise en scène lumineuse personnalisée pour votre cocktail en extérieur, un éclairage architectural subtil pour votre salle de réception, ou un balisage élégant pour guider vos invités. Leur autonomie et leur facilité d'installation en font un atout précieux pour tous vos événements en Île-de-France.

Optimisez l'ambiance de vos événements en combinant ces projecteurs avec nos services de régie son et lumière, pour une expérience immersive complète. Contactez ESIL-events dès aujourd'hui pour illuminer vos projets en Île-de-France !";16.67;20;;;Non;0;Oui;projecteurs-led-sur-batterie-dna;Location Projecteurs LED sur Batterie DNA  Île-de-France;Illuminez vos événements en Île-de-France avec nos projecteurs LED sur batterie DNA ! Location premium pour mariages, séminaires , événements divers ,bal.;Location projecteurs LED sur batterie DNA Yvelines 78, location projecteurs LED Île-de-France, éclairage événementiel sans fil paris 75, location lumière événementielle Paris, projecteur sur batterie mariage IDF, éclairage séminaire entreprise IDF, location matériel éclairage événementiel 78,Location  projecteurs LED  autonomes  ile de france, location projecteurs LED 77, location projecteurs LED 92;;06/08/2025
070ddc42-5bcf-4c31-8683-59edf5e24d67;Projecteurs sur batterie IP 65 DNA;Projecteurs sur batterie IP 65 DNA;technique;eclairage;projecteur-sur-batterie;"**Illuminez Vos Événements en Île-de-France avec Élégance et Autonomie!**

Les Projecteurs sur Batterie IP65 DNA d'ESIL-events transforment vos espaces en Île-de-France. Leur autonomie et leur résistance aux intempéries (IP65) offrent une flexibilité inégalée pour éclairer vos mariages, séminaires ou événements institutionnels, même en extérieur. Imaginez une ambiance chaleureuse et modulable sans contraintes de câblage, que ce soit pour un dîner romantique dans le 78 ou une conférence dans le 92.

Ces projecteurs, discrets mais puissants, permettent de créer des jeux de lumière personnalisés, valorisant l'architecture et l'atmosphère de vos événements. Parfaits pour mettre en scène une piste de danse ou souligner l'élégance d'un buffet. Combinez-les avec nos services de régie son & lumière ESIL pour une expérience immersive complète, unique en Île-de-France.

Pour une touche finale inoubliable, explorez nos options d'éclairage architectural et nos solutions d'animation lumineuse. Contactez ESIL-events et illuminez vos projets événementiels en Île-de-France avec une solution pratique et élégante.
Le kit est un ensemble composé d'un projecteur intérieur/extérieur avec batterie intégrée, d'un anneau de finition amovible et d’accessoires de décoration, dont une sphère et un tube à effet. Ces accessoires décoratifs peuvent être facilement montés sur le projecteur à l'aide d’un système magnétique. Le projecteur est équipé de 6 LEDs RGBWA-UV 15 W à haute efficacité pour créer un spectre de couleurs lumineux, intense et puissant, et peut être contrôlé via DMX sans fil ou via Wi-Fi (App). Lorsqu'il est complètement chargé, ce projecteur peut fonctionner pendant 15 heures au plus (en fonction de la couleur et de l'intensité), le temps de charge est d'environ 8 heures. Ce projecteur est silencieux, car aucun ventilateur n'est utilisé.";25;30;;;Non;0;Oui;projecteurs-sur-batterie-ip-65-dna;Location Projecteurs décoration sur Batterie - IP65 DNA ;Location projecteurs sur batterie IP65 DNA .Accessoires décoratifs Avec anneau de finition magnétique, avec sphère et partie supérieure en forme de tube;Location  projecteurs sur batterie IP65 DNA paris 75, location projecteur événementiel Paris, éclairage sans fil IDF, location lumière mariage Île-de-France, projecteur autonome événement Yvelines 78 , location projecteur IP65, éclairage événementiel extérieur Paris, lumière sur batterie pour décoration mariage paris 75,Location projecteurs sur batterie IP65 pour décoration de salle Yvelines 78,Location  projecteurs sur batterie IP65 décoration de salle paris75 ;;05/08/2025
701cdb53-636d-4108-9769-9d03f3cf40a2;Rideau LED 96 x LED Blanc Froid, 3 x 2 m avec Contrôleur ;Rideau LED 96 x LED Blanc Froid, 3 x 2 m avec Contrôleur ;technique;eclairage;effets-speciaux;"**Illuminez vos événements en Île-de-France avec notre rideau LED, l'atout lumière qui transforme l'ordinaire en extraordinaire!**

Ce rideau LED 96 x LED Blanc Froid (3x2m) avec contrôleur ESIL-events métamorphose vos espaces en un clin d'œil. Particuliers, professionnels, institutions : créez une ambiance unique pour mariages, séminaires, ou événements d'entreprise en Île-de-France. Son éclairage blanc froid, géré par un contrôleur intuitif, offre une personnalisation totale de l'intensité et des effets lumineux. Dimensions : 920 x 190 x 390 mm, puissance 100W.

Imaginez un mariage féérique en Seine-et-Marne (77), un lancement de produit spectaculaire dans les Hauts-de-Seine (92), ou une soirée d'entreprise mémorable à Paris (75). Facile à installer, léger (7,15 kg), il s'intègre parfaitement à nos systèmes son et lumière, créant une expérience immersive incomparable. Télécommande infrarouge et pied tripode inclus.

Sublimez vos événements en Val-d'Oise (95), Essonne (91), Yvelines (78), Seine-Saint-Denis (93) et Val-de-Marne (94). Contactez ESIL-events dès aujourd'hui pour une location de rideau LED qui fera briller votre événement en Île-de-France!";37.5;45;;;Non;0;Oui;rideau-led-96-x-led-blanc-froid-3-x-2-m-avec-controleur;Rideau LED Blanc Froid 3x2m - Location Événementiel IDF;Sublimez vos événements en Île-de-France avec notre rideau LED blanc froid. Ambiance féérique garantie! Location premium, installation facile. Demandez un devis;location rideau LED événementiel Paris, rideau LED blanc froid 3x2m, location lumière événementiel IDF, éclairage scène mariage Paris, rideau lumineux événementiel, location effets spéciaux Paris, rideau LED avec contrôleur, animation lumineuse événementiel, location matériel événementiel premium;;02/05/2025
13eec256-ffac-47ec-be16-89baf3d6beb0;Rideau LED 96 x LEDs R/G/B/W, 3 x 2 m avec Contrôleur;Rideau LED 96 x LEDs R/G/B/W, 3 x 2 m avec Contrôleur;technique;eclairage;effets-speciaux;"**Transformez vos événements en Île-de-France avec le Rideau LED ESIL-events!**

Le rideau LED SPW96 (3x2m) sublime vos soirées, mariages ou événements pro. Ses 96 LEDs RGBW créent des ambiances personnalisées via DMX ou en mode autonome. Particuliers, professionnels, institutions : illuminez vos espaces en Île-de-France! Facile à installer grâce aux serre-câbles, il inclut 20 shows préprogrammés, mode audio et auto.

Ce rideau ignifugé assure sécurité et impact visuel. Idéal pour les DJ mobiles et les organisateurs d'événements en Seine-et-Marne (77) ou dans les Yvelines (78). Combinez-le avec nos projecteurs et systèmes son pour une expérience immersive. Pilotage aisé via télécommande RF.

Pour une mise en scène lumineuse réussie dans le Val-d'Oise (95) ou l'Essonne (91), pensez à ESIL-events. Contactez-nous pour magnifier votre prochain événement en Île-de-France !";37.5;45;;;Non;0;Oui;rideau-led-96-x-leds-rgbw-3-x-2-m-avec-controleur;Rideau LED RGB R3x2m Location Île-de-France ;Sublimez vos événements avec notre rideau LED 3x2m! Location premium en Île-de-France. Effets lumineux garantis pour soirées inoubliables. Devis rapide et perso;location rideau LED 3x2m paris, rideau led evenementiel ile-de-france, location effets spéciaux lumiere, rideau led rgbw location IDF, eclairage evenementiel professionnel, location materiel evenementiel paris, location rideau led dmx Yvelines 78, animation lumineuse mariage;;05/05/2025
6681cefb-f5fc-47d6-bc39-e852b9c548f8;Set de connecteurs, Structure aluminium carrée - P30;Set de connecteurs, Structure aluminium carrée - P30;technique;structure;accessoires-structure;"**Description optimisée pour ESIL-events :**

**Solidité & Sécurité pour vos Structures Événementielles en Île-de-France !** Ce set de connecteurs P30 est la clé d'une structure aluminium fiable et robuste pour vos événements. Que vous organisiez un mariage féérique en Seine-et-Marne (77), un séminaire corporate dans les Hauts-de-Seine (92) ou un événement institutionnel à Paris (75), ce kit assure une fixation optimale.

Composé de 4 connecteurs coniques, 8 goupilles et 8 clavettes de sécurité, ce set est conçu pour une installation rapide et sécurisée. Sa compatibilité avec le système P30 offre une flexibilité maximale pour des configurations sur mesure. Léger et facile à manipuler, il simplifie vos montages de scène, garantissant un rendu professionnel.

Idéal pour compléter votre location de structures chez ESIL-events, ce set de connecteurs P30 vous assure une base solide pour vos éclairages, écrans ou décors. Optimisez vos événements en Île-de-France avec du matériel fiable et performant. Contactez-nous pour une location sur-mesure dans le Val-d'Oise (95) ou l'Essonne (91) !";4.17;5;;;Non;0;Oui;set-de-connecteurs-structure-aluminium-carree-p30;Set Connecteurs Structure Alu P30 - Location Événementielle ;Louez le set de connecteurs pour structure aluminium carrée P30, robuste et fiable, idéal pour vos événements en Île-de-France et partout en France.  ;Set de connecteurs, Structure aluminium carrée P30, Location structure, Accessoires structure, Événementiel, Technique, Installation scène, Régie son et lumière, Paris, Île-de-France, Location événementielle France, Beamz Professional, ESIL-events, Location matériel événementiel;;24/04/2025
646e8310-afc3-4ec6-8a5b-3efd551390ef;Shure SM57 - Micro Dynamique Filaire pour Chant et Instrument ;Shure SM57 - Micro Dynamique Filaire pour Chant et Instrument ;technique;sonorisation;micros-et-pieds-de-micros;"**Shure SM57 : Le micro de légende pour des événements inoubliables en Île-de-France !**

Que vous soyez un particulier organisant une soirée karaoké mémorable, un professionnel préparant un séminaire impactant ou une institution programmant un événement d'envergure, le Shure SM57 est le micro dynamique filaire incontournable. Sa directivité cardioïde exceptionnelle isole parfaitement la voix et les instruments, éliminant les bruits parasites pour une qualité sonore irréprochable, même en extérieur. Son format compact (Ø 32 x 157 mm) le rend facile à manipuler.

Robuste et fiable, ce micro standard de l'industrie, avec sa bande passante de 40 Hz à 15 000 Hz, excelle sur guitares, percussions et amplis. Imaginez-le sublimant une performance musicale lors d'un mariage en Seine-et-Marne (77), captant la clarté d'un discours lors d'une conférence dans les Yvelines (78) ou amplifiant l'énergie d'un concert en Seine-Saint-Denis (93). Livré avec pince, adaptateur et trousse, il est prêt à l'emploi.

Combinez-le avec nos systèmes de sonorisation complets et nos consoles de mixage pour une expérience audio immersive en Essonne (91) ou dans le Val-d'Oise (95). N'hésitez pas à contacter ESIL-events pour une location de matériel audio professionnelle et sur-mesure, partout en Île-de-France, du Val-de-Marne (94) aux Hauts-de-Seine (92) en passant par Paris (75).";7.5;9;;;Non;0;Oui;shure-sm57-micro-dynamique-filaire-pour-chant-et-instrument;Shure SM57 Location Paris - Micro Chant & Instrument Pro;Louez le légendaire Shure SM57 à Paris pour un son impeccable ! Qualité pro, directivité parfaite, idéal événements. Location dès 7.5€ HT. Contactez-nous !;Shure SM57 location Paris, micro dynamique filaire événementiel, location micro chant Île-de-France, location micro instrument Paris, micro SM57 professionnel, location matériel son événement, Shure SM57 prix location, location micro voix Paris, location micro conférence Île-de-France, ESIL-events;;28/04/2025
1ed3fe8d-d9ef-4185-b6c5-2a3a6c6b0470;Shure SM58 - Microphone Filaire;Shure SM58 - Microphone Filaire;technique;sonorisation;micros-et-pieds-de-micros;"**Shure SM58 : La légende du son, votre allié pour des événements inoubliables en Île-de-France !**

Louez le Shure SM58, microphone filaire de référence, pour une qualité vocale exceptionnelle lors de vos événements. Sa directivité cardioïde élimine les bruits parasites, garantissant un son clair et précis, que ce soit pour un mariage intimiste dans les Yvelines (78), un séminaire d'entreprise en Seine-Saint-Denis (93) ou une conférence institutionnelle à Paris (75). Idéal pour discours, chants et animations !

Ce micro dynamique robuste, livré avec pince et trousse, offre une réponse en fréquence de 50 Hz à 15 kHz, restituant fidèlement chaque nuance de la voix. Sa fiabilité légendaire en fait le choix idéal pour des performances sans accroc, même dans les conditions les plus exigeantes. Poids plume (298g), dimensions idéales (23 x 162 x 51 mm), il se manipule aisément.

Imaginez... un son parfait pour le discours des mariés, une clarté irréprochable pour les présentations professionnelles, une amplification optimale pour les allocutions officielles. Combinez-le avec nos systèmes de sonorisation professionnels et nos consoles de mixage pour une expérience audio immersive. Envie d'un son d'exception pour votre prochain événement en Île-de-France? Contactez ESIL-events !";8.33;10;;;Non;0;Oui;shure-sm58-microphone-filaire;Location Shure SM58 LC - Micro Filaire Pro (Paris);location microphone filaire Shure SM58 pour une sonorisation impeccable de vos événements professionnels et privés en région parisienne et partout en France;Shure SM58 LC,location  microphone filaire SM 58,location  microphone filaire SM 58 paris, micro événementiel ile de france, sonorisation événement 95, location sonorisation paris , matériel sonorisation yvelines , location matériel événementiel ile de france, location  microphone filaire SM 58 micro chant, micro professionnel, micro voix, matériel de sonorisation pro, événementiel professionnel;;28/04/2025
453f9f97-1a12-4873-88e8-948cde26263a;Sonorisation portable JBL - Eon 206 P ;Sonorisation portable JBL - Eon 206 P ;technique;sonorisation;sono-portable;"**Description du produit ""Sonorisation portable JBL - Eon 206 P""**

**Transformez vos événements en Île-de-France avec un son de qualité professionnelle !**

Le système de sonorisation portable JBL EON206P est la solution idéale pour une ambiance sonore parfaite, que ce soit pour un mariage intime, un séminaire d'entreprise ou une réception institutionnelle en Île-de-France. Compact et facile à transporter (12kg), il offre une puissance de 160W avec un mixeur 6 canaux intégré, garantissant un son clair et dynamique pour vos discours, musiques et animations. Son installation est un jeu d'enfant, parfait pour les événements nomades en région parisienne.

Ce système tout-en-un est conçu pour s'adapter à tous vos besoins. Particuliers, profitez d'une qualité sonore exceptionnelle pour vos fêtes privées dans le 77 ou le 91. Professionnels, assurez des présentations impeccables lors de vos conférences dans le 75 ou le 92. Institutions, offrez une expérience audio optimale pour vos événements publics dans le 93 ou le 94. Avec ses entrées multiples (mono, stéréo, RCA, jack 3,5 mm), le JBL EON206P s'intègre facilement à votre équipement existant.

Imaginez : une soirée dansante réussie grâce à un son puissant et clair, ou une présentation captivante avec une diffusion vocale impeccable. Combinez-le avec nos éclairages d'ambiance et notre sélection de mobilier pour créer une atmosphère inoubliable. Pour vos événements en Île-de-France, optez pour la simplicité et la qualité.";62.5;75;;;Non;0;Oui;sonorisation-portable-jbl-eon-206-p;Location Sonorisation Portable JBL Eon 206P - esil-events.fr;location sonorisation portable JBL Eon 206 puissance 200w pour un son exceptionnel. Idéale pour vos événements  en région parisienne et partout en France. ;Sonorisation portable JBL Eon 206P, location sonorisation paris 75, location enceinte ile de france , sonorisation événementiel, sonorisation conférence, sonorisation DJ, location matériel événementiel, location sonorisation seminaire yvelines, location sonorisation Île-de-France, sonorisation portable, livraison France entière;;24/04/2025
8a75accd-1bd8-45f5-a0f0-156325990c85;Sonorisation portable JBL - Eon 208 ;Eon 208 ;technique;sonorisation;sono-portable;"Le JBL EON208P est un système de sonorisation portable de 300W idéal pour des événements jusqu'à 60 personnes. Il offre un son clair via deux woofers de 8"" et tweeters néodyme, avec mixeur 6 canaux, entrées XLR, jack, RCA et Bluetooth. Léger, compact et robuste, il se transporte facilement et convient aux DJs, artistes live ou conférences.";70.83;85;;;Non;0;Oui;sonorisation-portable-jbl-eon-208;Location Sono Portable JBL Eon 208 paris ;Louez la sono portable JBL Eon 208 pour un son exceptionnel jusqu'à 60 personnes. Idéale pour vos événements en Île-de-France et partout en France. Qualité premium, livraison rapide et service personnalisé. Contactez ESIL-events !;Sonorisation portable JBL Eon 208 paris , location sono portable ile de france, sonorisation événementielle, location sono événement, location matériel sonorisation, location sonorisation Paris, location sonorisation Île-de-France, sonorisation portable professionnelle, sonorisation événementielle haut de gamme, location événementiel France, location sono pour événement, location matériel événementiel;;28/04/2025
94baeed5-20c5-4c2c-9814-25fd870aee9c;Source pour Profilé Découpe LED 200W Blanc Chaud WW;Source pour Profilé Découpe LED 200W Blanc Chaud WW;technique;eclairage;decoupe-et-poursuite;"Le projecteur BTSE200 est une source LED 200W blanc chaud idéale pour l’éclairage pro et événementiel. Sans scintillement, il convient au cinéma et TV. Robuste (aluminium/ABS), il offre un faisceau modulable via obturateur à 4 lames. Compatible avec lentilles 19°, 26° et 36°, il s’adapte à divers besoins en location de matériel d’éclairage.



";50;60;;;Non;0;Oui;source-pour-profile-decoupe-led-200w-blanc-chaud-ww;Location Source Profilé Découpe LED 200W Blanc Chaud - ESIL Events;Louez la Source Profilé Découpe LED 200W Blanc Chaud WW pour un éclairage événementiel premium. Qualité pro, idéal cinéma & TV. Livraison en Île-de-France et partout en France. Demandez un devis!;Source pour Profilé Découpe LED 200W Blanc Chaud WW, projecteur découpe LED, location éclairage événementiel, éclairage professionnel, location lumière événementielle, matériel éclairage scène, location projecteur LED, événementiel Paris, location matériel événementiel Île-de-France, location France entière;Noir;30/04/2025
27a7291d-be80-4c12-ace1-b9102b260229;Spot LED 6W avec faisceau ;Spot LED 6W avec faisceau ;technique;eclairage;projecteur-led;"**Illuminez vos événements en Île-de-France avec précision et élégance.**

Le Spot LED 6W ESIL-events, avec son faisceau étroit de 10°, est l'allié idéal pour créer des ambiances ciblées et percutantes. Que vous soyez un particulier souhaitant sublimer une fête, un professionnel illuminant un stand ou une institution mettant en valeur un espace, ce projecteur LED transforme l'ordinaire en extraordinaire. Imaginez des boules à facettes scintillant de mille feux, des tables de restaurant baignées d'une lumière chaleureuse ou des objets d'art mis en scène avec une précision inégalée.

Doté d'une puissance lumineuse de 800 lx à 1m et d'une température de couleur de 7000K, ce spot offre un éclairage blanc vif et directionnel. Son faible dégagement de chaleur et sa consommation énergétique réduite en font un choix économique et écologique. Facile à installer grâce à son étrier de montage et son câble d'alimentation inclus, il s'intègre parfaitement à tous vos projets. Combinez-le avec nos jeux de lumière et nos solutions de sonorisation pour une expérience immersive complète.

ESIL-events, votre partenaire lumière en Île-de-France, vous propose ce spot LED pour tous vos événements. N'hésitez pas à nous contacter pour une location sur mesure dans le 75, 77, 78, 91, 92, 93, 94 et 95 et découvrez comment illuminer vos événements avec notre expertise.";8.33;10;;;Non;0;Oui;spot-led-6w-avec-faisceau;Spot LED 6W Faisceau  Location Lumière Événementiel IDF;Sublimez vos événements en Île-de-France avec nos Spots LED 6W à faisceau très précis. Location simple et rapide. Illuminez vos soirées dès maintenant;Location spot LED 6W faisceau pour boule à facettes paris 75, location spot LED événementiel Yvelines 78, éclairage événementiel IDF, projecteur LED faisceau étroit, location lumière Paris, location projecteur LED 6W, éclairage ciblé événement, lumière technique événementiel, location matériel éclairage, location spot LED 75;;05/05/2025
f40d0dfd-242c-4fef-84b2-d26b2f2f07ce;Stand DJ Portable DJ BOOTH XL;Stand DJ Portable DJ BOOTH XL;technique;sonorisation;materiel-dj;<p>**Transformez vos événements en Île-de-France avec le DJ BOOTH XL !** Le Stand DJ Portable DJ BOOTH XL d'ESIL-events est la solution idéale pour les DJs exigeants en Île-de-France. Offrez une scène professionnelle et élégante à vos prestations. Sa structure robuste en acier supporte jusqu'à 60 kg, garantissant la sécurité de votre matériel. Les lycras noir et blanc inclus s'adaptent à toutes les ambiances, des mariages intimes aux événements d'entreprise dynamiques en région parisienne. Facile à transporter et à installer, ce stand DJ s'adapte à tous vos besoins, que ce soit pour une soirée privée dans le 78, un séminaire dans le 92 ou un événement institutionnel à Paris. Personnalisez-le avec un éclairage LED pour un impact visuel maximal. Dimensions intérieures : 120 x 140 cm. Poids total : 23 kg. Pour une expérience sonore et visuelle complète, combinez le DJ BOOTH XL avec nos jeux de lumière et nos systèmes de sonorisation haut de gamme. Impressionnez vos invités dans le 91, le 93 ou le 94 et créez des souvenirs inoubliables. Contactez ESIL-events pour la location de votre DJ BOOTH XL en Île-de-France !</p>;45.83;55;;;Non;0;Oui;stand-dj-portable-dj-booth-xl;Location cabine DJ Portable XL pour DJ  Île-de-France ;location grande cabine pour les dj ,facile à installer .A louer sur la région parisienne à Mantes la ville proche Paris 75. A louer chez esil-events 78 .;location Stand DJ Portable DJ BOOTH XL, Location stand DJ événementiel Île-de-France, location DJ Booth XL Paris, Location matériel DJ professionnel 75, Sonorisation événementielle IDF, Stand DJ mariage Paris, Location stand DJ mobile, location cabine DJ booth pliable ,;;05/05/2025
f095e134-dae7-4819-be64-8d5a0fc5a64d;Stroboscope LED;BS960;technique;eclairage;stroboscope-led;"**Stroboscope LED BS960 : Illuminez vos événements en Île-de-France !**

Boostez l'énergie de vos soirées avec le stroboscope LED BS960 d'ESIL-events. Que ce soit pour un mariage inoubliable dans le 77, un séminaire dynamique dans le 92 ou un événement institutionnel percutant à Paris (75), ses 960 LEDs ultra-lumineuses transforment l'ambiance. Son contrôle DMX (4, 11, 32, 39 canaux) offre une personnalisation sans limite, tandis que les modes automatiques simplifient son utilisation.

Compact (450 x 75 x 240mm) et léger (3,70kg), le BS960 s'intègre facilement. Imaginez l'effet combiné à nos machines à fumée pour un rendu spectaculaire ! Parfait pour les professionnels de l'événementiel dans le 93, les particuliers en Seine-et-Marne ou les institutions dans le 91. Classe de protection IP20. Angle de faisceau 44° x 61°.

Envie d'effets stroboscopiques uniques ? Contactez ESIL-events pour la location du stroboscope LED BS960 et illuminez vos événements en Île-de-France (78, 94, 95) !";37.5;45;;;Non;6;Oui;stroboscope-led;Location Stroboscope LED BS960 Paris - Événementiel Pro;Illuminez vos soirées en Île-de-France avec le stroboscope LED BS960 d'ESIL-events! Effets spectaculaires garantis. Location premium dès 37.5€ HT. Contactez-nou;location stroboscope LED Paris, stroboscope LED événementiel Île-de-France, location lumière événementielle 75, location matériel éclairage scène, stroboscope DMX location Yvelines 78, location stroboscope professionnel, éclairage événementiel location IDF , BS960 stroboscope LED, effet lumière stroboscopique, location stroboscope mariage;;28/05/2025
ec5c004e-25e2-4d6c-8451-b875f28a4fbd;Structure aluminium carrée, 0,5 m, noire - P30-L050 ;Structure aluminium carrée, 0,5 m, noire ;technique;structure;structure-alu;"**Donnez de la hauteur à vos événements en Île-de-France avec la structure alu noire ESIL !**

Cette structure aluminium carrée de 0,5m, finition noire mate, est l'élément clé pour une scénographie impeccable. Sa légèreté (3,4 kg) et son montage aisé en font un atout pour tous vos événements, du mariage intimiste en Seine-et-Marne (77) au séminaire d'entreprise dans les Hauts-de-Seine (92), en passant par une installation artistique à Paris (75).

Conçue pour les professionnels et les particuliers exigeants, elle offre une base solide et esthétique pour vos éclairages, signalétiques ou décorations. Imaginez-la combinée à nos projecteurs LED pour un jeu de lumière sophistiqué lors d'une soirée dans le Val-d'Oise (95), ou utilisée comme support pour une arche florale lors d'un mariage champêtre en Essonne (91). Sa fabrication européenne certifiée TÜV garantit une sécurité optimale.

Besoin d'aide pour concevoir votre installation ? L'équipe ESIL-events vous accompagne dans la création d'événements inoubliables en Île-de-France. Contactez-nous pour une location sur mesure, que ce soit en Seine-Saint-Denis (93), dans le Val-de-Marne (94) ou dans les Yvelines (78).";7;8.4;;;Non;0;Oui;structure-aluminium-carree-05-m-noire-p30-l050;Structure Alu Noire 0,5m Paris | Location Événementie;Sublimez vos événements en Île-de-France avec notre structure alu noire premium (0,5m). Location sécurisée, montage facile. Demandez un devis personnalisé !;structure aluminium carrée noire Paris, location structure alu événementiel Île-de-France, structure alu 0.5m noire P30-L050, location structure evenementielle technique, installation structure alu noire, structure pour événement corporate, structure alu mariage Paris, location structure alu noire 92, structure alu noire beamz professional, location structure evenementielle 77;;24/04/2025
8eaa9c08-9df9-4fe3-a8cd-13ba8942d462;Structure aluminium carrée, 1 m, noire - P30-L100 ;Structure aluminium carrée, 1 m, noire - P30-L100 ;technique;structure;structure-alu;"**Structure Aluminium Noire 1m – L'Élégance et la Fiabilité pour Vos Événements en Île-de-France**

Sublimez vos événements en Île-de-France avec cette structure aluminium noire d'1m, référence P30-L100. Son revêtement noir, appliqué par pulvérisation, offre une esthétique moderne et professionnelle, idéale pour les mariages intimistes, les séminaires d'entreprise ou les installations institutionnelles prestigieuses. Sa conception européenne certifiée TÜV garantit une sécurité optimale pour tous vos projets scéniques en région parisienne.

Facile à assembler et légère, cette structure optimise la logistique de vos événements dans le 77, 78 ou le 91. Imaginez-la comme support pour des éclairages sophistiqués lors d'un mariage, ou comme base pour une signalétique impactante lors d'un salon professionnel. Compatible avec le système de couplage P30, elle s'intègre parfaitement à nos autres solutions, comme nos projecteurs et nos systèmes son, pour une expérience immersive.

Avec ESIL-events, simplifiez l'organisation de vos événements dans le 92, 93, 94 et 95. Cette structure est un élément clé pour des installations personnalisées. Son alliage EN-AW 6082 T6, ses tubes principaux (51 x 2mm) et ses renforts (16 x 2mm) assurent une robustesse à toute épreuve. Contactez-nous pour une location sur mesure et donnez vie à vos projets événementiels en Île-de-France !";7.5;9;;;Non;0;Oui;structure-aluminium-carree-1-m-noire-p30-l100;Structure Alu Noire 1m Paris - Location Événementiel Premium;Élégance noire pour vos événements en Île-de-France! Louez notre structure aluminium carrée 1m (P30-L100). Sécurité TÜV, design premium. Devis gratuit!;structure aluminium carrée noire 1m, location structure alu événementiel Paris, structure alu P30-L100, location structure noire Ile-de-France, structure evenementielle, location materiel technique, structure alu mariage, structure alu séminaire, location structure evenementielle 77 78 91 92 93 94 95;;24/04/2025
5f306e13-ce61-4fab-8d7e-d54130635454;Structure aluminium carrée, 1,5 m, noire - P30-L150 ;Structure aluminium carrée, 1,5 m, noire - P30-L150 ;technique;structure;structure-alu;"**Sublimez vos événements en Île-de-France avec l'élégance discrète de la structure aluminium noire !**

La structure aluminium carrée (1,5m) P30-L150 d'ESIL-events, c'est l'assurance d'une installation scénique impeccable. Son design noir professionnel et sa robustesse certifiée TÜV en font un allié de choix pour les particuliers organisant une réception mémorable, les professionnels préparant un salon ou les institutions orchestrant un événement d'envergure en Île-de-France.

Légère (7,9 kg) et facile à assembler grâce à sa compatibilité P30, cette structure fabriquée en Europe optimise votre logistique. Imaginez-la pour un éclairage sophistiqué lors d'un mariage en Seine-et-Marne (77), ou pour délimiter un espace VIP lors d'un séminaire dans les Yvelines (78). Ses dimensions (1500x290x290mm) et ses renforts (16x2mm) garantissent une stabilité parfaite.

Combinez-la avec nos projecteurs et nos jeux de lumière pour un impact visuel maximal. Envie d'une ambiance unique pour votre événement en Île-de-France? Contactez ESIL-events pour une location sur-mesure et faites de votre projet un succès !";9.5;11.4;;;Non;0;Oui;structure-aluminium-carree-15-m-noire-p30-l150;Structure Alu Noire 1.5m - Location Événementiel Paris;Sublimez vos événements ! Location structure aluminium carrée noire 1.5m P30-L150 à Paris et IDF. Robuste, élégante, facile à installer. Devis gratuit !;structure aluminium carrée noire, location structure alu 1.5m, location structure événementielle Paris, structure P30-L150, structure alu noire événement, structure aluminium noire Île-de-France, location matériel scénique Paris, structure événementielle professionnelle, installation structure aluminium, structure alu mariage;;24/04/2025
15138203-a67e-433c-913f-27545dbdac42;Structure aluminium carrée, 2 m, noire - P30-L200 ;Structure aluminium carrée, 2 m, noire - P30-L200;technique;structure;structure-alu;"**Transformez Vos Événements en Spectacles Époustouflants avec ESIL-events en Île-de-France !**

Sublimez votre événement avec notre structure aluminium noire P30-L200 ! Parfaite pour les professionnels de l'événementiel, les organisateurs de mariages en Île-de-France, ou les institutions cherchant à impressionner, cette structure carrée de 2 mètres allie esthétique et robustesse. Sa finition noire élégante apporte une touche de sophistication à vos stands, scènes ou décors lumineux.

Fabriquée en Europe et certifiée TÜV, cette structure Beamz Professional garantit une sécurité optimale (renforts 16 x 2mm, poids 14,5kg) pour tous vos événements en Île-de-France (75, 77, 78, 91, 92, 93, 94, 95). Imaginez-la comme support d'éclairage pour une ambiance féérique ou combinée avec nos systèmes de sonorisation ESIL pour un rendu impeccable. (Système de couplage P30 non inclus).

Besoin d'une installation modulable et fiable pour un salon, un séminaire, ou une réception privée ? Contactez ESIL-events pour une location sur mesure et faites de votre événement un moment inoubliable en Île-de-France !";14.17;17;;;Non;0;Oui;structure-aluminium-carree-2-m-noire-p30-l200;Location Structure Aluminium Noire 2m Île-de-France | ESIL;Sublimez vos événements ! Location structure aluminium noire 2m (P30-L200) en Île-de-France. Qualité pro, installation facile. Devis rapide. Contactez ESIL-Even;location structure aluminium carrée 2m noire, structure alu événementiel Île-de-France, structure P30-L200 location, location structure scène Paris, structure technique événementielle, location matériel événementiel professionnel, structure alu noire mariage, ESIL Events, location structure événementielle 75, location structure alu 92;;24/04/2025
8cdb7bb8-63a3-4fef-8846-cad252af7ad3;Structure aluminium carrée, 3 m, noire - P30-L300 ;Structure aluminium carrée, 3 m, noire - P30-L300 ;technique;structure;structure-alu;"**Transformez vos événements en spectacles lumineux avec la structure alu noire ESIL-events en Île-de-France!**

Cette structure aluminium carrée de 3 mètres, signée Beamz Professional, est la solution idéale pour sublimer vos événements. Sa finition noire élégante apporte une touche de modernité et de sophistication, parfaite pour les mariages, séminaires ou événements institutionnels en Île-de-France. Légère (14,5 kg) et robuste grâce à ses renforts de 16 x 2mm, elle assure une installation simple et sécurisée.

Que vous soyez un particulier souhaitant créer une ambiance unique pour votre réception, une entreprise organisant un congrès, ou une institution préparant un événement public, cette structure P30-L300 est votre alliée. Imaginez des éclairages spectaculaires, des projections immersives ou des décors suspendus, le tout parfaitement intégré grâce à sa compatibilité avec le système de couplage P30. Sa fabrication européenne et sa certification TÜV vous garantissent une qualité et une sécurité optimales.

Optimisez l'espace de votre événement en Île-de-France et créez des mises en scène inoubliables en combinant cette structure avec nos projecteurs, systèmes sonores et décors. Besoin d'un éclairage sur mesure pour votre mariage en Seine-et-Marne (77), d'un support solide pour un écran géant dans les Yvelines (78) ou d'une installation lumineuse complexe en Essonne (91)? ESIL-events est là pour vous accompagner. Contactez-nous pour une location réussie en Île-de-France!";20.83;25;;;Non;0;Oui;structure-aluminium-carree-3-m-noire-p30-l300;Structure Alu Noire 3m Événementiel Paris - Location Pro;Sublimez vos événements avec notre structure alu noire 3m! Location premium, installation facile. Séminaires, mariages, Île-de-France. Demandez un devis!;structure aluminium carrée 3m noire P30-L300, location structure alu noire Paris, structure evenementielle ile de france, structure alu mariage, location structure alu evenement, structure aluminium 3m, location structure technique, structure alu beamz professional, location structure alu paris, structure alu noire 3m location;;24/04/2025
30394e20-b5df-496e-9fd3-99668f2a661a;Structure aluminium carrée, jonction 3 départs, 90° - P30-C30 ;Structure aluminium carrée, jonction 3 départs, 90° - P30-C30 ;technique;structure;structure-alu;"**Créez des Structures Événementielles Impeccables en Île-de-France avec ESIL-events !**

Cette structure aluminium carrée, jonction 3 départs à 90° (P30-C30), est la clé pour des montages scéniques sécurisés et esthétiques. Son revêtement noir moderne et sa légèreté facilitent l'installation, idéale pour professionnels de l'événementiel en Île-de-France. Certification TÜV, alliage EN-AW 6082 T6, tubes principaux 51x2mm : elle allie robustesse et design.

Parfaite pour vos événements en Île-de-France, que ce soit pour un mariage féérique, un séminaire d'entreprise percutant ou un événement institutionnel mémorable. Imaginez cette structure intégrée à nos jeux de lumière et à nos systèmes sonores pour une ambiance immersive !

Optimisez vos espaces avec cette solution modulable, compatible P30. Explorez les possibilités infinies offertes par ESIL-events pour vos événements dans le 75, 77, 78, et au-delà. Contactez-nous pour sublimer vos projets en Île-de-France!";15;18;;;Non;1;Oui;structure-aluminium-carree-jonction-3-departs-90-p30-c30;Structure Alu Carrée Événementiel IDF | Location Premium;Créez des événements spectaculaires en Île-de-France ! Structure aluminium carrée P30-C30, robuste et design. Location premium ESIL-events. Devis rapide !;structure aluminium carrée P30 C30, location structure événementielle Paris, structure alu 90 degrés, structure événementielle IDF, location matériel événementiel technique, structure aluminium événement, montage structure alu, location structure aluminium carrée, ESIL-events, structure événementielle professionnelle;;24/04/2025
514746b4-3329-4deb-8476-85a153f44b73;Sub Actif - the box pro TP218/1600 A;the box pro TP218/1600 A;technique;sonorisation;sub;"**Dominez la scène sonore en Île-de-France avec le Sub Actif the box pro TP218/1600 A : L'Expérience Basses Ultime.**

Transformez vos événements, des mariages intimes aux festivals grandioses en Île-de-France, avec ce caisson de basses exceptionnel. Le Sub Actif the box pro TP218/1600 A, disponible chez ESIL-events, délivre une puissance impressionnante de 4500W crête grâce à ses deux haut-parleurs 18"" Bass-Reflex. Imaginez des basses profondes et percutantes, ressenties dans tout le 75, 77, 78, 91, 92, 93, 94 et 95, créant une ambiance électrique et mémorable.

Sa pression acoustique maximale de 136 dB assure une couverture sonore optimale, idéale pour les grandes salles et les événements en extérieur dans toute l'Île-de-France. Facile à manipuler grâce à ses 12 poignées et ses roulettes optionnelles, il s'intègre parfaitement à vos soirées DJ, concerts et séminaires. Amplificateur classe D, dimensions : 1200 x 550 x 680 mm. Poids : 87,5 kg.

Pour une expérience immersive totale, combinez ce sub actif avec nos systèmes de sonorisation haut de gamme et nos jeux de lumière. ESIL-events, votre partenaire événementiel en Île-de-France, vous accompagne pour créer une atmosphère unique. Prêt à faire vibrer vos invités ? Découvrez nos solutions de location sur mesure.";70.83;85;;;Non;4;Oui;sub-actif-the-box-pro-tp2181600-a;Location Sub Actif 2000w  pro -  louer en region parisienne;location chez esil-events sub de 2200 w  avec roulettes située dans les Yvelines proche de paris 75 location de caisson basse pour DJ orchestre, bal ,concert . ;Location Sub Actif the box pro paris 75 ile de France ,Location Sub Actif pour concert ,Location Sub Actif pour fête de la musique, Location Sub Actif pour prestation nouvel AN    ,Location caison basse 2000w paris 75,Location caisson de basse actif ile de france ;;28/05/2025
63ae8af9-71c4-46e6-bc0b-13e3c496c746;"Subwoofer active 18"", 1000 W - PDY218SA";"Subwoofer active 18"", 1000 W - PDY218SA";technique;sonorisation;sub;"**Subwoofer Actif 18"" PDY218SA : Faites Vibrer l'Île-de-France !**

Transformez votre événement en Île-de-France avec notre Subwoofer Actif 18"" PDY218SA. Particuliers, professionnels, institutions : ressentez la puissance de 1000W en Classe D ! Ses basses profondes et son SPL max de 128dB créent une ambiance sonore immersive, idéale pour mariages, séminaires ou événements d'entreprise en région parisienne. Dimensions : 645 x 510 x 620mm. Poids : 34kg.

Imaginez un DJ set électrisant sublimé par des basses percutantes, ou un discours captivant renforcé par une présence sonore incomparable. Parfait pour les événements à Paris (75) ou en Seine-et-Marne (77) ! Combinez-le avec nos jeux de lumière et nos consoles DJ pour une expérience inoubliable. Louez ce subwoofer actif pour un événement mémorable en Île-de-France (91, 92, 93, 94, 95, 78).

ESIL-events, votre partenaire sonore en Île-de-France, vous offre une solution simple et efficace pour des basses qui marquent les esprits. Contactez-nous pour une location adaptée à vos besoins et faites de votre événement un succès retentissant dans toute la région !";50;60;;;Non;10;Oui;subwoofer-active-18-1000-w-pdy218sa;location sub actif  pour concert paris 75 et ile de France .;location caisson de basse de 1000w paris 75, et sur toutes ile de France, location sub pour concert ,bal, mariage, fête de la musique location sub dans le 78.;location caisson de basse actif paris 75, location sub actif 1000w  paris 75, location caisson de basse en ile de France, location sub région parisienne  ;;28/05/2025
c0aa7fc1-fa5f-473f-ac41-e418e1ca7ee3;Support pour Boule à Facettes + Pied;Support pour Boule à Facettes + Pied;technique;eclairage;boule-a-facette;"**Île-de-France, illuminez vos soirées : Support Boule à Facettes par ESIL-events !** Transformez mariages, séminaires et soirées avec une touche disco inoubliable. Robuste et élégant, ce support en acier accueille des boules jusqu'à 40cm, avec moteur intégré (3 tours/minute).

Parfait pour une ambiance festive dans le 78, un séminaire dynamique dans le 92 ou une réception institutionnelle à Paris (75). Facile à installer sur tout pied d'enceinte standard, il se combine idéalement avec nos jeux de lumière.

Imaginez votre mariage en Essonne (91) scintillant de mille feux ! L'assemblage est simple et rapide. Laissez ESIL-events illuminer vos événements en Île-de-France. Contactez-nous pour la location et créez des souvenirs mémorables !";20.83;25;;;Non;0;Oui;support-pour-boule-a-facettes-pied;Support Boule à Facettes avec pied Location Paris  ;Illuminez vos soirées en Île-de-France avec notre support boule à facettes premium ! Stabilité, ambiance disco garantie. Location facile, service pro. Contactez;support boule à facettes location paris, location matériel éclairage événementiel île-de-france, pied pour boule à facettes mariage yvelines 78, location jeux de lumière événementiel, location support boule à facettes paris 75, location matériel de soirée entreprise, animation lumineuse paris, matériel disco professionnel, location lumière mariage ile de france, location boule à facette avec moteur;;05/05/2025
b4f7a7b6-3ed8-4e09-8dfa-09c26ee97a0e;Support TV sur Pied pour Téléviseurs 32-80 Pouces;Support TV sur Pied pour Téléviseurs 32-80 Pouces;technique;video;ecrans-plats;"**Transformez vos événements en Île-de-France avec notre support TV mobile !**

Besoin d'une solution d'affichage flexible pour vos présentations, séminaires ou événements privés en région parisienne? Le support TV sur pied ESIL-events, compatible avec écrans 32-80 pouces, est l'allié idéal. Sa mobilité et sa hauteur réglable (1310 à 1810 mm) garantissent un angle de vision optimal, tandis que son étagère intégrée accueille vos appareils.

Professionnels de Seine-et-Marne (77) ou particuliers des Yvelines (78), profitez d'un affichage stable et sécurisé (jusqu'à 50 kg). Imaginez ce support associé à nos solutions de sonorisation pour un impact maximal lors de vos conférences en Essonne (91) ou dans le Val-d'Oise (95). Son inclinaison ajustable (±15°) s'adapte à toutes les configurations.

Pour une soirée cinéma en famille dans les Hauts-de-Seine (92), un événement d'entreprise en Seine-Saint-Denis (93) ou une réception prestigieuse dans le Val-de-Marne (94), ce support TV mobile apporte une touche de professionnalisme et de praticité. ESIL-events, votre partenaire événementiel de confiance à Paris (75) et dans toute l'Île-de-France. Contactez-nous pour une location simple et rapide!";29.17;35;;;Non;0;Oui;support-tv-sur-pied-pour-televiseurs-32-80-pouces;Support TV sur Pied Location Paris Île-de-France - ESIL;Événementiel pro en Île-de-France? Louez notre support TV sur pied 32-80 pouces. Mobilité, hauteur réglable, et installation facile. Demandez un devis!;location support tv sur pied paris, support tv mobile événementiel île-de-france, location écran sur pied 32 pouces, support tv réglable location, location matériel vidéo événementiel, location support écran plat 65 pouces paris, support tv professionnel location, esil events;;06/05/2025
7b4bba1f-f875-4006-9770-4986ad6079aa;Système Microphone Sans Fil UHF ;Système Microphone Sans Fil UHF ;technique;sonorisation;micros-et-pieds-de-micros;"**Sonorisez vos événements en Île-de-France avec une clarté inégalée !**

Le Système Microphone Sans Fil UHF d'ESIL-events, c'est la garantie d'un son professionnel et sans interférences pour tous vos événements en Île-de-France. Mariages, conférences, spectacles… Offrez une qualité audio exceptionnelle avec une portée jusqu'à 300m et une utilisation simultanée de 40 émetteurs. Sa large bande passante et ses 6000 fréquences sélectionnables assurent une performance optimale, même dans les environnements les plus exigeants. Idéal pour les professionnels et les institutions en 75, 77, 78, 91, 92, 93, 94, 95.

Ce système inclut 2 micros main, un récepteur double True Diversity, et tout le nécessaire pour une installation facile. Profitez d'une autonomie de batterie allant jusqu'à 14 heures et d'une transmission fiable pour des discours percutants ou des performances artistiques mémorables. Combine-le avec nos éclairages scéniques et nos pupitres de conférence pour un rendu impeccable.

Pour une sonorisation impeccable de vos événements en Île-de-France, optez pour la qualité ESIL-events. Contactez-nous pour une location sur mesure !";66.67;80;;;Non;0;Oui;systeme-microphone-sans-fil-uhf;location double micros HF Pro paris 75;Sonorisez vos événements avec clarté ! Location micro HF UHF professionnel en Île-de-France. Portée 300m. Qualité garantie. Contactez ESIL-events dès aujourd'hu;Système Microphone Sans Fil UHF location, Micro HF location Paris, Location micro événementiel Île-de-France, Sonorisation événementielle professionnelle, Micro sans fil UHF longue portée, Location micro mariage Paris, Micro conférence UHF, Système micro HF 2 micros, Location matériel son Île-de-France, ESIL-events location micro;;30/04/2025
1ae2aa2b-4c80-46f3-896c-a234b1ad6a83;Système Son Actif TERMINATOR - 4000W ;TERMINATOR;technique;sonorisation;systeme-son;"**Domptez le Son en Île-de-France : Système TERMINATOR 4000W !**

Particuliers, professionnels, institutions : transformez vos événements en expériences sonores inoubliables avec le système TERMINATOR. 4000W de puissance brute délivrés par 2 enceintes Opera Reevo 212 et 2 sub PDY218SA 18"". Clarté exceptionnelle pour conférences, concerts ou soirées endiablées en région parisienne.

L'expertise ESIL-events sublime l'Opera Reevo 212 pour un son immersif. Imaginez des basses profondes et des aigus cristallins, parfaits pour un mariage en Seine-et-Marne (77), un séminaire dans les Yvelines (78) ou un événement institutionnel à Paris (75). Compact et puissant, il s'intègre partout.

Amplifiez l'impact de vos événements dans le 91, 92, 93, 94 et 95. Combinez le TERMINATOR avec nos éclairages et mobilier pour une ambiance unique. Contactez ESIL-events, votre créateur d'événements inoubliables en Île-de-France, pour une location sur-mesure.";165.83;199;;;Non;0;Oui;systeme-son-actif-terminator-4000w;Location Système Sonorisation TERMINATOR 4000W  IDF;"location système de sonorisation 4000w sur la région parisienne pour les DJS , les orchestres, concerts , mariages, anniversaire , feux d'artifices,bals .
";location système son Paris, système son actif 4000W, location événementiel Île-de-France, sonorisation événementielle pro, location enceinte Opera Reevo 212, location sub PDY218SA, sonorisation mariage Paris, location sonorisation pour séminaire IDF, système son puissant location,Location enceintes sonorisation paris 75,Agence évenementielle paris 75,Agence évenementiel paris 75,Agence évenementiel IDF,Agence évenementiel en France,location enceintes puissante paris 75;;28/05/2025
af4d6193-3a3f-41c7-8d55-8606ae76bf2f;Système Son Actif XTREM - 6000W;XTREM;technique;sonorisation;systeme-son;"**Système Son XTREM : L'excellence sonore ESIL-events en Île-de-France !**

Transformez vos événements en expériences immersives avec le Système Son XTREM. Ses 6000W de puissance, grâce aux 2 enceintes Opera Reevo 212 et 4 subwoofers 18"", garantissent un son exceptionnel pour vos mariages, séminaires ou soirées. Que vous soyez un particulier, une entreprise ou une institution en Île-de-France, profitez d'une qualité audio inégalée.

L'Opera Reevo 212, fleuron DB Technologies, offre une clarté impressionnante. Imaginez ce système combiné à nos jeux de lumière pour sublimer vos événements en Seine-et-Marne (77) ou dans les Yvelines (78). Compact et puissant, le Système Son XTREM s'adapte à tous vos besoins en région parisienne.

Pour un mariage mémorable, une conférence impactante ou une soirée d'entreprise réussie dans le Val-d'Oise (95), associez le Système Son XTREM à nos services de régie et d'animation. Contactez ESIL-events, votre partenaire événementiel de confiance en Île-de-France et donnons vie à vos projets !";215.83;259;;;Non;0;Oui;systeme-son-actif-xtrem-6000w;Location Système de Sonorisation  Actif 6000W IDF et France;Location pour vos événements un système de sonorisation de 6000W à Paris et en Île-de-France et France pour Mariages, séminaires, soirées entreprise Bal concert;système de sonorisation actif xtrem 6000w IDF, location système son paris 75, location système son île-de-france, location matériel sonorisation événementiel, sonorisation mariage paris, sonorisation soirée entreprise île-de-france, location enceinte active paris, location subwoofers événementiel, location sono événementiel paris,Location sono puissante IDF,Agence événementiel Paris 75,Agence événementielle Paris 75,Agence événementiel pour entreprise IDF,Agence événementiel Versailles 78;;28/05/2025
bf20e056-c6bc-413c-9104-4cec8f2be6f5;Table de mixage 2 canaux, USB/MP3 - STM-2300 VONYX;STM-2300;technique;sonorisation;tables-de-mixage-et-platines;"**Description optimisée pour ESIL-events (Île-de-France):**

**Maîtrisez l'ambiance sonore de vos événements en Île-de-France avec la table de mixage Vonyx STM-2300 !** Compacte et performante, elle offre une connectivité USB/MP3 idéale pour DJs, discours, ou ambiance musicale.

Cette table 2 canaux, référence STM-2300, garantit un son clair (THD <0.02%) grâce à sa réponse fréquentielle étendue (50-20.000 Hz). Parfaite pour mariages en Seine-et-Marne (77), séminaires dans les Yvelines (78) ou événements institutionnels à Paris (75), elle s'intègre à nos systèmes sonores et jeux de lumière pour une ambiance inoubliable. Dimensions: 178x238x100mm, poids: 2.25kg.

Imaginez-la combinée à nos enceintes amplifiées pour une diffusion optimale lors de vos événements dans le Val-d'Oise (95), l'Essonne (91), les Hauts-de-Seine (92), la Seine-Saint-Denis (93) ou le Val-de-Marne (94). Créez l'atmosphère parfaite !

Confiez votre régie son à ESIL-events en Île-de-France. Contactez-nous pour une location sur-mesure et sublimez votre événement.";25;30;;;Non;0;Oui;table-de-mixage-2-canaux-usbmp3-stm-2300-vonyx;Location Table Mixage VONYX STM-2300 - ile de france; location table de mixage 2 canaux Vonyx STM-2300! USB/MP3, idéale pour DJ sets et sonorisation événementielle. en Île-de-France et partout en France. ;location Table de mixage 2 canaux paris , Vonyx STM-2300, location table de mixage yvelines, sonorisation événementielle ile de france, matériel DJ yvelines, location matériel événementiel, sonorisation professionnelle,location Table de mixage 2 canaux pour dj,location Table de mixage 2 canaux pour mariage 78,location Table de mixage 2 canaux pour anniversaire 78;;28/05/2025
05342580-1edd-4612-9895-e83f2383a262;Table de Mixage DJ 4 Canaux avec USB ;Table de Mixage DJ 4 Canaux avec USB ;technique;sonorisation;tables-de-mixage-et-platines;"**Domptez le Son de vos Événements en Île-de-France avec la Table de Mixage DJ SkyTec STM-7010!**

Que vous soyez DJ amateur animant une soirée privée, professionnel orchestrant un événement d'entreprise, ou institution organisant un spectacle en Île-de-France, la table de mixage SkyTec STM-7010 est votre alliée. Ses 4 canaux, son interface USB et son égaliseur 3 bandes vous offrent un contrôle précis sur votre son. Mixez, enregistrez et pré-écoutez avec une facilité déconcertante. Parfaite pour des événements réussis dans tout le 75, 77, 78, et au-delà!

Cette table de mixage robuste et ergonomique s'intègre facilement à votre installation grâce à ses multiples connectiques (RCA, XLR, Jack). Ses entrées micro avec fonction Talkover en font un outil idéal pour des annonces claires et percutantes. Imaginez-la combinée à nos jeux de lumière et nos enceintes amplifiées pour une ambiance inoubliable dans le 91, 92, 93, 94 et 95.

Besoin d'une sonorisation impeccable pour votre prochain événement en Île-de-France? Contactez ESIL-events pour la location de la SkyTec STM-7010 et bien d'autres équipements de pointe.";37.5;45;;;Non;0;Oui;table-de-mixage-dj-4-canaux-avec-usb; Table Mixage DJ SkyTec STM-7010  paris et region parisienne;location table de mixage SkyTec STM-7010 pour un son exceptionnel ! Idéale pour vos événements en région parisienne et partout en France pour les djs les pubs.;SkyTec STM-7010, location table de mixage DJ, location table de mixage paris , sonorisation événementiel,  location table de mixage matériel DJ 75, événementiel professionnel yvelines, location sonorisation Paris, location matériel événementiel,location table de mixage DJ paris,location table de mixage DJ yvelines ,location table de mixage pour mariages,location table de mixage DJ pour anniversaire yvelines;;28/04/2025
cc8d2fad-8908-4b12-ba56-f82751d36cb2;Table de Mixage Midas DM12;Table de Mixage Midas;technique;sonorisation;tables-de-mixage-et-platines;"Maîtrisez l'art du son avec la Midas DM12, disponible en Île-de-France.

La table de mixage Midas DM12 est votre alliée pour un son impeccable lors de vos événements en Île-de-France. Que vous soyez un particulier organisant une fête, un professionnel préparant un séminaire ou une institution planifiant un événement d'envergure, cette console garantit une qualité audio exceptionnelle. Compacte et intuitive, elle s'adapte à toutes les configurations.

Idéale pour mixer des voix, des instruments ou des sources audio diverses, la Midas DM12 offre une grande flexibilité. Imaginez un mariage harmonieux, un discours percutant ou une ambiance musicale immersive, le tout maîtrisé avec précision. Combinez-la avec nos systèmes de sonorisation et nos éclairages pour une expérience inoubliable en région parisienne.

Simplifiez l'organisation de vos événements avec ESIL-events. Contactez-nous pour la location de votre Midas DM12 et bénéficiez de notre expertise en Île-de-France (75, 77, 78, 91, 92, 93, 94, 95).";45.83;55;;;Non;0;Oui;table-de-mixage-midas-dm12;Location Table Mixage analogique Midas DM12  IDF et France ;Son impeccable garanti pour tout vos évènements ,Louez notre console de mixage  analogique Midas DM12 pour vos événements concert ,DJ  en Île-de-France ;location table de mixage Midas DM12 Paris, location table mixage événementiel Île-de-France, location console son professionnelle Paris, table de mixage Midas DM12 location, location matériel son événement Paris, régie son événement Île-de-France, location Midas DM12 75, location matériel audio événementiel yvelines, son événementiel professionnel,location table console de mixage Midas DM12 Paris 75,location table console de mixage Midas DM12 Paris 78;;13/11/2025
cb8da7df-a3b4-4132-9655-129eab6bbb54;Trépied de table pour microphone;Trépied de table pour microphone;technique;sonorisation;micros-et-pieds-de-micros;"**Le son parfait, partout en Île-de-France : Location trépied micro ESIL-events**

Besoin d'un son impeccable pour vos événements en Île-de-France ? Notre trépied de table pour microphone offre une stabilité inégalée et une réduction optimale des vibrations. Sa flèche variable garantit un positionnement précis, idéal pour les professionnels du son, les particuliers organisant des événements et les institutions nécessitant une solution audio fiable.

Compact et pratique (hauteur ajustable de 35.5 cm à 55 cm), ce trépied est parfait pour les studios, les conférences, les mariages intimistes ou les discours officiels. Imaginez un son clair et net lors de votre séminaire en Seine-et-Marne (77), ou une captation audio impeccable pour votre podcast en Essonne (91). Associez-le à nos micros filaires et à notre service de régie son pour une expérience audio complète.

Louez dès maintenant ce trépied de table pour micro chez ESIL-events et assurez-vous un son professionnel pour tous vos événements en Île-de-France !";4.17;5;;;Non;0;Oui;trepied-de-table-pour-microphone;Location pieds Micro de Table Pro esil-events.fr;location pieds de table pour microphone professionnel. Stabilité et précision pour vos événements et studios. Location sonorisation premium en Île-de france.;Trépied de table pour microphone, location pied micro de table paris , sonorisation événementielle, matériel audio professionnel, location matériel événementiel, trépied micro studio,location pied micro de table pour séminaire paris ,location pied micro de table pour séminaire 75,location pied micro de table pour séminaire ile de france,location pied micro de table pour conference paris ,location pied micro de table pour conference ile de france;;24/04/2025
3377cb55-8907-4327-8334-0b9175a740fe;Tube LED AMSTRAD GAMERTUBE 130 cm ;Tube LED AMSTRAD GAMERTUBE 130 cm ;technique;eclairage;tube-led;"**Transformez vos événements en Île-de-France avec le Tube LED Amstrad Gamertube 130 cm !**

Illuminez mariages, soirées d'entreprise ou espaces gaming avec ce tube LED RVB unique. Ses 72 LEDs offrent plus de 100 combinaisons de couleurs et d'intensité, créant une ambiance personnalisée et immersive. Imaginez une synchronisation parfaite avec la musique pour une soirée inoubliable en Seine-et-Marne (77) ou un éclairage doux pour un séminaire réussi dans les Yvelines (78).

Facile à installer (base, supports muraux inclus), ce tube LED de 12W se connecte via USB-C. Idéal pour particuliers, professionnels et institutions cherchant un éclairage modulable et moderne. Combinez-le avec nos projecteurs et notre service de régie son & lumière pour un événement clé en main en région parisienne.

Créez l'événement parfait en Essonne (91) ou dans les Hauts-de-Seine (92) ! Contactez ESIL-events pour une location de tubes LED et bien plus encore en Île-de-France.";6.67;8;;;Non;0;Oui;tube-led-amstrad-gamertube-130-cm;Location Tube LED  - Location Événementiel Paris IDF ;Illuminez vos événements en Île-de-France avec le tube LED Amstrad Gamertube. Ambiance personnalisée garantie ! Location simple et rapide. Contactez-nous !;tube LED Amstrad Gamertube, location tube LED événementiel Paris, éclairage événementiel Île-de-France, location lumière ambiance, location matériel lumière, animation lumineuse événement, Gamertube location, éclairage soirée entreprise, location tube LED RGB, location éclairage mariage;;02/05/2025
6ebd140a-01be-45b9-a978-39e70b2e7bf6;Tube LED sur batterie ;ZELOS;technique;eclairage;tube-led;"**Illuminez vos événements en Île-de-France avec le Tube LED ZELOS !**

Le ZELOS transforme vos espaces ! Particuliers, professionnels, institutions, créez une ambiance spectaculaire avec ce tube LED sur batterie, idéal pour mariages, séminaires, événements corporate en Île-de-France. Ses 192 LEDs RGB-CW/WW offrent un mixage de couleurs exceptionnel à 360°. Sa conception IP65 garantit un impact visuel saisissant, en intérieur comme en extérieur.

Ce tube LED est simple à utiliser. Son autonomie sur batterie (7h de charge) et son contrôle via application Wi-Fi iOS/Android vous offrent une liberté totale. Sublimer une allée lors d'un mariage en Seine-et-Marne (77), accentuer une scène en Essonne (91), créer des effets spéciaux dynamiques dans les Hauts-de-Seine (92)… Combinez-le à notre régie son & lumière pour une expérience complète.

Avec son WDMX intégré et sa compatibilité EazyLink, le ZELOS s'intègre à vos installations existantes. Ses 68 programmes automatiques et son boîtier résistant aux intempéries simplifient son utilisation. Dimensions : 65 x 65 x 1440mm. Contactez ESIL-events pour illuminer vos événements en région parisienne (75, 78, 93, 94, 95) !";37.5;45;;;Non;0;Oui;tube-led-sur-batterie;Location Tube LED sur Batterie ZELOS Location Lumière IDF;Illuminez vos événements en Île-de-France avec le tube LED ZELOS ! Location premium pour mariages, soirées d'entreprise. Autonomie 7h. Demandez un devis personn;tube LED sur batterie location Paris, location Tubes Led lumière événementiel Île-de-France, éclairage événementiel Paris, location tube LED RGBW Yvelines 78, location matériel éclairage événementiel IDF, tube LED sans fil événement Ile-de-France, location tubes Led lumière mariage IDF, régie lumière événementiel paris;;28/05/2025
d74c2058-195e-4487-a1e1-686b13304465;Tube LED sur batterie  ;ZELOS-;technique;eclairage;projecteur-sur-batterie;"**ZELOS : Illuminez vos événements en Île-de-France avec une touche de magie !** Transformez chaque occasion, du mariage intime au séminaire d'entreprise, grâce au tube LED ZELOS. Ce projecteur sur batterie, avec ses 192 LEDs RGB-CW/WW et son mixage de couleurs à 360°, sublime vos espaces intérieurs et extérieurs. Son boîtier IP65 résiste aux intempéries, idéal pour illuminer une allée en Seine-et-Marne (77) ou dynamiser une scène en Essonne (91).

Professionnels et institutions, impressionnez vos invités avec des effets lumineux personnalisés grâce à l'application Wi-Fi iOS/Android et ses 68 programmes automatiques. Intégrez facilement le ZELOS à vos installations avec son WDMX intégré et sa compatibilité EazyLink. Sa batterie offre 7h d'autonomie, parfait pour des événements inoubliables dans les Hauts-de-Seine (92) ou à Paris (75).

Imaginez une ambiance féérique pour votre mariage, soulignée par des ZELOS disposés avec nos nappes lumineuses. Ou un éclairage dynamique pour votre événement corporate, combiné à nos jeux de lumière pour un impact visuel maximal. Dimensions : 65 x 65 x 1440mm. Contactez ESIL-events et illuminez votre prochain événement en Île-de-France (78, 93, 94, 95) !";37.5;45;;;Non;0;Oui;tube-led-sur-batterie-1;Location Tube LED sur Batterie ZELOS Location Lumière IDF;Illuminez vos événements en Île-de-France avec le tube LED ZELOS ! Location premium pour mariages, soirées d'entreprise. Autonomie 7h. Demandez un devis personn;tube LED sur batterie location Paris, location Tubes Led lumière événementiel Île-de-France, éclairage événementiel Paris, location tube LED RGBW Yvelines 78, location matériel éclairage événementiel IDF, tube LED sans fil événement Ile-de-France, location tubes Led lumière mariage IDF, régie lumière événementiel paris;;06/08/2025
3204a33d-4f5c-4cf3-b7a3-291e52cc1beb;TV 40″ Full HD;TV 40″ Full HD;technique;video;ecrans-plats;"**Île-de-France : L'écran qui captive tous vos événements !**

Offrez une clarté visuelle Full HD à vos présentations et soirées. Notre TV 40″ (1080p) transforme chaque événement en Île-de-France. Connectivité HDMI, USB, VGA pour PC, consoles... Impact garanti pour vidéos et présentations.

Imaginez : séminaire percutant, soirée privée réussie, communication institutionnelle claire. Combinez-la avec notre régie son & lumière ESIL pour un événement inoubliable en région parisienne. Installation rapide et assistance technique incluse.

Location flexible pour 75, 77, 78, 91, 92, 93, 94, 95. Design élégant. Optimisez votre événement avec ESIL-events. Contactez-nous pour une location en Île-de-France !";107.5;129;;;Non;0;Oui;tv-40-full-hd;"Location TV 40"" Full HD Paris - Événementiel Pro Île-de-France";"Sublimez vos événements avec notre TV 40"" Full HD ! Impact visuel garanti en Île-de-France. Location professionnelle, installation rapide. Contactez ESIL-events";location tv 40 pouces full hd paris, location ecran plat evenementiel ile-de-france, location materiel video evenementiel 75, location tv full hd pour séminaire 78, location tv pour conférence Yvelines, location tv évènement corporatif ile de France, location ecran plat paris, location ecran plat 40 pouces, location tv pour salon professionnel paris 75, esil events;;06/05/2025
50bc79eb-8656-4147-a5c8-9f57828827f2;TV 65″ Ultra HD 4K;TV 65″ Ultra HD 4K ;technique;video;ecrans-plats;"**TV 65"" 4K : L'immersion visuelle, signée ESIL-events en Île-de-France.**

Offrez à votre événement une dimension spectaculaire avec notre TV 65"" Ultra HD 4K. Sa résolution exceptionnelle transforme présentations professionnelles, mariages intimes ou événements institutionnels en expériences inoubliables. L'installation, assurée par nos experts en Île-de-France, garantit une image parfaite (HDMI, USB).

Imaginez des présentations percutantes pour vos séminaires en Seine-et-Marne (77), des projections de films inoubliables pour vos soirées privées dans les Yvelines (78), ou encore des événements corporate marquants dans les Hauts-de-Seine (92). Sa qualité d'image, quatre fois supérieure à la Full HD, sublime chaque détail.

Optimisez l'impact de votre événement en Île-de-France en combinant cet écran avec nos solutions de régie son et lumière. Contactez ESIL-events pour une location sur mesure et transformez votre vision en réalité.";140.83;169;;;Non;0;Oui;tv-65-ultra-hd-4k;"Location TV 65"" 4K Ultra HD Paris - Événementiel ";"Sublimez vos événements en Île-de-France avec la TV 65"" 4K! Qualité d'image exceptionnelle et installation experte. Demandez votre devis gratuit dès aujourd'hui";location tv 65 pouces 4k paris, location écran géant événementiel ile de france, location tv ultra hd 4k 75 paris , location matériel video evenement paris, location tv grand format 4k, location tv 65 pouces  Yvelines , installation tv événementielle Yvelines 78, location écran led événementiel 75, location matériel audiovisuel paris, tv 4k évènement;;06/05/2025
3223766d-c844-4436-bdd9-0679d3335a42;TV 75″ Ultra HD 4K ;TV 75″ Ultra HD 4K;technique;video;ecrans-plats;"**Captivez votre audience en Île-de-France avec l'écran TV 75"" Ultra HD 4K d'ESIL-events !** Une image d'une netteté exceptionnelle pour des événements inoubliables. Son contraste saisissant et sa résolution Ultra HD 4K transforment chaque présentation, séminaire ou soirée privée en une expérience immersive.

Idéal pour les professionnels en quête d'impact, comme pour les particuliers célébrant un mariage, cet écran offre une connectivité optimale (HDMI, USB) et une installation experte. Imaginez-le combiné à notre régie son et lumière pour un spectacle total en Seine-et-Marne (77) ou dans les Yvelines (78).

Que vous organisiez un événement d'entreprise dans le 92 ou une projection privée dans le 94, notre assistance technique dédiée garantit un déroulement parfait. Location flexible en Île-de-France. Contactez ESIL-events pour une expérience visuelle sans compromis !";274.17;329;;;Non;0;Oui;tv-75-ultra-hd-4k;"Location TV 75"" 4K Ultra HD Paris - Événementiel ";"Éblouissez vos invités avec notre TV 75"" 4K Ultra HD ! Location premium pour événements en Île-de-France. Qualité d'image inégalée. Contactez-nous pour une expé";location tv 75 pouces 4k paris, location ecran plat evenementiel ile de france, location materiel video evenement paris, location tv ultra hd 4k Yvelines , location ecran 75 pouces paris, location tv evenementiel 75, location tv grand ecran ile de france, location tv soirée privée 78, location vidéo conférence paris 75;;06/05/2025
8b2c1e73-db0a-488b-96ef-f8e2ae73b8b6;Vidéo - projecteur  Ultra courte focale ;Vidéo - projecteur home cinéma VIEWSONIC LS832WU;technique;video;videoprojecteur;"Transformez vos événements en expériences inoubliables avec le vidéo - projecteur ultra courte focale  VIEWSONIC LS832WU, disponible à la location en Île-de-France 

Ce projecteur home cinéma de pointe sublime vos projections, qu'il s'agisse d'un mariage féérique, d'un séminaire percutant ou d'une présentation institutionnelle impeccable. Immergez votre audience dans une qualité d'image exceptionnelle, idéale pour captiver l'attention et créer des souvenirs impérissables.

Parfait pour les professionnels en quête d'impact visuel en Seine-et-Marne (77) ou les particuliers souhaitant un cinéma à domicile en Essonne (91), le VIEWSONIC LS832WU s'intègre harmonieusement à nos écrans de projection et systèmes audio haut de gamme. Imaginez un mariage grandiose dans les Yvelines (78), sublimé par des projections personnalisées !

Le vidéoprojecteur ultra courte focale Viewsonic LS832WU est un modèle DLP de résolution WUXGA (1920 x 1200 pixels) doté d'une source lumineuse laser phosphore dont la durée de vie peut atteindre 30 000 heures. Très lumineux (5000 lumens) et bien contrasté, le Viewsonic LS832WU est parfait pour les applications d'affichage publiques et commerciales. Son rapport de projection de 0,25 permet d'obtenir une image de 100 pouces de diagonale (2,54 m) à seulement 21 cm de distance de l'écran. En plus de sa connectique HDMI, ce projecteur ultra courte focale Viewsonic LS832WU adopte une entrée et une sortie VGA assorties d'une entrée et d'une sortie audio mini-jack


";350;420;;;Non;0;Oui;video-projecteur-ultra-courte-focale;Location Vidéoprojecteur courte focale VIEWSONIC LS832WU;Location vidéoprojecteur ultra courte focale VIEWSONIC LS832WU idéale pour séminaires, présentations vidéo en entreprise conférences. écran max de 5x3 ;location vidéoprojecteur home cinéma VIEWSONIC LS832WU, location vidéoprojecteur événementiel Paris, location vidéoprojecteur ultra courte focale, vidéoprojecteur location Île-de-France, location matériel vidéo événementiel yvelines, location vidéo  projecteur pour séminaire IDF , location vidéo projecteur professionnel Paris,location vidéo projecteur courte focale  pour séminaire IDF ;;02/12/2025
e2eb7da9-4ede-49e0-bd39-162fdbcf4af9;Vidéo Projecteur Epson 3500 Lumens;Vidéo Projecteur Epson 3500 Lumens;technique;video;videoprojecteur;"**Transformez vos événements en Île-de-France avec une projection impeccable !**

Le Vidéoprojecteur Epson 3500 Lumens d'ESIL-events, c'est l'assurance d'une image claire et lumineuse, même en conditions de faible luminosité. Idéal pour vos séminaires, mariages, ou soirées privées en Île-de-France. Sa connectivité HDMI et SVGA le rendent compatible avec tous vos appareils.

Compact et facile à installer, il s'adapte à tous vos espaces. Imaginez un match de foot sur grand écran, un karaoké endiablé ou une présentation percutante. Pour une expérience optimale, combinez-le avec nos écrans cadre disponibles à la location.

En choisissant ESIL-events pour votre location de vidéoprojecteur en Île-de-France, vous optez pour un matériel de qualité professionnelle. Contactez-nous pour illuminer vos événements dans le 75, 77, 78, et au-delà !";70.83;85;;;Non;0;Oui;video-projecteur-epson-3500-lumens;Location Vidéo Projecteur Epson 3500 Lumens  - IDF;Louez chez esil-events se Vidéo Projecteur Epson 3500 Lumens pour séminaires, mariages, soirées entreprise ,anniversaire facile et rapide à installer ;Location Vidéo Projecteur Epson 3500 Lumens, location vidéoprojecteur 75, matériel vidéo paris , location matériel événementiel 78, ESIL Events,Location Vidéo Projecteur Epson 3500 Lumens 78,Location Vidéo Projecteur pour séminaire Epson 3500 Lumens ,Location Vidéo Projecteur Epson 3500 Lumens pour Mariage ;;06/05/2025
f0680f1b-4e7d-4a41-8565-36c4a655aa7c;Vidéo Projecteur LED NoePix Ultra 2 TV 1000 Lumens;Vidéo Projecteur LED NoePix Ultra 2 TV 1000 Lumens;technique;video;videoprojecteur;"**Illuminez vos événements en Île-de-France avec le Vidéo Projecteur LED NoePix Ultra 2 TV !**

Transformez vos événements en moments inoubliables grâce à ce projecteur offrant une qualité d'image exceptionnelle (1920x1080). Parfait pour vos soirées cinéma en plein air, séminaires professionnels ou projections privées, il vous offre une expérience immersive jusqu'à 300cm. Sa connectivité complète (USB, USB-C, Bluetooth, HDMI) le rend compatible avec tous vos appareils.

Imaginez un mariage féérique en Seine-et-Marne (77) avec des projections personnalisées, une présentation corporate percutante dans les Hauts-de-Seine (92) ou une soirée festive dans le Val-de-Marne (94). Sa mise au point manuelle et correction du trapèze garantissent une image nette en toutes circonstances.

Combinez-le avec nos écrans de projection et nos solutions audio pour une expérience audiovisuelle complète, disponible à la location partout en Île-de-France. Contactez ESIL-events pour illuminer votre prochain événement !";79.17;95;;;Non;0;Oui;video-projecteur-led-noepix-ultra-2-tv-1000-lumens;Location IDF Vidéoprojecteur LED NoePix  1000 Lumens  ;Louez le vidéoprojecteur NoePix Ultra  1000 Lumens pour vos événements en Île-de-France. Qualité d'image exceptionnelle pour séminaires, soirées cinéma ;Location Vidéo Projecteur NoePix Ultra 75, location vidéoprojecteur yvelines, location projecteur événementiel paris, location vidéo projecteur LED IDF, Location matériel vidéo événementiel 78, location vidéoprojecteur  pour mariage  Yvelines, location vidéoprojecteur anniversaire 78;;06/05/2025
f2317fd5-1234-493e-84cf-4a4fc91a1326;Vidéo Projecteur Neopix Prime 600 Lumens ;Vidéo Projecteur Neopix Prime 600 Lumens ;technique;video;videoprojecteur;"**Transformez vos événements en Île-de-France avec une projection impeccable !** Le Vidéo Projecteur Neopix Prime 600 lumens est la solution idéale pour des projections nettes et lumineuses, que ce soit pour un mariage intimiste, un séminaire d'entreprise ou une présentation institutionnelle. Sa résolution HD assure un rendu visuel optimal, même en environnement éclairé.

Parfait pour des écrans jusqu'à 3m, il offre une flexibilité d'installation inégalée. Imaginez une soirée cinéma en plein air dans votre jardin en Essonne (91), une présentation percutante dans un espace de coworking à Paris (75) ou une animation originale pour un événement corporate dans les Yvelines (78). Son lecteur multimédia intégré et sa connectivité USB simplifient l'accès à vos contenus.

Le Neopix Prime s'associe idéalement avec nos écrans de projection et nos solutions de sonorisation pour créer une expérience immersive. Facile à installer et à utiliser, il est le partenaire idéal pour tous vos événements en Seine-et-Marne (77), dans le Val-d'Oise (95) et au-delà. Contactez ESIL-events pour une location réussie dans toute l'Île-de-France !";45.84;55.01;;;Non;0;Oui;video-projecteur-neopix-prime-600-lumens;Location Vidéo Projecteur Neopix Prime 600 Lumens ;Location  Vidéo Projecteur Neopix Prime 600 Lumens pour des projections nettes et lumineuses pour des soirée privés pour mariage ou anniversaire en IDF;Location Vidéo Projecteur Neopix Prime 600 Lumens 75, Location vidéo projecteur 78 , Location vidéo projecteur séminaire IDF, Location vidéo projecteur soirée yvelines, Location matériel vidéo , Événementiel technique vidéo 78, Location vidéo projecteur Paris 75;;06/05/2025
a13cf13c-dbdf-4ed4-9f94-43cdf01917ca;"VIO S118R - Subwoofer Actif Bass-Reflex 18"" ";"VIO S118R - Subwoofer Actif Bass-Reflex 18"" ";technique;sonorisation;sub;"Le VIO S118R est un subwoofer actif de 18"" bass-reflex délivrant 3200 W en crête via un ampli Digipro® G4 Classe D avec PFC et SMPS. Sa réponse en fréquence de 32 à 35 Hz assure des basses puissantes. Il intègre RDNet pour un contrôle à distance via Aurora Net, un délai ajustable jusqu’à 62 ms et un préréglage cardioïde pour limiter les basses à l’arrière. Idéal pour concerts, séminaires et grandes installations exigeant des performances audio de haut niveau.avec exigences acoustiques élevées.";62.5;75;;;Non;0;Oui;vio-s118r-subwoofer-actif-bass-reflex-18;Location Subwoofer Actif VIO S118R concert - bal - orchestre;location caisson de basse sur paris 75, et en ile de France, sub de grosse puissance à louer en régions parisienne 78, 95,91, 92 ;location caisson de basse VIO S118R, Subwoofer actif 1600w rms, Location subwoofer paris 75,location Caisson de basse Yvelines 78,  location sub en régions parisienne, location caisson de basse Yvelines 78 ;;28/04/2025